2024-01-01 00:00:00.950 DEBUG [auth] request_id=e8dcfd08 Processed message response in 38ms
2024-01-01 00:00:01.384 WARN [api] request_id=dbdf7732 Failed to process tree: Connection timeout after 5000ms
2024-01-01 00:00:02.032 INFO [scheduler] request_id=479da70b Failed to process stack: Connection timeout after 5000ms
2024-01-01 00:00:03.194 ERROR [api] request_id=0e82ef61 Failed to process debug: Connection timeout after 5000ms
2024-01-01 00:00:04.922 INFO [scheduler] request_id=87988887 Processed config key in 17ms
2024-01-01 00:00:05.494 DEBUG [worker] request_id=3181868b Slow query detected: 532ms for stack_list
2024-01-01 00:00:06.258 DEBUG [cache] request_id=2be810ea Processed message stack in 38ms
2024-01-01 00:00:07.164 INFO [db] request_id=b26f3199 Processed connection map in 3ms
2024-01-01 00:00:08.920 INFO [scheduler] request_id=51ca263f Processed connection stop in 9ms
2024-01-01 00:00:09.404 DEBUG [db] request_id=b1e8f294 Processed status session in 6ms
2024-01-01 00:00:10.416 INFO [worker] request_id=527a3c1e Slow query detected: 108ms for error_size
2024-01-01 00:00:11.311 INFO [api] request_id=0e6c6f31 Slow query detected: 356ms for start_update
2024-01-01 00:00:12.384 INFO [worker] request_id=484a7b83 Processed action set in 12ms
2024-01-01 00:00:13.868 ERROR [worker] request_id=a909bdc4 Processed session debug in 45ms
2024-01-01 00:00:14.565 INFO [db] request_id=ec29e211 Failed to process data: Connection timeout after 5000ms
2024-01-01 00:00:15.438 INFO [auth] request_id=4ac34239 Processed delete create in 24ms
2024-01-01 00:00:16.078 WARN [queue] request_id=27eb7c92 Slow query detected: 654ms for stop_init
2024-01-01 00:00:17.774 WARN [auth] request_id=7de489f7 Processed list status in 47ms
2024-01-01 00:00:18.067 INFO [auth] request_id=05c6f684 Processed map read in 15ms
2024-01-01 00:00:19.992 ERROR [auth] request_id=7026a5b5 Processed total close in 9ms
2024-01-01 00:00:20.521 WARN [db] request_id=cee7d8a6 Processed id length in 4ms
2024-01-01 00:00:21.281 INFO [worker] request_id=d5af8917 Failed to process server: Connection timeout after 5000ms
2024-01-01 00:00:22.715 INFO [queue] request_id=795cfbe0 Failed to process key: Connection timeout after 5000ms
2024-01-01 00:00:23.687 INFO [auth] request_id=c342c328 Processed warning client in 23ms
2024-01-01 00:00:24.676 INFO [auth] request_id=5aaa68fd Processed read info in 13ms
2024-01-01 00:00:25.171 INFO [worker] request_id=d1ec5b54 Processed result name in 35ms
2024-01-01 00:00:26.603 ERROR [scheduler] request_id=8e40147b Slow query detected: 529ms for info_debug
2024-01-01 00:00:27.910 ERROR [scheduler] request_id=5744fec0 Processed node value in 16ms
2024-01-01 00:00:28.661 INFO [cache] request_id=79eec528 Slow query detected: 980ms for buffer_config
2024-01-01 00:00:29.563 INFO [auth] request_id=c9f1dedc Failed to process queue: Connection timeout after 5000ms
2024-01-01 00:00:30.305 INFO [db] request_id=e821a08a Processed session offset in 41ms
2024-01-01 00:00:31.992 WARN [worker] request_id=d2a3c0de Processed node error in 3ms
2024-01-01 00:00:32.394 INFO [db] request_id=be1c7522 Slow query detected: 195ms for config_set
2024-01-01 00:00:33.362 INFO [queue] request_id=7393bd4d Failed to process server: Connection timeout after 5000ms
2024-01-01 00:00:34.102 INFO [queue] request_id=44432496 Processed mode set in 7ms
2024-01-01 00:00:35.012 ERROR [worker] request_id=38995388 Processed data data in 45ms
2024-01-01 00:00:36.149 INFO [auth] request_id=bc17c0c5 Processed node node in 25ms
2024-01-01 00:00:37.752 INFO [api] request_id=04f06a27 Processed response debug in 17ms
2024-01-01 00:00:38.486 INFO [queue] request_id=39433fcd Slow query detected: 867ms for client_session
2024-01-01 00:00:39.286 DEBUG [db] request_id=4dfdcb6a Failed to process request: Connection timeout after 5000ms
2024-01-01 00:00:40.364 INFO [scheduler] request_id=f602d6a4 Processed error action in 2ms
2024-01-01 00:00:41.759 INFO [queue] request_id=5e5f8264 Failed to process id: Connection timeout after 5000ms
2024-01-01 00:00:42.216 DEBUG [worker] request_id=7b140c52 Processed create close in 50ms
2024-01-01 00:00:43.628 DEBUG [db] request_id=dba77abf Processed result buffer in 22ms
2024-01-01 00:00:44.303 INFO [scheduler] request_id=8e9147f3 Processed id total in 12ms
2024-01-01 00:00:45.224 INFO [cache] request_id=12ca51e4 Failed to process length: Connection timeout after 5000ms
2024-01-01 00:00:46.536 INFO [worker] request_id=3a8c2078 Processed error tree in 8ms
2024-01-01 00:00:47.911 INFO [queue] request_id=a13f38fe Failed to process name: Connection timeout after 5000ms
2024-01-01 00:00:48.419 ERROR [worker] request_id=fab00774 Processed node data in 34ms
2024-01-01 00:00:49.876 INFO [worker] request_id=4b25b6ed Processed write warning in 16ms
2024-01-01 00:00:50.216 INFO [api] request_id=5db18a50 Processed warning result in 36ms
2024-01-01 00:00:51.788 ERROR [db] request_id=cc3f1a4b Slow query detected: 855ms for request_response
2024-01-01 00:00:52.978 WARN [queue] request_id=33b04d0b Failed to process trace: Connection timeout after 5000ms
2024-01-01 00:00:53.077 WARN [cache] request_id=6eb3b96c Failed to process message: Connection timeout after 5000ms
2024-01-01 00:00:54.555 WARN [auth] request_id=0ebc8053 Processed mode warning in 42ms
2024-01-01 00:00:55.793 DEBUG [worker] request_id=cc9d9392 Processed open buffer in 47ms
2024-01-01 00:00:56.114 INFO [cache] request_id=2a0d08f6 Processed trace total in 36ms
2024-01-01 00:00:57.487 DEBUG [worker] request_id=24ace03d Processed name delete in 32ms
2024-01-01 00:00:58.314 DEBUG [api] request_id=59736142 Processed value mode in 19ms
2024-01-01 00:00:59.141 INFO [worker] request_id=bad92b9d Processed transaction key in 42ms
2024-01-01 00:01:00.552 INFO [scheduler] request_id=825881b6 Processed data name in 29ms
2024-01-01 00:01:01.958 DEBUG [queue] request_id=982cf038 Slow query detected: 290ms for debug_count
2024-01-01 00:01:02.687 DEBUG [auth] request_id=2e91012d Slow query detected: 853ms for node_read
2024-01-01 00:01:03.395 INFO [db] request_id=1b924415 Failed to process error: Connection timeout after 5000ms
2024-01-01 00:01:04.346 DEBUG [db] request_id=334b6322 Processed count map in 49ms
2024-01-01 00:01:05.593 INFO [auth] request_id=299be1ed Processed debug map in 40ms
2024-01-01 00:01:06.336 INFO [db] request_id=632b33f9 Processed config trace in 47ms
2024-01-01 00:01:07.663 INFO [auth] request_id=9c6d8ba7 Failed to process cache: Connection timeout after 5000ms
2024-01-01 00:01:08.460 INFO [queue] request_id=55ae4021 Processed type cache in 2ms
2024-01-01 00:01:09.958 INFO [auth] request_id=cf2d9a4c Processed update id in 40ms
2024-01-01 00:01:10.590 WARN [worker] request_id=48da351d Slow query detected: 534ms for request_error
2024-01-01 00:01:11.190 DEBUG [auth] request_id=727987eb Failed to process request: Connection timeout after 5000ms
2024-01-01 00:01:12.925 INFO [auth] request_id=06b04bc3 Processed buffer request in 28ms
2024-01-01 00:01:13.334 WARN [db] request_id=e68b97fe Processed action start in 12ms
2024-01-01 00:01:14.793 INFO [scheduler] request_id=6ad5c9cf Slow query detected: 369ms for stop_debug
2024-01-01 00:01:15.477 DEBUG [queue] request_id=e12974cf Slow query detected: 163ms for client_write
2024-01-01 00:01:16.596 DEBUG [auth] request_id=85ce5ca1 Processed message queue in 42ms
2024-01-01 00:01:17.639 ERROR [api] request_id=331e0761 Failed to process write: Connection timeout after 5000ms
2024-01-01 00:01:18.594 INFO [scheduler] request_id=60ab09ce Processed result debug in 15ms
2024-01-01 00:01:19.520 INFO [db] request_id=28186392 Processed info mode in 28ms
2024-01-01 00:01:20.744 ERROR [db] request_id=496448b8 Failed to process key: Connection timeout after 5000ms
2024-01-01 00:01:21.035 INFO [auth] request_id=b3fe4ff6 Failed to process config: Connection timeout after 5000ms
2024-01-01 00:01:22.657 DEBUG [worker] request_id=0c8a3463 Slow query detected: 565ms for action_node
2024-01-01 00:01:23.184 ERROR [worker] request_id=48e61727 Processed set cache in 46ms
2024-01-01 00:01:24.668 WARN [cache] request_id=4764d14c Processed offset status in 9ms
2024-01-01 00:01:25.875 INFO [auth] request_id=ef7987d5 Processed id index in 27ms
2024-01-01 00:01:26.307 INFO [queue] request_id=0e542301 Processed name session in 6ms
2024-01-01 00:01:27.457 INFO [api] request_id=da6b7e28 Processed open size in 14ms
2024-01-01 00:01:28.560 INFO [scheduler] request_id=5f6306a2 Processed total info in 46ms
2024-01-01 00:01:29.859 INFO [db] request_id=5916c660 Processed info delete in 7ms
2024-01-01 00:01:30.936 INFO [worker] request_id=b76861b0 Processed status connection in 49ms
2024-01-01 00:01:31.581 INFO [api] request_id=9fb2f4a1 Processed key name in 3ms
2024-01-01 00:01:32.594 WARN [db] request_id=232a6309 Failed to process node: Connection timeout after 5000ms
2024-01-01 00:01:33.969 INFO [queue] request_id=a8a9ba73 Processed trace type in 40ms
2024-01-01 00:01:34.459 INFO [queue] request_id=96069f62 Slow query detected: 584ms for close_cache
2024-01-01 00:01:35.662 ERROR [cache] request_id=0943b3b0 Processed query type in 22ms
2024-01-01 00:01:36.703 WARN [db] request_id=62f30933 Failed to process index: Connection timeout after 5000ms
2024-01-01 00:01:37.730 INFO [queue] request_id=e6480feb Processed value list in 33ms
2024-01-01 00:01:38.975 ERROR [queue] request_id=7f841f2c Failed to process queue: Connection timeout after 5000ms
2024-01-01 00:01:39.659 INFO [queue] request_id=2b9fa09f Processed message session in 14ms
2024-01-01 00:01:40.927 ERROR [auth] request_id=dc2bc3fd Processed tree node in 30ms
2024-01-01 00:01:41.907 INFO [cache] request_id=41dc8e3b Processed open total in 16ms
2024-01-01 00:01:42.869 INFO [scheduler] request_id=6cc38fdb Failed to process queue: Connection timeout after 5000ms
2024-01-01 00:01:43.782 ERROR [db] request_id=f493aa47 Failed to process transaction: Connection timeout after 5000ms
2024-01-01 00:01:44.976 DEBUG [queue] request_id=b43d20e1 Processed init tree in 31ms
2024-01-01 00:01:45.666 DEBUG [auth] request_id=bf8fd391 Processed query stop in 45ms
2024-01-01 00:01:46.468 INFO [auth] request_id=f4ce925b Slow query detected: 795ms for key_status
2024-01-01 00:01:47.440 INFO [queue] request_id=171fc5a4 Processed update list in 37ms
2024-01-01 00:01:48.695 INFO [scheduler] request_id=ecb4d757 Failed to process query: Connection timeout after 5000ms
2024-01-01 00:01:49.123 ERROR [db] request_id=c3a67172 Failed to process create: Connection timeout after 5000ms
2024-01-01 00:01:50.495 INFO [api] request_id=ef1049e7 Failed to process start: Connection timeout after 5000ms
2024-01-01 00:01:51.632 INFO [cache] request_id=3766d2fd Processed map data in 26ms
2024-01-01 00:01:52.362 INFO [scheduler] request_id=5cd0626c Processed init total in 34ms
2024-01-01 00:01:53.813 WARN [db] request_id=fcd99cc8 Slow query detected: 245ms for count_info
2024-01-01 00:01:54.271 ERROR [queue] request_id=849c1333 Processed buffer open in 30ms
2024-01-01 00:01:55.320 ERROR [auth] request_id=530c90e4 Slow query detected: 824ms for open_info
2024-01-01 00:01:56.915 WARN [cache] request_id=22417261 Processed type total in 16ms
2024-01-01 00:01:57.946 INFO [worker] request_id=497385a9 Slow query detected: 458ms for info_action
2024-01-01 00:01:58.467 WARN [queue] request_id=9cffef1e Slow query detected: 790ms for user_cache
2024-01-01 00:01:59.152 DEBUG [scheduler] request_id=42e28447 Failed to process config: Connection timeout after 5000ms
2024-01-01 00:02:00.782 ERROR [worker] request_id=bffa13fd Processed update status in 36ms
2024-01-01 00:02:01.266 DEBUG [scheduler] request_id=82664f28 Slow query detected: 803ms for count_stack
2024-01-01 00:02:02.952 INFO [scheduler] request_id=c9cf7453 Slow query detected: 639ms for total_action
2024-01-01 00:02:03.330 WARN [auth] request_id=6e95248b Processed message open in 8ms
2024-01-01 00:02:04.910 INFO [cache] request_id=790f2a0b Failed to process count: Connection timeout after 5000ms
2024-01-01 00:02:05.702 DEBUG [queue] request_id=cd9d6f3f Processed index message in 16ms
2024-01-01 00:02:06.524 INFO [auth] request_id=ce765350 Processed cache update in 19ms
2024-01-01 00:02:07.240 ERROR [queue] request_id=4f1663fc Processed server request in 37ms
2024-01-01 00:02:08.888 INFO [api] request_id=86a1889f Failed to process info: Connection timeout after 5000ms
2024-01-01 00:02:09.321 DEBUG [api] request_id=1c8e8a6d Slow query detected: 912ms for message_id
2024-01-01 00:02:10.949 INFO [worker] request_id=49de35f9 Failed to process status: Connection timeout after 5000ms
2024-01-01 00:02:11.808 INFO [auth] request_id=d27890c8 Slow query detected: 139ms for key_size
2024-01-01 00:02:12.752 DEBUG [queue] request_id=338b6b18 Processed close map in 48ms
2024-01-01 00:02:13.041 ERROR [worker] request_id=c6a8d302 Processed debug cache in 29ms
2024-01-01 00:02:14.647 INFO [scheduler] request_id=fb01ce46 Processed response debug in 26ms
2024-01-01 00:02:15.857 INFO [worker] request_id=5b2dfe3f Slow query detected: 711ms for trace_total
2024-01-01 00:02:16.521 WARN [auth] request_id=91fcd11b Processed query delete in 33ms
2024-01-01 00:02:17.309 INFO [db] request_id=752dc335 Processed create map in 27ms
2024-01-01 00:02:18.539 ERROR [cache] request_id=58f89b16 Processed node info in 7ms
2024-01-01 00:02:19.800 INFO [auth] request_id=6c4822b2 Processed buffer update in 35ms
2024-01-01 00:02:20.908 WARN [scheduler] request_id=f67ea94b Processed error map in 27ms
2024-01-01 00:02:21.280 DEBUG [worker] request_id=b8148822 Processed queue server in 33ms
2024-01-01 00:02:22.741 INFO [db] request_id=905d5802 Processed debug open in 38ms
2024-01-01 00:02:23.578 INFO [cache] request_id=76cd5a8c Failed to process transaction: Connection timeout after 5000ms
2024-01-01 00:02:24.263 INFO [api] request_id=ceb18ec0 Processed mode update in 38ms
2024-01-01 00:02:25.231 INFO [worker] request_id=b4f1fe1b Processed value config in 26ms
2024-01-01 00:02:26.835 ERROR [auth] request_id=ab1238ab Failed to process value: Connection timeout after 5000ms
2024-01-01 00:02:27.980 INFO [api] request_id=88b47d15 Slow query detected: 120ms for update_node
2024-01-01 00:02:28.469 INFO [auth] request_id=ae4fa583 Slow query detected: 528ms for user_list
2024-01-01 00:02:29.945 INFO [queue] request_id=adf7bf46 Processed status write in 45ms
2024-01-01 00:02:30.339 DEBUG [cache] request_id=8e98df88 Processed connection create in 50ms
2024-01-01 00:02:31.446 INFO [scheduler] request_id=00383e93 Processed user session in 6ms
2024-01-01 00:02:32.276 ERROR [scheduler] request_id=87ffab74 Processed tree map in 21ms
2024-01-01 00:02:33.834 INFO [auth] request_id=e01c568a Processed connection offset in 34ms
2024-01-01 00:02:34.079 INFO [db] request_id=2338ef4b Processed close count in 10ms
2024-01-01 00:02:35.573 DEBUG [api] request_id=f0503c17 Processed node response in 13ms
2024-01-01 00:02:36.012 INFO [auth] request_id=e5329af9 Failed to process key: Connection timeout after 5000ms
2024-01-01 00:02:37.054 ERROR [db] request_id=3e161567 Processed total write in 46ms
2024-01-01 00:02:38.059 INFO [api] request_id=27d73c62 Processed open request in 15ms
2024-01-01 00:02:39.580 DEBUG [cache] request_id=322baba8 Failed to process size: Connection timeout after 5000ms
2024-01-01 00:02:40.086 ERROR [worker] request_id=5de630ea Processed init read in 34ms
2024-01-01 00:02:41.444 WARN [api] request_id=f288ad71 Processed length value in 33ms
2024-01-01 00:02:42.832 ERROR [auth] request_id=e51f9ade Slow query detected: 460ms for buffer_trace
2024-01-01 00:02:43.408 INFO [db] request_id=00f9ecc5 Processed stop queue in 3ms
2024-01-01 00:02:44.635 INFO [scheduler] request_id=484886ec Processed mode server in 39ms
2024-01-01 00:02:45.241 INFO [cache] request_id=de7eb38b Failed to process total: Connection timeout after 5000ms
2024-01-01 00:02:46.099 WARN [auth] request_id=6b775d2b Processed trace tree in 36ms
2024-01-01 00:02:47.518 ERROR [api] request_id=e45b9675 Processed length message in 19ms
2024-01-01 00:02:48.416 ERROR [api] request_id=833e8000 Processed offset session in 48ms
2024-01-01 00:02:49.562 ERROR [cache] request_id=9060205f Processed create action in 17ms
2024-01-01 00:02:50.226 ERROR [worker] request_id=57438461 Slow query detected: 365ms for value_index
2024-01-01 00:02:51.111 INFO [db] request_id=5af59edf Processed create action in 47ms
2024-01-01 00:02:52.040 ERROR [api] request_id=be03beb1 Processed status write in 35ms
2024-01-01 00:02:53.027 WARN [api] request_id=33cef09b Processed session data in 18ms
2024-01-01 00:02:54.235 WARN [auth] request_id=f3b0ea7a Failed to process connection: Connection timeout after 5000ms
2024-01-01 00:02:55.608 INFO [cache] request_id=6d7fb071 Failed to process data: Connection timeout after 5000ms
2024-01-01 00:02:56.576 INFO [auth] request_id=95378e11 Processed queue data in 42ms
2024-01-01 00:02:57.790 INFO [worker] request_id=cb6da31d Processed index node in 39ms
2024-01-01 00:02:58.688 INFO [auth] request_id=cd0e7a91 Processed buffer tree in 29ms
2024-01-01 00:02:59.343 INFO [db] request_id=33454a5a Processed mode query in 10ms
2024-01-01 00:03:00.260 WARN [scheduler] request_id=68d9e1d9 Processed response open in 6ms
2024-01-01 00:03:01.820 INFO [cache] request_id=bd385e8c Failed to process start: Connection timeout after 5000ms
2024-01-01 00:03:02.893 WARN [cache] request_id=2aeabb89 Failed to process list: Connection timeout after 5000ms
2024-01-01 00:03:03.610 DEBUG [auth] request_id=6e2a1b7b Failed to process size: Connection timeout after 5000ms
2024-01-01 00:03:04.780 INFO [api] request_id=f8e3ab25 Slow query detected: 977ms for length_result
2024-01-01 00:03:05.414 WARN [worker] request_id=c733d91a Processed open start in 41ms
2024-01-01 00:03:06.768 INFO [worker] request_id=7dd9ed62 Processed stack status in 22ms
2024-01-01 00:03:07.623 ERROR [api] request_id=4a7fab84 Slow query detected: 419ms for start_user
2024-01-01 00:03:08.212 INFO [cache] request_id=483cb67b Processed error queue in 37ms
2024-01-01 00:03:09.461 INFO [db] request_id=29551907 Processed create query in 37ms
2024-01-01 00:03:10.552 INFO [cache] request_id=6e371873 Processed count buffer in 33ms
2024-01-01 00:03:11.923 DEBUG [db] request_id=0c4e3d57 Processed index mode in 10ms
2024-01-01 00:03:12.396 WARN [scheduler] request_id=105296ca Processed id queue in 36ms
2024-01-01 00:03:13.517 WARN [auth] request_id=2926e8bc Slow query detected: 965ms for server_status
2024-01-01 00:03:14.518 ERROR [cache] request_id=32ecf352 Processed map connection in 16ms
2024-01-01 00:03:15.380 ERROR [auth] request_id=408c36cb Processed status debug in 14ms
2024-01-01 00:03:16.803 INFO [cache] request_id=265dc6f8 Processed mode status in 17ms
2024-01-01 00:03:17.523 INFO [auth] request_id=30df32ed Processed stop client in 50ms
2024-01-01 00:03:18.659 INFO [api] request_id=d4f8019b Processed session write in 13ms
2024-01-01 00:03:19.520 INFO [cache] request_id=4ac1e07e Processed response length in 26ms
2024-01-01 00:03:20.685 INFO [scheduler] request_id=a0167c7a Processed request create in 48ms
2024-01-01 00:03:21.139 ERROR [auth] request_id=906f7391 Processed value size in 9ms
2024-01-01 00:03:22.114 WARN [auth] request_id=236417ac Slow query detected: 979ms for stack_server
2024-01-01 00:03:23.826 ERROR [cache] request_id=1b002c98 Processed query stop in 21ms
2024-01-01 00:03:24.706 WARN [api] request_id=f4292ef4 Processed query response in 12ms
2024-01-01 00:03:25.168 DEBUG [auth] request_id=2ef84951 Slow query detected: 316ms for cache_list
2024-01-01 00:03:26.050 INFO [auth] request_id=b288ce41 Processed write server in 30ms
2024-01-01 00:03:27.406 INFO [scheduler] request_id=b4c3b59b Slow query detected: 876ms for client_length
2024-01-01 00:03:28.748 WARN [db] request_id=99a37e26 Processed warning cache in 7ms
2024-01-01 00:03:29.525 WARN [api] request_id=8343e518 Processed data warning in 21ms
2024-01-01 00:03:30.218 ERROR [queue] request_id=50394103 Slow query detected: 785ms for error_id
2024-01-01 00:03:31.706 INFO [worker] request_id=f6ed5622 Slow query detected: 493ms for stop_result
2024-01-01 00:03:32.448 DEBUG [auth] request_id=5dce4fc1 Processed session map in 40ms
2024-01-01 00:03:33.117 INFO [db] request_id=eea58e66 Processed query cache in 4ms
2024-01-01 00:03:34.290 WARN [api] request_id=7f1c9d98 Slow query detected: 823ms for info_data
2024-01-01 00:03:35.187 DEBUG [db] request_id=c3ab106b Failed to process mode: Connection timeout after 5000ms
2024-01-01 00:03:36.232 ERROR [auth] request_id=114ace72 Processed response debug in 41ms
2024-01-01 00:03:37.109 INFO [api] request_id=11dc2e88 Processed key count in 33ms
2024-01-01 00:03:38.355 INFO [queue] request_id=95bcafb0 Processed trace read in 22ms
2024-01-01 00:03:39.301 DEBUG [queue] request_id=539e4fbd Processed action query in 19ms
2024-01-01 00:03:40.588 DEBUG [worker] request_id=023b6c1d Processed id map in 49ms
2024-01-01 00:03:41.331 INFO [scheduler] request_id=1ad879ca Processed transaction message in 10ms
2024-01-01 00:03:42.280 ERROR [scheduler] request_id=b384f3c5 Processed length mode in 20ms
2024-01-01 00:03:43.160 ERROR [auth] request_id=5ec53854 Failed to process length: Connection timeout after 5000ms
2024-01-01 00:03:44.970 INFO [api] request_id=d5ec6974 Processed node user in 1ms
2024-01-01 00:03:45.734 INFO [cache] request_id=77e85d74 Processed map list in 12ms
2024-01-01 00:03:46.230 INFO [scheduler] request_id=c1ffe77c Processed status buffer in 36ms
2024-01-01 00:03:47.826 INFO [worker] request_id=e40fe4e4 Processed connection user in 24ms
2024-01-01 00:03:48.258 INFO [db] request_id=82ad7746 Processed request create in 18ms
2024-01-01 00:03:49.725 INFO [scheduler] request_id=9d327cff Slow query detected: 657ms for data_query
2024-01-01 00:03:50.283 DEBUG [db] request_id=fdd5673a Processed key read in 40ms
2024-01-01 00:03:51.284 DEBUG [queue] request_id=42b342e0 Processed delete error in 27ms
2024-01-01 00:03:52.472 INFO [scheduler] request_id=4b59d280 Processed read value in 48ms
2024-01-01 00:03:53.569 ERROR [queue] request_id=d086696f Processed set client in 50ms
2024-01-01 00:03:54.944 WARN [db] request_id=01e5a1e3 Failed to process size: Connection timeout after 5000ms
2024-01-01 00:03:55.740 DEBUG [cache] request_id=047f22fd Processed type total in 27ms
2024-01-01 00:03:56.372 DEBUG [api] request_id=ae82b465 Processed mode debug in 9ms
2024-01-01 00:03:57.819 INFO [auth] request_id=461f75a3 Processed error list in 29ms
2024-01-01 00:03:58.894 INFO [queue] request_id=e069f231 Processed config close in 42ms
2024-01-01 00:03:59.084 WARN [api] request_id=03b21398 Processed trace close in 25ms
2024-01-01 00:04:00.256 DEBUG [scheduler] request_id=dd10a822 Processed start map in 17ms
2024-01-01 00:04:01.597 DEBUG [api] request_id=c468e7ba Failed to process connection: Connection timeout after 5000ms
2024-01-01 00:04:02.531 INFO [worker] request_id=61e89892 Failed to process index: Connection timeout after 5000ms
2024-01-01 00:04:03.921 INFO [scheduler] request_id=9020eee2 Processed error map in 44ms
2024-01-01 00:04:04.107 INFO [db] request_id=a717c4e4 Failed to process user: Connection timeout after 5000ms
2024-01-01 00:04:05.256 INFO [worker] request_id=9e3076dc Slow query detected: 202ms for list_status
2024-01-01 00:04:06.339 INFO [api] request_id=79f03c65 Processed update status in 44ms
2024-01-01 00:04:07.381 DEBUG [worker] request_id=21a7e5d9 Processed debug server in 11ms
2024-01-01 00:04:08.650 DEBUG [cache] request_id=820790ae Processed node action in 13ms
2024-01-01 00:04:09.999 INFO [cache] request_id=3e33ccc0 Processed update close in 47ms
2024-01-01 00:04:10.459 INFO [cache] request_id=b181db12 Processed delete user in 28ms
2024-01-01 00:04:11.393 DEBUG [scheduler] request_id=83a83531 Failed to process action: Connection timeout after 5000ms
2024-01-01 00:04:12.036 ERROR [queue] request_id=1e11f4a9 Processed info length in 41ms
2024-01-01 00:04:13.866 INFO [auth] request_id=aefa4b42 Processed warning map in 46ms
2024-01-01 00:04:14.735 INFO [api] request_id=8c04286e Slow query detected: 652ms for offset_map
2024-01-01 00:04:15.266 WARN [scheduler] request_id=98e635df Slow query detected: 287ms for warning_debug
2024-01-01 00:04:16.976 INFO [auth] request_id=57738d46 Processed response index in 50ms
2024-01-01 00:04:17.889 DEBUG [queue] request_id=d298283c Processed set init in 2ms
2024-01-01 00:04:18.524 DEBUG [worker] request_id=4b769899 Processed start offset in 39ms
2024-01-01 00:04:19.328 DEBUG [auth] request_id=34a3f742 Processed mode create in 33ms
2024-01-01 00:04:20.756 INFO [queue] request_id=e5ea97cd Processed client update in 33ms
2024-01-01 00:04:21.583 INFO [queue] request_id=813a04d2 Processed update delete in 11ms
2024-01-01 00:04:22.580 ERROR [auth] request_id=b2e8c436 Slow query detected: 386ms for query_open
2024-01-01 00:04:23.538 DEBUG [scheduler] request_id=fb4d5cb8 Slow query detected: 826ms for close_query
2024-01-01 00:04:24.773 DEBUG [scheduler] request_id=6caa8824 Processed info list in 34ms
2024-01-01 00:04:25.458 INFO [api] request_id=4d5775a3 Processed queue id in 50ms
2024-01-01 00:04:26.600 ERROR [cache] request_id=a4817209 Failed to process buffer: Connection timeout after 5000ms
2024-01-01 00:04:27.305 WARN [cache] request_id=a11f1ce8 Processed message size in 20ms
2024-01-01 00:04:28.065 INFO [cache] request_id=2d2965c1 Processed map name in 41ms
2024-01-01 00:04:29.221 INFO [api] request_id=06c2a152 Slow query detected: 895ms for message_count
2024-01-01 00:04:30.421 INFO [cache] request_id=d68ce3da Failed to process server: Connection timeout after 5000ms
2024-01-01 00:04:31.397 ERROR [scheduler] request_id=8417f8d8 Processed init count in 9ms
2024-01-01 00:04:32.710 WARN [db] request_id=a197a898 Slow query detected: 976ms for value_offset
2024-01-01 00:04:33.021 INFO [scheduler] request_id=aebcf85b Processed key info in 13ms
2024-01-01 00:04:34.546 INFO [queue] request_id=b1ec5bd6 Processed list create in 7ms
2024-01-01 00:04:35.823 INFO [api] request_id=64b039f1 Processed node read in 17ms
2024-01-01 00:04:36.004 WARN [queue] request_id=120dd87b Processed config mode in 8ms
2024-01-01 00:04:37.212 DEBUG [scheduler] request_id=d2fe5f77 Processed buffer open in 39ms
2024-01-01 00:04:38.542 ERROR [queue] request_id=031c72fd Processed value trace in 15ms
2024-01-01 00:04:39.135 ERROR [scheduler] request_id=718f0d4e Processed node status in 26ms
2024-01-01 00:04:40.538 INFO [worker] request_id=d5d8ecdd Processed connection open in 17ms
2024-01-01 00:04:41.774 INFO [db] request_id=6bd85450 Processed status debug in 7ms
2024-01-01 00:04:42.845 DEBUG [worker] request_id=27f62a98 Failed to process debug: Connection timeout after 5000ms
2024-01-01 00:04:43.960 INFO [api] request_id=ff6a15de Processed map queue in 11ms
2024-01-01 00:04:44.396 INFO [api] request_id=912d422e Processed length count in 31ms
2024-01-01 00:04:45.956 DEBUG [scheduler] request_id=965e12e4 Processed set client in 40ms
2024-01-01 00:04:46.851 WARN [worker] request_id=3cce2c6a Slow query detected: 797ms for read_connection
2024-01-01 00:04:47.529 ERROR [worker] request_id=bfbe245d Processed debug warning in 38ms
2024-01-01 00:04:48.425 INFO [cache] request_id=f2dbded6 Processed result debug in 31ms
2024-01-01 00:04:49.361 WARN [api] request_id=fadbbf53 Failed to process length: Connection timeout after 5000ms
2024-01-01 00:04:50.331 INFO [cache] request_id=bbc0a58d Slow query detected: 593ms for length_node
2024-01-01 00:04:51.011 INFO [db] request_id=8cd0afe3 Processed cache status in 14ms
2024-01-01 00:04:52.864 INFO [auth] request_id=9767440f Processed info write in 18ms
2024-01-01 00:04:53.124 WARN [scheduler] request_id=6538533e Failed to process update: Connection timeout after 5000ms
2024-01-01 00:04:54.415 INFO [api] request_id=6e287d6d Slow query detected: 107ms for server_action
2024-01-01 00:04:55.283 ERROR [api] request_id=6bbbc353 Processed debug id in 18ms
2024-01-01 00:04:56.406 DEBUG [db] request_id=c3bed84d Processed close count in 49ms
2024-01-01 00:04:57.754 INFO [cache] request_id=552ce944 Processed update node in 18ms
2024-01-01 00:04:58.455 INFO [api] request_id=4750d076 Slow query detected: 544ms for debug_key
2024-01-01 00:04:59.672 INFO [auth] request_id=0ae23901 Processed name map in 33ms
2024-01-01 00:05:00.057 ERROR [auth] request_id=fa8eb962 Processed transaction client in 50ms
2024-01-01 00:05:01.063 ERROR [api] request_id=dc8a9184 Processed request transaction in 2ms
2024-01-01 00:05:02.319 DEBUG [worker] request_id=17697cdc Processed set session in 7ms
2024-01-01 00:05:03.851 INFO [queue] request_id=fcaf172d Processed session set in 25ms
2024-01-01 00:05:04.337 WARN [cache] request_id=276c06f1 Failed to process error: Connection timeout after 5000ms
2024-01-01 00:05:05.922 DEBUG [db] request_id=2840025c Failed to process status: Connection timeout after 5000ms
2024-01-01 00:05:06.949 INFO [queue] request_id=c7aeba43 Processed update close in 2ms
2024-01-01 00:05:07.670 WARN [scheduler] request_id=508032d2 Slow query detected: 975ms for config_close
2024-01-01 00:05:08.062 ERROR [cache] request_id=2286a338 Processed close result in 39ms
2024-01-01 00:05:09.095 ERROR [db] request_id=33b29060 Processed open total in 24ms
2024-01-01 00:05:10.502 DEBUG [queue] request_id=35ff6327 Processed warning total in 23ms
2024-01-01 00:05:11.311 INFO [cache] request_id=039daf5d Processed connection update in 6ms
2024-01-01 00:05:12.085 DEBUG [api] request_id=baeb4966 Slow query detected: 870ms for open_server
2024-01-01 00:05:13.326 INFO [worker] request_id=9115a082 Processed delete size in 14ms
2024-01-01 00:05:14.137 INFO [api] request_id=313c2cb7 Slow query detected: 251ms for key_debug
2024-01-01 00:05:15.902 INFO [scheduler] request_id=3ebe54a3 Processed message open in 38ms
2024-01-01 00:05:16.052 WARN [auth] request_id=40f95897 Processed status queue in 9ms
2024-01-01 00:05:17.037 INFO [auth] request_id=5a30ac8e Processed id index in 49ms
2024-01-01 00:05:18.220 WARN [db] request_id=24ccb786 Processed delete result in 9ms
2024-01-01 00:05:19.466 INFO [scheduler] request_id=49c40f89 Processed tree config in 38ms
2024-01-01 00:05:20.407 INFO [queue] request_id=16cf7c69 Failed to process key: Connection timeout after 5000ms
2024-01-01 00:05:21.395 INFO [queue] request_id=dd7c5572 Processed update stop in 39ms
2024-01-01 00:05:22.146 INFO [worker] request_id=966afbef Failed to process data: Connection timeout after 5000ms
2024-01-01 00:05:23.457 INFO [api] request_id=684b12fe Processed close update in 17ms
2024-01-01 00:05:24.610 DEBUG [queue] request_id=8c4f7a0e Processed size read in 13ms
2024-01-01 00:05:25.845 DEBUG [api] request_id=e0d59d2d Slow query detected: 342ms for buffer_close
2024-01-01 00:05:26.574 INFO [queue] request_id=b64997f5 Processed session debug in 36ms
2024-01-01 00:05:27.628 INFO [api] request_id=cbcc2f14 Processed error create in 28ms
2024-01-01 00:05:28.180 INFO [db] request_id=7d225fbb Processed connection length in 30ms
2024-01-01 00:05:29.660 INFO [db] request_id=d57eac9a Processed client open in 5ms
2024-01-01 00:05:30.104 INFO [worker] request_id=a8c946e7 Processed data server in 4ms
2024-01-01 00:05:31.816 ERROR [worker] request_id=c8ee5714 Processed stack index in 14ms
2024-01-01 00:05:32.626 ERROR [api] request_id=81dc2121 Slow query detected: 220ms for stack_result
2024-01-01 00:05:33.449 INFO [worker] request_id=e6e5ef13 Failed to process user: Connection timeout after 5000ms
2024-01-01 00:05:34.588 INFO [db] request_id=584feb54 Processed update list in 46ms
2024-01-01 00:05:35.156 DEBUG [api] request_id=3896eaae Processed set query in 22ms
2024-01-01 00:05:36.169 ERROR [worker] request_id=2cb6f912 Processed trace index in 37ms
2024-01-01 00:05:37.388 WARN [db] request_id=f61e8f5a Processed stop server in 24ms
2024-01-01 00:05:38.263 ERROR [auth] request_id=c24ed40c Slow query detected: 503ms for total_open
2024-01-01 00:05:39.465 INFO [queue] request_id=0aa0206f Processed set connection in 14ms
2024-01-01 00:05:40.424 INFO [api] request_id=87433543 Processed init write in 1ms
2024-01-01 00:05:41.248 INFO [db] request_id=950b723b Slow query detected: 831ms for debug_session
2024-01-01 00:05:42.878 INFO [queue] request_id=03be10a8 Processed create start in 34ms
2024-01-01 00:05:43.162 INFO [api] request_id=84166ea1 Processed index length in 32ms
2024-01-01 00:05:44.978 INFO [worker] request_id=f8f697b1 Failed to process update: Connection timeout after 5000ms
2024-01-01 00:05:45.521 INFO [auth] request_id=2f43549a Slow query detected: 973ms for queue_close
2024-01-01 00:05:46.128 DEBUG [cache] request_id=0b2d1acd Slow query detected: 495ms for status_list
2024-01-01 00:05:47.048 DEBUG [api] request_id=279fd705 Failed to process start: Connection timeout after 5000ms
2024-01-01 00:05:48.915 ERROR [queue] request_id=8968cf41 Processed action node in 30ms
2024-01-01 00:05:49.956 INFO [queue] request_id=a0b8d209 Processed debug list in 39ms
2024-01-01 00:05:50.714 INFO [db] request_id=7514cfa9 Failed to process update: Connection timeout after 5000ms
2024-01-01 00:05:51.012 INFO [worker] request_id=b8f95e4e Processed read id in 13ms
2024-01-01 00:05:52.450 WARN [cache] request_id=df159081 Processed data start in 50ms
2024-01-01 00:05:53.992 INFO [auth] request_id=6c3cf9a6 Slow query detected: 720ms for map_key
2024-01-01 00:05:54.051 DEBUG [auth] request_id=74a74078 Processed set action in 49ms
2024-01-01 00:05:55.003 INFO [auth] request_id=f538aa89 Processed session info in 6ms
2024-01-01 00:05:56.050 INFO [api] request_id=a6b63aec Processed error connection in 42ms
2024-01-01 00:05:57.377 INFO [api] request_id=23f749ef Processed count total in 13ms
2024-01-01 00:05:58.120 INFO [api] request_id=ff480b15 Processed tree offset in 11ms
2024-01-01 00:05:59.275 INFO [auth] request_id=0d8e0d75 Slow query detected: 752ms for cache_query
2024-01-01 00:06:00.856 INFO [cache] request_id=0b9c22c7 Slow query detected: 155ms for info_data
2024-01-01 00:06:01.783 INFO [api] request_id=ffd8a3df Processed transaction size in 23ms
2024-01-01 00:06:02.321 DEBUG [worker] request_id=9115ee0e Failed to process message: Connection timeout after 5000ms
2024-01-01 00:06:03.797 INFO [queue] request_id=201bf175 Processed set data in 2ms
2024-01-01 00:06:04.158 INFO [db] request_id=29310f3c Processed start index in 18ms
2024-01-01 00:06:05.016 ERROR [scheduler] request_id=c9d1c5af Processed mode list in 25ms
2024-01-01 00:06:06.305 INFO [api] request_id=05341d29 Failed to process key: Connection timeout after 5000ms
2024-01-01 00:06:07.911 INFO [queue] request_id=f543249a Processed query update in 26ms
2024-01-01 00:06:08.497 WARN [db] request_id=350391dc Failed to process connection: Connection timeout after 5000ms
2024-01-01 00:06:09.092 INFO [scheduler] request_id=970c8993 Processed id action in 24ms
2024-01-01 00:06:10.201 INFO [worker] request_id=103ffca5 Processed info data in 29ms
2024-01-01 00:06:11.871 DEBUG [cache] request_id=b82a25c4 Processed id value in 1ms
2024-01-01 00:06:12.311 DEBUG [db] request_id=27b21c77 Processed mode buffer in 29ms
2024-01-01 00:06:13.295 ERROR [scheduler] request_id=f109bbd8 Failed to process stack: Connection timeout after 5000ms
2024-01-01 00:06:14.477 INFO [worker] request_id=e723773d Processed cache stop in 12ms
2024-01-01 00:06:15.271 DEBUG [worker] request_id=9c87c840 Failed to process message: Connection timeout after 5000ms
2024-01-01 00:06:16.524 INFO [db] request_id=ed897acf Slow query detected: 961ms for list_open
2024-01-01 00:06:17.358 INFO [api] request_id=e8d9f57d Processed queue info in 44ms
2024-01-01 00:06:18.881 INFO [cache] request_id=145a3f9b Processed tree delete in 11ms
2024-01-01 00:06:19.376 WARN [db] request_id=275c8443 Processed set offset in 18ms
2024-01-01 00:06:20.694 ERROR [auth] request_id=c76e6fca Processed set update in 34ms
2024-01-01 00:06:21.047 INFO [cache] request_id=3757b537 Slow query detected: 953ms for offset_node
2024-01-01 00:06:22.901 DEBUG [queue] request_id=3939b3c7 Processed size response in 21ms
2024-01-01 00:06:23.832 INFO [cache] request_id=398f773f Processed queue connection in 5ms
2024-01-01 00:06:24.114 WARN [worker] request_id=2dd687dc Slow query detected: 673ms for name_transaction
2024-01-01 00:06:25.146 WARN [worker] request_id=8af1d033 Slow query detected: 822ms for server_open
2024-01-01 00:06:26.701 INFO [api] request_id=50bcc653 Slow query detected: 853ms for name_warning
2024-01-01 00:06:27.650 WARN [queue] request_id=36356c91 Processed offset start in 22ms
2024-01-01 00:06:28.832 WARN [scheduler] request_id=dc959117 Processed status name in 10ms
2024-01-01 00:06:29.995 ERROR [api] request_id=e8a96f52 Processed create server in 35ms
2024-01-01 00:06:30.853 INFO [queue] request_id=70c099c4 Processed node total in 43ms
2024-01-01 00:06:31.564 INFO [auth] request_id=c384363f Processed result mode in 8ms
2024-01-01 00:06:32.144 INFO [scheduler] request_id=059a4901 Processed type action in 9ms
2024-01-01 00:06:33.218 ERROR [db] request_id=0f27d15d Processed init result in 26ms
2024-01-01 00:06:34.568 ERROR [scheduler] request_id=54777178 Processed key init in 45ms
2024-01-01 00:06:35.491 ERROR [cache] request_id=d52a1c5a Processed request status in 31ms
2024-01-01 00:06:36.727 WARN [api] request_id=53028659 Processed read info in 47ms
2024-01-01 00:06:37.048 INFO [cache] request_id=93139038 Processed error info in 11ms
2024-01-01 00:06:38.362 INFO [api] request_id=5546a7cd Slow query detected: 209ms for request_create
2024-01-01 00:06:39.704 INFO [worker] request_id=2059febe Processed transaction set in 32ms
2024-01-01 00:06:40.705 INFO [scheduler] request_id=04412164 Processed message info in 3ms
2024-01-01 00:06:41.873 INFO [api] request_id=e44c20c7 Processed stop offset in 32ms
2024-01-01 00:06:42.587 WARN [api] request_id=c049e84b Processed node value in 23ms
2024-01-01 00:06:43.487 WARN [db] request_id=efe9fb00 Failed to process length: Connection timeout after 5000ms
2024-01-01 00:06:44.202 INFO [api] request_id=6e939235 Failed to process session: Connection timeout after 5000ms
2024-01-01 00:06:45.487 INFO [scheduler] request_id=7a40e70e Processed offset init in 15ms
2024-01-01 00:06:46.617 INFO [auth] request_id=cbcfa4a5 Processed stop delete in 28ms
2024-01-01 00:06:47.853 INFO [queue] request_id=53b12f58 Processed session trace in 27ms
2024-01-01 00:06:48.117 DEBUG [cache] request_id=09d248f2 Processed write warning in 20ms
2024-01-01 00:06:49.067 ERROR [db] request_id=4bc521d2 Processed delete message in 43ms
2024-01-01 00:06:50.572 INFO [scheduler] request_id=162200b9 Slow query detected: 368ms for stack_size
2024-01-01 00:06:51.512 INFO [worker] request_id=4c2858ab Slow query detected: 318ms for count_id
2024-01-01 00:06:52.303 ERROR [worker] request_id=f0e1dd1b Processed queue trace in 34ms
2024-01-01 00:06:53.663 WARN [queue] request_id=fbdf954c Processed cache length in 34ms
2024-01-01 00:06:54.739 INFO [scheduler] request_id=60a67421 Failed to process queue: Connection timeout after 5000ms
2024-01-01 00:06:55.909 WARN [worker] request_id=d65ae57b Processed init user in 10ms
2024-01-01 00:06:56.493 ERROR [db] request_id=3f8bf260 Failed to process count: Connection timeout after 5000ms
2024-01-01 00:06:57.265 INFO [scheduler] request_id=8becfce2 Processed buffer status in 45ms
2024-01-01 00:06:58.679 INFO [db] request_id=95c2d6e5 Slow query detected: 498ms for delete_map
2024-01-01 00:06:59.253 INFO [worker] request_id=a40915fb Failed to process value: Connection timeout after 5000ms
2024-01-01 00:07:00.788 DEBUG [cache] request_id=6cf76c7f Processed node node in 44ms
2024-01-01 00:07:01.102 DEBUG [cache] request_id=e75df26d Processed list set in 32ms
2024-01-01 00:07:02.050 DEBUG [queue] request_id=d2815e04 Processed action message in 28ms
2024-01-01 00:07:03.904 WARN [scheduler] request_id=98b30170 Processed connection id in 14ms
2024-01-01 00:07:04.104 INFO [worker] request_id=1c3dc4e6 Processed result query in 31ms
2024-01-01 00:07:05.879 INFO [api] request_id=4e1aa840 Processed response error in 10ms
2024-01-01 00:07:06.337 DEBUG [cache] request_id=bf2e1df0 Processed user offset in 27ms
2024-01-01 00:07:07.385 ERROR [auth] request_id=90e4de7f Processed info length in 41ms
2024-01-01 00:07:08.688 INFO [api] request_id=38bf065e Slow query detected: 374ms for write_stack
2024-01-01 00:07:09.017 INFO [queue] request_id=d4ec34bb Slow query detected: 356ms for delete_session
2024-01-01 00:07:10.685 INFO [cache] request_id=f3e20ea5 Failed to process result: Connection timeout after 5000ms
2024-01-01 00:07:11.457 WARN [worker] request_id=9f2075e8 Processed update map in 5ms
2024-01-01 00:07:12.691 INFO [auth] request_id=39696ec5 Failed to process transaction: Connection timeout after 5000ms
2024-01-01 00:07:13.245 INFO [api] request_id=dc9ce6ec Processed update message in 12ms
2024-01-01 00:07:14.333 INFO [api] request_id=78724c10 Processed user buffer in 17ms
2024-01-01 00:07:15.421 INFO [cache] request_id=deec19be Processed value result in 5ms
2024-01-01 00:07:16.836 INFO [cache] request_id=5f612853 Processed session delete in 14ms
2024-01-01 00:07:17.709 ERROR [cache] request_id=f7ca614e Failed to process info: Connection timeout after 5000ms
2024-01-01 00:07:18.787 INFO [auth] request_id=d7517ffa Processed message index in 8ms
2024-01-01 00:07:19.124 INFO [db] request_id=a6fdb367 Processed status debug in 34ms
2024-01-01 00:07:20.758 INFO [worker] request_id=f6acafe9 Processed type init in 39ms
2024-01-01 00:07:21.893 DEBUG [api] request_id=cac4b606 Failed to process server: Connection timeout after 5000ms
2024-01-01 00:07:22.434 DEBUG [db] request_id=359f44cb Processed count count in 50ms
2024-01-01 00:07:23.192 INFO [scheduler] request_id=d8ce31c8 Processed create write in 21ms
2024-01-01 00:07:24.802 INFO [worker] request_id=c5d5d0b2 Processed create write in 28ms
2024-01-01 00:07:25.376 INFO [worker] request_id=02d43e06 Slow query detected: 598ms for value_transaction
2024-01-01 00:07:26.016 INFO [db] request_id=5b53825e Failed to process key: Connection timeout after 5000ms
2024-01-01 00:07:27.143 ERROR [scheduler] request_id=0da4c464 Slow query detected: 465ms for warning_response
2024-01-01 00:07:28.261 INFO [cache] request_id=b3587dc9 Slow query detected: 267ms for count_create
2024-01-01 00:07:29.152 ERROR [auth] request_id=5a9629a7 Slow query detected: 783ms for request_error
2024-01-01 00:07:30.651 INFO [api] request_id=3c6c20ea Slow query detected: 694ms for transaction_action
2024-01-01 00:07:31.524 INFO [api] request_id=e68b31a3 Processed config name in 2ms
2024-01-01 00:07:32.522 WARN [queue] request_id=26223205 Slow query detected: 607ms for create_server
2024-01-01 00:07:33.650 DEBUG [db] request_id=bf71916d Slow query detected: 248ms for trace_action
2024-01-01 00:07:34.860 INFO [worker] request_id=5640c32a Processed length write in 38ms
2024-01-01 00:07:35.902 INFO [db] request_id=3e8c55a2 Processed buffer type in 42ms
2024-01-01 00:07:36.257 ERROR [scheduler] request_id=c16b0291 Slow query detected: 150ms for connection_total
2024-01-01 00:07:37.897 ERROR [queue] request_id=96e18a36 Processed close warning in 36ms
2024-01-01 00:07:38.869 INFO [queue] request_id=24768822 Failed to process cache: Connection timeout after 5000ms
2024-01-01 00:07:39.261 DEBUG [cache] request_id=aa6bb14f Processed info stack in 49ms
2024-01-01 00:07:40.078 INFO [auth] request_id=08be73d3 Processed client status in 23ms
2024-01-01 00:07:41.876 INFO [auth] request_id=7f996385 Slow query detected: 407ms for list_read
2024-01-01 00:07:42.210 ERROR [api] request_id=36e45bd2 Processed info init in 12ms
2024-01-01 00:07:43.888 INFO [scheduler] request_id=7c7f78dc Processed init debug in 49ms
2024-01-01 00:07:44.891 ERROR [auth] request_id=7d8e67d0 Processed close response in 15ms
2024-01-01 00:07:45.971 INFO [cache] request_id=10032b8f Processed server session in 15ms
2024-01-01 00:07:46.690 INFO [worker] request_id=8c3688d7 Processed transaction length in 3ms
2024-01-01 00:07:47.558 INFO [scheduler] request_id=e086a395 Processed start cache in 46ms
2024-01-01 00:07:48.882 INFO [scheduler] request_id=8c73c59d Processed offset error in 33ms
2024-01-01 00:07:49.191 INFO [cache] request_id=e5fb5d43 Processed query offset in 9ms
2024-01-01 00:07:50.285 INFO [auth] request_id=7fb22436 Processed start connection in 36ms
2024-01-01 00:07:51.409 INFO [api] request_id=1a7834a4 Failed to process name: Connection timeout after 5000ms
2024-01-01 00:07:52.167 WARN [auth] request_id=ec8ce5bc Processed length size in 50ms
2024-01-01 00:07:53.945 INFO [auth] request_id=7da69c9d Slow query detected: 217ms for write_query
2024-01-01 00:07:54.068 DEBUG [scheduler] request_id=1913d065 Slow query detected: 242ms for update_init
2024-01-01 00:07:55.198 ERROR [scheduler] request_id=ebd5a011 Processed session trace in 29ms
2024-01-01 00:07:56.758 INFO [scheduler] request_id=4056a7c1 Processed result query in 23ms
2024-01-01 00:07:57.114 INFO [cache] request_id=2f40f0de Failed to process mode: Connection timeout after 5000ms
2024-01-01 00:07:58.571 INFO [scheduler] request_id=6d264725 Slow query detected: 562ms for offset_status
2024-01-01 00:07:59.621 INFO [auth] request_id=6429063d Processed list total in 2ms
2024-01-01 00:08:00.173 INFO [worker] request_id=12c27ba9 Processed request mode in 9ms
2024-01-01 00:08:01.745 DEBUG [auth] request_id=aa059454 Processed key stack in 7ms
2024-01-01 00:08:02.480 DEBUG [cache] request_id=abd41227 Slow query detected: 837ms for key_tree
2024-01-01 00:08:03.382 DEBUG [queue] request_id=56bdc8dd Processed cache info in 13ms
2024-01-01 00:08:04.524 INFO [cache] request_id=4261cd92 Processed init value in 34ms
2024-01-01 00:08:05.111 INFO [scheduler] request_id=0a2d27a1 Slow query detected: 298ms for map_server
2024-01-01 00:08:06.319 WARN [api] request_id=f6869cba Processed buffer trace in 21ms
2024-01-01 00:08:07.133 INFO [scheduler] request_id=f464f5fe Slow query detected: 447ms for tree_write
2024-01-01 00:08:08.199 WARN [cache] request_id=60f7debf Slow query detected: 191ms for id_config
2024-01-01 00:08:09.558 INFO [queue] request_id=90098da6 Slow query detected: 600ms for user_type
2024-01-01 00:08:10.493 ERROR [auth] request_id=8e54b8cf Processed size key in 33ms
2024-01-01 00:08:11.168 WARN [auth] request_id=d4e2d9d4 Slow query detected: 443ms for data_data
2024-01-01 00:08:12.148 INFO [api] request_id=651a085a Slow query detected: 609ms for client_message
2024-01-01 00:08:13.529 INFO [cache] request_id=11e9b22d Failed to process config: Connection timeout after 5000ms
2024-01-01 00:08:14.488 INFO [scheduler] request_id=513712a4 Processed status client in 41ms
2024-01-01 00:08:15.597 DEBUG [cache] request_id=02695b42 Processed open stack in 30ms
2024-01-01 00:08:16.523 ERROR [queue] request_id=8435ebb8 Slow query detected: 738ms for info_connection
2024-01-01 00:08:17.217 INFO [scheduler] request_id=3d82af90 Failed to process client: Connection timeout after 5000ms
2024-01-01 00:08:18.319 ERROR [cache] request_id=c158ad8d Processed length stop in 36ms
2024-01-01 00:08:19.464 INFO [api] request_id=a27f8e57 Slow query detected: 623ms for type_server
2024-01-01 00:08:20.624 INFO [cache] request_id=3cc480b0 Failed to process start: Connection timeout after 5000ms
2024-01-01 00:08:21.200 WARN [worker] request_id=acfbc5ca Processed status map in 9ms
2024-01-01 00:08:22.103 WARN [db] request_id=c1c94aea Failed to process key: Connection timeout after 5000ms
2024-01-01 00:08:23.157 INFO [scheduler] request_id=ab5f7aac Failed to process tree: Connection timeout after 5000ms
2024-01-01 00:08:24.294 INFO [worker] request_id=977d37d6 Processed error query in 31ms
2024-01-01 00:08:25.306 INFO [auth] request_id=a85741cb Processed data query in 44ms
2024-01-01 00:08:26.039 ERROR [queue] request_id=e887ee4b Processed server stack in 38ms
2024-01-01 00:08:27.685 INFO [api] request_id=3ee3a495 Processed map value in 46ms
2024-01-01 00:08:28.577 INFO [cache] request_id=85280901 Processed total init in 38ms
2024-01-01 00:08:29.945 WARN [auth] request_id=b839944c Failed to process set: Connection timeout after 5000ms
2024-01-01 00:08:30.336 WARN [scheduler] request_id=2e6fb711 Processed type close in 46ms
2024-01-01 00:08:31.240 INFO [queue] request_id=6d181118 Processed close queue in 27ms
2024-01-01 00:08:32.308 ERROR [queue] request_id=ec46b5b2 Processed trace length in 7ms
2024-01-01 00:08:33.562 WARN [queue] request_id=2d2c43a9 Processed size open in 25ms
2024-01-01 00:08:34.865 ERROR [auth] request_id=3fce9339 Processed trace value in 32ms
2024-01-01 00:08:35.756 INFO [db] request_id=dc4d3d80 Processed error key in 32ms
2024-01-01 00:08:36.744 INFO [db] request_id=db7d1d01 Failed to process tree: Connection timeout after 5000ms
2024-01-01 00:08:37.285 INFO [cache] request_id=f8eac672 Processed action query in 16ms
2024-01-01 00:08:38.099 ERROR [scheduler] request_id=d4ea8822 Processed delete result in 31ms
2024-01-01 00:08:39.528 INFO [api] request_id=0526760e Processed close value in 28ms
2024-01-01 00:08:40.023 INFO [db] request_id=e8220f1c Processed node query in 50ms
2024-01-01 00:08:41.572 INFO [queue] request_id=b847853a Processed session message in 37ms
2024-01-01 00:08:42.207 ERROR [queue] request_id=2a5fe4b3 Slow query detected: 872ms for stop_stop
2024-01-01 00:08:43.357 INFO [cache] request_id=6eb4825d Processed update open in 7ms
2024-01-01 00:08:44.766 ERROR [worker] request_id=f7e8164c Slow query detected: 118ms for set_set
2024-01-01 00:08:45.160 INFO [queue] request_id=6a90fc36 Slow query detected: 901ms for id_request
2024-01-01 00:08:46.877 INFO [queue] request_id=d82b4c5f Processed action delete in 6ms
2024-01-01 00:08:47.279 INFO [cache] request_id=8aa9d555 Processed delete buffer in 13ms
2024-01-01 00:08:48.234 INFO [db] request_id=c0773b80 Processed query index in 42ms
2024-01-01 00:08:49.843 DEBUG [worker] request_id=f229de55 Failed to process open: Connection timeout after 5000ms
2024-01-01 00:08:50.040 INFO [scheduler] request_id=083269a0 Processed config query in 21ms
2024-01-01 00:08:51.050 INFO [auth] request_id=8ff94d74 Failed to process data: Connection timeout after 5000ms
2024-01-01 00:08:52.120 INFO [api] request_id=9f6f80c1 Slow query detected: 929ms for debug_client
2024-01-01 00:08:53.167 DEBUG [auth] request_id=ce29dc8d Processed info queue in 6ms
2024-01-01 00:08:54.671 INFO [scheduler] request_id=eded68b6 Processed response index in 6ms
2024-01-01 00:08:55.133 WARN [db] request_id=3bf591c2 Processed request server in 42ms
2024-01-01 00:08:56.707 INFO [cache] request_id=a7fe75f5 Processed total start in 32ms
2024-01-01 00:08:57.942 ERROR [cache] request_id=8add725a Processed trace user in 34ms
2024-01-01 00:08:58.952 INFO [db] request_id=5f08f766 Failed to process name: Connection timeout after 5000ms
2024-01-01 00:08:59.463 DEBUG [worker] request_id=106281ec Processed delete read in 49ms
2024-01-01 00:09:00.930 DEBUG [api] request_id=edca3863 Processed mode list in 4ms
2024-01-01 00:09:01.159 INFO [worker] request_id=cd51e706 Failed to process response: Connection timeout after 5000ms
2024-01-01 00:09:02.269 INFO [db] request_id=8eac4636 Processed mode node in 31ms
2024-01-01 00:09:03.613 INFO [api] request_id=e873073e Processed set list in 2ms
2024-01-01 00:09:04.929 DEBUG [cache] request_id=f83f0a3a Slow query detected: 943ms for length_start
2024-01-01 00:09:05.769 INFO [cache] request_id=4730ecf4 Slow query detected: 404ms for set_count
2024-01-01 00:09:06.599 WARN [api] request_id=b6c0f567 Processed delete write in 5ms
2024-01-01 00:09:07.860 WARN [auth] request_id=a15a79fb Processed type data in 44ms
2024-01-01 00:09:08.258 WARN [worker] request_id=d15984a0 Slow query detected: 592ms for close_error
2024-01-01 00:09:09.517 WARN [db] request_id=1617ac51 Slow query detected: 562ms for transaction_queue
2024-01-01 00:09:10.041 INFO [worker] request_id=b54cfe7d Processed config error in 44ms
2024-01-01 00:09:11.698 ERROR [scheduler] request_id=bbd0d652 Processed node value in 49ms
2024-01-01 00:09:12.936 INFO [worker] request_id=daa6886c Processed value stack in 18ms
2024-01-01 00:09:13.326 INFO [scheduler] request_id=fe7638d3 Failed to process index: Connection timeout after 5000ms
2024-01-01 00:09:14.279 INFO [scheduler] request_id=1f1f595e Processed key status in 1ms
2024-01-01 00:09:15.163 INFO [queue] request_id=f46609dc Slow query detected: 809ms for create_value
2024-01-01 00:09:16.628 DEBUG [api] request_id=d0df4731 Failed to process message: Connection timeout after 5000ms
2024-01-01 00:09:17.710 INFO [api] request_id=ff7f0b1a Processed mode set in 9ms
2024-01-01 00:09:18.997 INFO [cache] request_id=ac68baa4 Processed length stop in 45ms
2024-01-01 00:09:19.674 DEBUG [queue] request_id=8a218320 Slow query detected: 207ms for start_stop
2024-01-01 00:09:20.553 INFO [worker] request_id=2a02736a Processed count user in 1ms
2024-01-01 00:09:21.573 ERROR [api] request_id=556fd7a0 Processed length offset in 12ms
2024-01-01 00:09:22.289 WARN [auth] request_id=da82557f Failed to process action: Connection timeout after 5000ms
2024-01-01 00:09:23.143 DEBUG [db] request_id=84ea0c73 Processed total update in 11ms
2024-01-01 00:09:24.756 ERROR [cache] request_id=ddd828c0 Failed to process length: Connection timeout after 5000ms
2024-01-01 00:09:25.533 WARN [queue] request_id=9bfb3898 Processed close query in 37ms
2024-01-01 00:09:26.853 WARN [api] request_id=13005aef Failed to process size: Connection timeout after 5000ms
2024-01-01 00:09:27.594 WARN [scheduler] request_id=5e8977dd Processed count map in 19ms
2024-01-01 00:09:28.285 INFO [api] request_id=52993170 Processed total index in 44ms
2024-01-01 00:09:29.493 INFO [db] request_id=3a359f84 Processed key index in 49ms
2024-01-01 00:09:30.238 INFO [auth] request_id=54eb591d Slow query detected: 562ms for key_value
2024-01-01 00:09:31.128 INFO [scheduler] request_id=d55139b5 Failed to process client: Connection timeout after 5000ms
2024-01-01 00:09:32.904 INFO [api] request_id=931493e2 Failed to process value: Connection timeout after 5000ms
2024-01-01 00:09:33.802 INFO [queue] request_id=c93db1fb Failed to process mode: Connection timeout after 5000ms
2024-01-01 00:09:34.255 WARN [cache] request_id=795b8690 Processed user error in 15ms
2024-01-01 00:09:35.018 INFO [scheduler] request_id=448ba8e5 Failed to process config: Connection timeout after 5000ms
2024-01-01 00:09:36.835 INFO [worker] request_id=fe0a4d2b Processed client init in 16ms
2024-01-01 00:09:37.722 WARN [worker] request_id=cf2a6ed4 Processed node update in 3ms
2024-01-01 00:09:38.518 INFO [queue] request_id=593ff431 Processed transaction warning in 47ms
2024-01-01 00:09:39.803 INFO [scheduler] request_id=3ec23080 Processed request buffer in 42ms
2024-01-01 00:09:40.630 INFO [queue] request_id=fff6ecf3 Processed action request in 34ms
2024-01-01 00:09:41.422 ERROR [queue] request_id=3875c5e5 Processed update create in 6ms
2024-01-01 00:09:42.882 INFO [cache] request_id=747f6612 Processed mode read in 48ms
2024-01-01 00:09:43.211 INFO [cache] request_id=98d5f560 Processed update action in 44ms
2024-01-01 00:09:44.387 WARN [scheduler] request_id=1c273ad3 Processed write session in 19ms
2024-01-01 00:09:45.862 DEBUG [queue] request_id=20a608d1 Slow query detected: 454ms for start_status
2024-01-01 00:09:46.377 WARN [worker] request_id=324020b2 Slow query detected: 294ms for request_write
2024-01-01 00:09:47.555 WARN [cache] request_id=7ec7e432 Failed to process mode: Connection timeout after 5000ms
2024-01-01 00:09:48.342 INFO [cache] request_id=0e0501b8 Processed offset stop in 28ms
2024-01-01 00:09:49.807 INFO [queue] request_id=215fbb9f Slow query detected: 615ms for connection_create
2024-01-01 00:09:50.450 INFO [api] request_id=27f84613 Processed delete list in 5ms
2024-01-01 00:09:51.543 ERROR [worker] request_id=d4c803cb Slow query detected: 448ms for name_list
2024-01-01 00:09:52.464 INFO [scheduler] request_id=e251323a Processed stop type in 43ms
2024-01-01 00:09:53.591 INFO [worker] request_id=a79bec03 Processed name connection in 50ms
2024-01-01 00:09:54.571 INFO [worker] request_id=dee3f7b8 Processed response error in 34ms
2024-01-01 00:09:55.593 INFO [db] request_id=62d05f4f Processed count set in 33ms
2024-01-01 00:09:56.809 INFO [auth] request_id=41c84a2a Failed to process transaction: Connection timeout after 5000ms
2024-01-01 00:09:57.955 WARN [auth] request_id=356551f1 Processed config close in 20ms
2024-01-01 00:09:58.579 INFO [cache] request_id=46b4ff60 Failed to process close: Connection timeout after 5000ms
2024-01-01 00:09:59.066 INFO [worker] request_id=7b287136 Processed client list in 13ms
2024-01-01 00:10:00.005 DEBUG [auth] request_id=ebf1b4f2 Failed to process transaction: Connection timeout after 5000ms
2024-01-01 00:10:01.125 INFO [scheduler] request_id=b1951393 Processed message cache in 23ms
2024-01-01 00:10:02.506 ERROR [scheduler] request_id=d981f978 Processed buffer action in 43ms
2024-01-01 00:10:03.766 INFO [db] request_id=69c2914a Processed stack action in 30ms
2024-01-01 00:10:04.568 DEBUG [api] request_id=23bdd7fb Processed connection stop in 37ms
2024-01-01 00:10:05.575 INFO [api] request_id=288d51e1 Slow query detected: 249ms for stack_tree
2024-01-01 00:10:06.137 INFO [db] request_id=b0f33f73 Processed action request in 36ms
2024-01-01 00:10:07.148 WARN [db] request_id=efa80458 Processed total response in 26ms
2024-01-01 00:10:08.042 WARN [cache] request_id=b5d1509e Processed start index in 26ms
2024-01-01 00:10:09.316 WARN [scheduler] request_id=f47f37d9 Processed queue stack in 33ms
2024-01-01 00:10:10.169 WARN [cache] request_id=594e0203 Processed value name in 46ms
2024-01-01 00:10:11.487 DEBUG [worker] request_id=be549517 Processed data id in 40ms
2024-01-01 00:10:12.826 INFO [db] request_id=81bb2e13 Processed type stack in 40ms
2024-01-01 00:10:13.752 INFO [scheduler] request_id=466f74d3 Slow query detected: 262ms for stop_client
2024-01-01 00:10:14.701 INFO [scheduler] request_id=18cf0f58 Processed map length in 10ms
2024-01-01 00:10:15.896 INFO [auth] request_id=bc543d43 Failed to process server: Connection timeout after 5000ms
2024-01-01 00:10:16.701 ERROR [db] request_id=01b72930 Slow query detected: 269ms for buffer_server
2024-01-01 00:10:17.877 DEBUG [scheduler] request_id=5bc25a90 Processed server result in 36ms
2024-01-01 00:10:18.834 DEBUG [queue] request_id=0ef479b8 Slow query detected: 403ms for user_type
2024-01-01 00:10:19.322 INFO [queue] request_id=51c08b57 Processed set map in 29ms
2024-01-01 00:10:20.970 INFO [worker] request_id=dcf9e40f Processed key total in 44ms
2024-01-01 00:10:21.887 WARN [auth] request_id=748cfe08 Processed result type in 21ms
2024-01-01 00:10:22.214 INFO [queue] request_id=6d6cecf5 Processed transaction cache in 5ms
2024-01-01 00:10:23.086 INFO [queue] request_id=1e2dcadd Slow query detected: 453ms for value_length
2024-01-01 00:10:24.263 INFO [api] request_id=df0cbac7 Failed to process action: Connection timeout after 5000ms
2024-01-01 00:10:25.643 DEBUG [api] request_id=5e74221c Processed stack key in 37ms
2024-01-01 00:10:26.792 INFO [auth] request_id=94d27413 Processed count buffer in 30ms
2024-01-01 00:10:27.214 INFO [worker] request_id=9608f854 Processed update create in 40ms
2024-01-01 00:10:28.550 ERROR [scheduler] request_id=1e0b0bb0 Slow query detected: 392ms for open_read
2024-01-01 00:10:29.035 ERROR [queue] request_id=2d914549 Slow query detected: 103ms for init_info
2024-01-01 00:10:30.783 INFO [worker] request_id=0e299860 Processed action message in 24ms
2024-01-01 00:10:31.078 INFO [auth] request_id=1728d808 Processed delete name in 29ms
2024-01-01 00:10:32.312 ERROR [auth] request_id=04b946fe Processed debug request in 6ms
2024-01-01 00:10:33.485 INFO [cache] request_id=b6da842d Processed error close in 47ms
2024-01-01 00:10:34.025 ERROR [scheduler] request_id=c81cde70 Processed action open in 4ms
2024-01-01 00:10:35.780 INFO [api] request_id=0a3259da Processed trace id in 17ms
2024-01-01 00:10:36.540 INFO [api] request_id=e50aeb22 Processed start status in 36ms
2024-01-01 00:10:37.616 INFO [queue] request_id=e1f9bd80 Failed to process count: Connection timeout after 5000ms
2024-01-01 00:10:38.984 ERROR [queue] request_id=238be6ac Processed request delete in 26ms
2024-01-01 00:10:39.247 INFO [db] request_id=97bb2877 Processed map map in 37ms
2024-01-01 00:10:40.395 INFO [cache] request_id=06c9cdfa Failed to process queue: Connection timeout after 5000ms
2024-01-01 00:10:41.248 WARN [cache] request_id=0b422120 Processed session warning in 36ms
2024-01-01 00:10:42.243 DEBUG [queue] request_id=c0ac83a1 Processed result read in 7ms
2024-01-01 00:10:43.016 DEBUG [cache] request_id=2d5fc84e Processed count delete in 33ms
2024-01-01 00:10:44.952 INFO [auth] request_id=c0096f3b Failed to process queue: Connection timeout after 5000ms
2024-01-01 00:10:45.788 DEBUG [auth] request_id=a3b3c998 Processed response config in 7ms
2024-01-01 00:10:46.151 ERROR [queue] request_id=5b8e5f73 Failed to process delete: Connection timeout after 5000ms
2024-01-01 00:10:47.898 INFO [cache] request_id=79178e4f Slow query detected: 679ms for user_stop
2024-01-01 00:10:48.370 ERROR [db] request_id=08d7730d Failed to process write: Connection timeout after 5000ms
2024-01-01 00:10:49.191 WARN [auth] request_id=f5769e66 Failed to process offset: Connection timeout after 5000ms
2024-01-01 00:10:50.407 WARN [cache] request_id=43de831d Processed request connection in 35ms
2024-01-01 00:10:51.134 INFO [cache] request_id=e4dbdcd7 Processed write user in 49ms
2024-01-01 00:10:52.230 DEBUG [db] request_id=661451ac Processed transaction request in 35ms
2024-01-01 00:10:53.119 WARN [api] request_id=dbb6f187 Failed to process size: Connection timeout after 5000ms
2024-01-01 00:10:54.402 INFO [worker] request_id=11035049 Failed to process list: Connection timeout after 5000ms
2024-01-01 00:10:55.363 DEBUG [queue] request_id=72f1ee09 Failed to process init: Connection timeout after 5000ms
2024-01-01 00:10:56.255 ERROR [auth] request_id=e273bb4d Processed info set in 31ms
2024-01-01 00:10:57.027 DEBUG [queue] request_id=cf7a7e6b Processed info connection in 44ms
2024-01-01 00:10:58.644 INFO [worker] request_id=c0d9549f Failed to process key: Connection timeout after 5000ms
2024-01-01 00:10:59.843 DEBUG [db] request_id=36c84912 Processed close query in 35ms
2024-01-01 00:11:00.371 INFO [db] request_id=985f68e2 Failed to process name: Connection timeout after 5000ms
2024-01-01 00:11:01.958 DEBUG [worker] request_id=debb8d0d Processed info close in 41ms
2024-01-01 00:11:02.456 INFO [db] request_id=a594481f Processed delete node in 2ms
2024-01-01 00:11:03.703 DEBUG [cache] request_id=297d0692 Processed start length in 50ms
2024-01-01 00:11:04.439 INFO [scheduler] request_id=41186731 Slow query detected: 698ms for cache_start
2024-01-01 00:11:05.183 ERROR [api] request_id=a1984179 Processed config key in 8ms
2024-01-01 00:11:06.475 INFO [db] request_id=410d3e30 Processed node info in 2ms
2024-01-01 00:11:07.859 ERROR [worker] request_id=a8c8e0e9 Processed mode message in 48ms
2024-01-01 00:11:08.252 INFO [cache] request_id=565f1c2e Processed init config in 8ms
2024-01-01 00:11:09.302 DEBUG [cache] request_id=212f90a2 Slow query detected: 431ms for warning_open
2024-01-01 00:11:10.765 INFO [api] request_id=8588a3c4 Failed to process stack: Connection timeout after 5000ms
2024-01-01 00:11:11.542 INFO [auth] request_id=5558e171 Processed read index in 41ms
2024-01-01 00:11:12.310 INFO [scheduler] request_id=0cc9b7dc Processed response server in 32ms
2024-01-01 00:11:13.170 INFO [api] request_id=1b4003e2 Processed query request in 25ms
2024-01-01 00:11:14.373 WARN [worker] request_id=aacb7b9c Processed queue open in 19ms
2024-01-01 00:11:15.606 WARN [cache] request_id=95bd40e4 Slow query detected: 204ms for init_warning
2024-01-01 00:11:16.560 ERROR [cache] request_id=940d5f1e Processed list query in 39ms
2024-01-01 00:11:17.241 INFO [api] request_id=a96651ff Slow query detected: 102ms for session_response
2024-01-01 00:11:18.325 INFO [cache] request_id=524e2087 Processed set error in 29ms
2024-01-01 00:11:19.241 DEBUG [queue] request_id=12203fb6 Failed to process queue: Connection timeout after 5000ms
2024-01-01 00:11:20.585 DEBUG [queue] request_id=8a06ef66 Processed node name in 49ms
2024-01-01 00:11:21.630 INFO [auth] request_id=d96074d0 Failed to process connection: Connection timeout after 5000ms
2024-01-01 00:11:22.163 INFO [cache] request_id=e3e8a1f5 Processed trace size in 31ms
2024-01-01 00:11:23.256 INFO [queue] request_id=5256f8b2 Processed action key in 2ms
2024-01-01 00:11:24.259 INFO [auth] request_id=b660ed94 Processed open debug in 31ms
2024-01-01 00:11:25.364 ERROR [cache] request_id=576b01f2 Processed init value in 24ms
2024-01-01 00:11:26.251 INFO [cache] request_id=da74215a Processed offset debug in 19ms
2024-01-01 00:11:27.091 INFO [worker] request_id=02d80a8a Processed total stop in 10ms
2024-01-01 00:11:28.886 INFO [worker] request_id=1319fc00 Processed size info in 45ms
2024-01-01 00:11:29.500 INFO [worker] request_id=d725cb99 Processed client trace in 50ms
2024-01-01 00:11:30.338 INFO [queue] request_id=fbbb8f95 Slow query detected: 935ms for server_data
2024-01-01 00:11:31.415 ERROR [api] request_id=d35b4ac9 Processed start open in 49ms
2024-01-01 00:11:32.916 INFO [auth] request_id=a203aeb9 Failed to process list: Connection timeout after 5000ms
2024-01-01 00:11:33.108 ERROR [api] request_id=00d39bae Slow query detected: 910ms for request_cache
2024-01-01 00:11:34.924 INFO [auth] request_id=3be7aff9 Processed mode name in 41ms
2024-01-01 00:11:35.014 INFO [db] request_id=8a7dc31a Processed start stack in 12ms
2024-01-01 00:11:36.456 INFO [api] request_id=116844d0 Processed message read in 9ms
2024-01-01 00:11:37.463 WARN [worker] request_id=e36cabdd Processed length node in 21ms
2024-01-01 00:11:38.716 WARN [auth] request_id=59c0a1eb Slow query detected: 620ms for type_offset
2024-01-01 00:11:39.654 INFO [cache] request_id=26bf197d Processed stop mode in 9ms
2024-01-01 00:11:40.642 WARN [scheduler] request_id=0ae6cd48 Processed debug open in 7ms
2024-01-01 00:11:41.090 ERROR [api] request_id=5e55a506 Failed to process open: Connection timeout after 5000ms
2024-01-01 00:11:42.392 INFO [worker] request_id=ac7a49e4 Processed key buffer in 37ms
2024-01-01 00:11:43.118 ERROR [auth] request_id=e4084dad Slow query detected: 590ms for trace_read
2024-01-01 00:11:44.577 DEBUG [auth] request_id=1b25547a Processed transaction buffer in 43ms
2024-01-01 00:11:45.462 ERROR [auth] request_id=00321ea5 Slow query detected: 438ms for total_total
2024-01-01 00:11:46.970 INFO [db] request_id=25b2be64 Processed start buffer in 18ms
2024-01-01 00:11:47.604 INFO [auth] request_id=860a3b68 Processed transaction id in 50ms
2024-01-01 00:11:48.053 INFO [cache] request_id=766d011d Failed to process status: Connection timeout after 5000ms
2024-01-01 00:11:49.805 ERROR [cache] request_id=cc46ad08 Slow query detected: 973ms for length_query
2024-01-01 00:11:50.249 ERROR [db] request_id=b3ad9949 Processed buffer name in 13ms
2024-01-01 00:11:51.750 DEBUG [worker] request_id=080ffae8 Processed stop stack in 45ms
2024-01-01 00:11:52.638 INFO [cache] request_id=824f653a Processed write close in 35ms
2024-01-01 00:11:53.976 DEBUG [queue] request_id=53502c57 Processed total start in 17ms
2024-01-01 00:11:54.385 ERROR [auth] request_id=d57fd108 Processed queue connection in 47ms
2024-01-01 00:11:55.521 INFO [queue] request_id=8d8b00ed Processed data config in 36ms
2024-01-01 00:11:56.893 INFO [auth] request_id=d417b300 Processed value trace in 30ms
2024-01-01 00:11:57.245 INFO [worker] request_id=b7f33f8a Slow query detected: 809ms for debug_mode
2024-01-01 00:11:58.622 DEBUG [auth] request_id=ec3b79d1 Failed to process init: Connection timeout after 5000ms
2024-01-01 00:11:59.555 INFO [scheduler] request_id=af891d0f Slow query detected: 658ms for length_mode
2024-01-01 00:12:00.338 DEBUG [db] request_id=ed6bb97f Slow query detected: 895ms for debug_name
2024-01-01 00:12:01.172 INFO [queue] request_id=9c2c0344 Slow query detected: 406ms for action_mode
2024-01-01 00:12:02.778 INFO [cache] request_id=e4b98d65 Failed to process update: Connection timeout after 5000ms
2024-01-01 00:12:03.865 ERROR [cache] request_id=7aebd477 Failed to process data: Connection timeout after 5000ms
2024-01-01 00:12:04.704 WARN [worker] request_id=7ca87e31 Processed close set in 27ms
2024-01-01 00:12:05.993 DEBUG [db] request_id=2aa8dff4 Processed data map in 38ms
2024-01-01 00:12:06.899 ERROR [api] request_id=0925a100 Processed config message in 28ms
2024-01-01 00:12:07.201 INFO [api] request_id=a01edaea Processed type session in 47ms
2024-01-01 00:12:08.712 ERROR [scheduler] request_id=33076a42 Processed id stack in 43ms
2024-01-01 00:12:09.844 DEBUG [api] request_id=3c753780 Processed queue name in 46ms
2024-01-01 00:12:10.263 INFO [scheduler] request_id=eab57c5f Processed open open in 38ms
2024-01-01 00:12:11.658 INFO [queue] request_id=07f5115b Slow query detected: 197ms for update_stack
2024-01-01 00:12:12.888 ERROR [api] request_id=d6b304f2 Processed client connection in 14ms
2024-01-01 00:12:13.980 WARN [api] request_id=e23e7842 Processed cache result in 18ms
2024-01-01 00:12:14.539 WARN [auth] request_id=55704d32 Processed type error in 31ms
2024-01-01 00:12:15.472 INFO [worker] request_id=34cdf07a Failed to process count: Connection timeout after 5000ms
2024-01-01 00:12:16.314 INFO [cache] request_id=947761f3 Failed to process create: Connection timeout after 5000ms
2024-01-01 00:12:17.990 INFO [auth] request_id=1fca1d4c Processed id key in 6ms
2024-01-01 00:12:18.057 DEBUG [queue] request_id=f41a8b36 Slow query detected: 290ms for status_start
2024-01-01 00:12:19.630 INFO [auth] request_id=a6cabf9a Processed id start in 34ms
2024-01-01 00:12:20.276 INFO [worker] request_id=284d5f08 Slow query detected: 358ms for data_warning
2024-01-01 00:12:21.397 INFO [api] request_id=34a8f4f1 Slow query detected: 368ms for session_status
2024-01-01 00:12:22.533 INFO [queue] request_id=04c7ecd7 Failed to process status: Connection timeout after 5000ms
2024-01-01 00:12:23.179 INFO [queue] request_id=c571a9e4 Processed map config in 24ms
2024-01-01 00:12:24.782 ERROR [db] request_id=d419395e Processed warning set in 33ms
2024-01-01 00:12:25.145 ERROR [auth] request_id=2730e4cb Processed read request in 9ms
2024-01-01 00:12:26.660 WARN [worker] request_id=86773982 Failed to process queue: Connection timeout after 5000ms
2024-01-01 00:12:27.523 INFO [queue] request_id=b8f32aba Processed write debug in 6ms
2024-01-01 00:12:28.963 INFO [api] request_id=9ecbe3db Failed to process map: Connection timeout after 5000ms
2024-01-01 00:12:29.740 INFO [cache] request_id=272f88a9 Processed node stop in 18ms
2024-01-01 00:12:30.914 INFO [worker] request_id=3f0ce9a8 Slow query detected: 470ms for warning_length
2024-01-01 00:12:31.706 INFO [auth] request_id=03334f17 Processed key warning in 42ms
2024-01-01 00:12:32.228 ERROR [cache] request_id=b92ca96e Processed offset debug in 12ms
2024-01-01 00:12:33.775 ERROR [db] request_id=dc60ac2c Processed connection message in 21ms
2024-01-01 00:12:34.157 INFO [queue] request_id=8ae0b39f Processed update user in 50ms
2024-01-01 00:12:35.773 ERROR [api] request_id=ad4d7d4e Failed to process config: Connection timeout after 5000ms
2024-01-01 00:12:36.447 INFO [api] request_id=735ad6f4 Processed offset length in 18ms
2024-01-01 00:12:37.484 INFO [db] request_id=9329baab Processed message client in 38ms
2024-01-01 00:12:38.992 INFO [queue] request_id=30e447b9 Processed count client in 14ms
2024-01-01 00:12:39.122 INFO [worker] request_id=25384917 Processed session connection in 4ms
2024-01-01 00:12:40.405 WARN [auth] request_id=e5dd10e3 Processed update size in 23ms
2024-01-01 00:12:41.253 INFO [auth] request_id=1c02459d Processed length stack in 28ms
2024-01-01 00:12:42.189 WARN [scheduler] request_id=0aad3f6c Processed response cache in 29ms
2024-01-01 00:12:43.721 INFO [scheduler] request_id=5bbeb55d Failed to process size: Connection timeout after 5000ms
2024-01-01 00:12:44.823 WARN [api] request_id=d0316fa2 Processed query stop in 43ms
2024-01-01 00:12:45.344 INFO [worker] request_id=eda17698 Failed to process data: Connection timeout after 5000ms
2024-01-01 00:12:46.706 ERROR [auth] request_id=7a61b9c4 Processed value offset in 4ms
2024-01-01 00:12:47.052 WARN [scheduler] request_id=920084e9 Failed to process mode: Connection timeout after 5000ms
2024-01-01 00:12:48.014 INFO [scheduler] request_id=d25ea728 Processed result client in 10ms
2024-01-01 00:12:49.069 WARN [worker] request_id=adf89b56 Slow query detected: 213ms for read_config
2024-01-01 00:12:50.749 INFO [db] request_id=6a59d22c Processed action action in 2ms
2024-01-01 00:12:51.850 ERROR [queue] request_id=ecf56d5c Failed to process size: Connection timeout after 5000ms
2024-01-01 00:12:52.411 INFO [api] request_id=6b878fda Processed client trace in 27ms
2024-01-01 00:12:53.871 INFO [api] request_id=3db656b9 Slow query detected: 437ms for trace_close
2024-01-01 00:12:54.503 ERROR [queue] request_id=228bcbd2 Processed error result in 16ms
2024-01-01 00:12:55.337 INFO [auth] request_id=1d7325b9 Slow query detected: 894ms for node_update
2024-01-01 00:12:56.704 INFO [db] request_id=65668a33 Processed length name in 31ms
2024-01-01 00:12:57.052 DEBUG [auth] request_id=09d7a0e0 Processed offset tree in 8ms
2024-01-01 00:12:58.557 WARN [auth] request_id=6657e210 Processed message node in 4ms
2024-01-01 00:12:59.186 INFO [cache] request_id=5039dfa0 Processed server close in 24ms
2024-01-01 00:13:00.961 DEBUG [queue] request_id=15706baa Failed to process data: Connection timeout after 5000ms
2024-01-01 00:13:01.442 WARN [auth] request_id=e2fde990 Slow query detected: 813ms for trace_count
2024-01-01 00:13:02.685 ERROR [scheduler] request_id=2f41e81f Slow query detected: 718ms for info_key
2024-01-01 00:13:03.603 INFO [db] request_id=328f1468 Processed list mode in 25ms
2024-01-01 00:13:04.714 WARN [api] request_id=88afc13c Processed user data in 15ms
2024-01-01 00:13:05.635 WARN [auth] request_id=0383d907 Failed to process request: Connection timeout after 5000ms
2024-01-01 00:13:06.852 INFO [scheduler] request_id=bfbc6292 Failed to process client: Connection timeout after 5000ms
2024-01-01 00:13:07.667 WARN [cache] request_id=9e22b94d Failed to process list: Connection timeout after 5000ms
2024-01-01 00:13:08.849 INFO [scheduler] request_id=268c649b Processed queue request in 38ms
2024-01-01 00:13:09.770 INFO [api] request_id=bee26141 Processed start delete in 37ms
2024-01-01 00:13:10.254 INFO [auth] request_id=12e23928 Slow query detected: 991ms for value_name
2024-01-01 00:13:11.667 INFO [cache] request_id=dd10caa7 Processed transaction response in 34ms
2024-01-01 00:13:12.218 WARN [scheduler] request_id=bf02b22f Processed response write in 9ms
2024-01-01 00:13:13.754 DEBUG [api] request_id=cd6daa1b Processed data transaction in 41ms
2024-01-01 00:13:14.472 INFO [cache] request_id=8fd355bb Failed to process session: Connection timeout after 5000ms
2024-01-01 00:13:15.494 INFO [api] request_id=9961b647 Slow query detected: 724ms for query_create
2024-01-01 00:13:16.624 INFO [cache] request_id=4a198f25 Processed write message in 45ms
2024-01-01 00:13:17.894 INFO [queue] request_id=726a37b0 Failed to process mode: Connection timeout after 5000ms
2024-01-01 00:13:18.462 ERROR [auth] request_id=8bb7f92d Processed update stop in 6ms
2024-01-01 00:13:19.709 WARN [scheduler] request_id=55ac53cb Processed result warning in 15ms
2024-01-01 00:13:20.404 ERROR [db] request_id=ffa88269 Slow query detected: 973ms for session_tree
2024-01-01 00:13:21.606 INFO [scheduler] request_id=7337242d Slow query detected: 699ms for user_client
2024-01-01 00:13:22.420 DEBUG [scheduler] request_id=8032d156 Failed to process client: Connection timeout after 5000ms
2024-01-01 00:13:23.621 ERROR [db] request_id=fe8fb120 Processed message length in 32ms
2024-01-01 00:13:24.599 INFO [scheduler] request_id=7fafc3d2 Failed to process read: Connection timeout after 5000ms
2024-01-01 00:13:25.087 INFO [db] request_id=20f485a2 Processed user cache in 18ms
2024-01-01 00:13:26.744 WARN [db] request_id=5da14fc9 Processed server length in 16ms
2024-01-01 00:13:27.826 INFO [scheduler] request_id=2f025b8b Processed user config in 11ms
2024-01-01 00:13:28.924 INFO [worker] request_id=94c1b917 Failed to process node: Connection timeout after 5000ms
2024-01-01 00:13:29.231 ERROR [api] request_id=2153fc7a Processed read value in 49ms
2024-01-01 00:13:30.727 INFO [scheduler] request_id=7eb0d269 Slow query detected: 370ms for tree_total
2024-01-01 00:13:31.393 ERROR [worker] request_id=7358dce7 Processed stop offset in 31ms
2024-01-01 00:13:32.986 DEBUG [db] request_id=13474cf1 Processed tree tree in 7ms
2024-01-01 00:13:33.741 INFO [cache] request_id=4daaa325 Processed close type in 4ms
2024-01-01 00:13:34.693 WARN [queue] request_id=c85c08c1 Processed id status in 14ms
2024-01-01 00:13:35.589 WARN [worker] request_id=4b776a0c Failed to process mode: Connection timeout after 5000ms
2024-01-01 00:13:36.812 INFO [cache] request_id=0083c577 Slow query detected: 723ms for index_key
2024-01-01 00:13:37.585 DEBUG [scheduler] request_id=48a9ebb0 Processed warning create in 47ms
2024-01-01 00:13:38.872 ERROR [scheduler] request_id=9275a5d5 Processed read read in 22ms
2024-01-01 00:13:39.135 INFO [cache] request_id=65f802a6 Slow query detected: 232ms for result_buffer
2024-01-01 00:13:40.123 INFO [queue] request_id=97f980cd Processed length close in 14ms
2024-01-01 00:13:41.847 DEBUG [auth] request_id=0633aaf5 Processed id stop in 10ms
2024-01-01 00:13:42.815 ERROR [worker] request_id=12976f13 Failed to process close: Connection timeout after 5000ms
2024-01-01 00:13:43.803 DEBUG [cache] request_id=f7fbfb8a Failed to process size: Connection timeout after 5000ms
2024-01-01 00:13:44.021 DEBUG [cache] request_id=0ec87bd9 Failed to process cache: Connection timeout after 5000ms
2024-01-01 00:13:45.178 INFO [api] request_id=676549b2 Processed count init in 25ms
2024-01-01 00:13:46.570 INFO [db] request_id=02c69607 Processed config connection in 40ms
2024-01-01 00:13:47.414 DEBUG [db] request_id=22fcfe47 Processed debug delete in 21ms
2024-01-01 00:13:48.603 INFO [worker] request_id=7672ef76 Processed create client in 23ms
2024-01-01 00:13:49.054 INFO [api] request_id=86175639 Processed cache message in 38ms
2024-01-01 00:13:50.438 INFO [auth] request_id=7ef96ff9 Processed length queue in 44ms
2024-01-01 00:13:51.164 ERROR [auth] request_id=9258d0bf Processed write warning in 16ms
2024-01-01 00:13:52.180 ERROR [scheduler] request_id=8c53dabf Processed trace response in 47ms
2024-01-01 00:13:53.737 WARN [cache] request_id=028cc5e1 Processed index offset in 24ms
2024-01-01 00:13:54.168 DEBUG [cache] request_id=9ee69f06 Processed set response in 15ms
2024-01-01 00:13:55.905 ERROR [scheduler] request_id=532a1416 Processed trace config in 12ms
2024-01-01 00:13:56.227 WARN [queue] request_id=9b264627 Failed to process mode: Connection timeout after 5000ms
2024-01-01 00:13:57.274 INFO [worker] request_id=67ebd5d2 Slow query detected: 536ms for offset_data
2024-01-01 00:13:58.935 INFO [db] request_id=9fc0be66 Processed type action in 44ms
2024-01-01 00:13:59.607 INFO [queue] request_id=e2782469 Processed init open in 21ms
2024-01-01 00:14:00.433 INFO [scheduler] request_id=dc181319 Slow query detected: 399ms for map_update
2024-01-01 00:14:01.889 INFO [db] request_id=20115863 Processed error trace in 15ms
2024-01-01 00:14:02.490 ERROR [api] request_id=997c92b8 Slow query detected: 913ms for open_index
2024-01-01 00:14:03.759 INFO [worker] request_id=9be05109 Processed action stop in 49ms
2024-01-01 00:14:04.940 WARN [worker] request_id=71b2b807 Processed count node in 49ms
2024-01-01 00:14:05.703 INFO [auth] request_id=87d10cb2 Failed to process stack: Connection timeout after 5000ms
2024-01-01 00:14:06.667 INFO [cache] request_id=f633933d Processed size offset in 47ms
2024-01-01 00:14:07.631 INFO [scheduler] request_id=8b62389c Slow query detected: 267ms for status_close
2024-01-01 00:14:08.935 DEBUG [scheduler] request_id=b81e058e Processed list user in 35ms
2024-01-01 00:14:09.444 INFO [queue] request_id=1556d299 Slow query detected: 668ms for id_status
2024-01-01 00:14:10.014 INFO [worker] request_id=baf4d351 Slow query detected: 653ms for id_type
2024-01-01 00:14:11.839 WARN [db] request_id=1ee78a77 Processed config start in 14ms
2024-01-01 00:14:12.029 INFO [cache] request_id=41f8a970 Processed error response in 48ms
2024-01-01 00:14:13.376 INFO [worker] request_id=c65e6399 Processed init client in 5ms
2024-01-01 00:14:14.688 WARN [queue] request_id=1d34ae0d Processed count server in 5ms
2024-01-01 00:14:15.788 INFO [cache] request_id=1a8033e4 Processed index info in 7ms
2024-01-01 00:14:16.868 INFO [worker] request_id=de25894b Processed count index in 22ms
2024-01-01 00:14:17.514 INFO [api] request_id=8f531c7d Processed update list in 6ms
2024-01-01 00:14:18.396 DEBUG [queue] request_id=47dbac94 Processed tree offset in 36ms
2024-01-01 00:14:19.142 INFO [db] request_id=a71e17ba Processed cache tree in 3ms
2024-01-01 00:14:20.714 WARN [worker] request_id=6c2886bc Processed stop open in 8ms
2024-01-01 00:14:21.053 INFO [queue] request_id=f2ea12dc Processed index debug in 43ms
2024-01-01 00:14:22.299 INFO [api] request_id=bc5d58c5 Processed stack value in 27ms
2024-01-01 00:14:23.039 DEBUG [db] request_id=54a27282 Processed info list in 23ms
2024-01-01 00:14:24.052 WARN [scheduler] request_id=534a816c Processed server buffer in 18ms
2024-01-01 00:14:25.983 INFO [worker] request_id=9fd6a685 Processed session config in 47ms
2024-01-01 00:14:26.891 INFO [worker] request_id=9c644ba1 Processed value client in 35ms
2024-01-01 00:14:27.528 WARN [db] request_id=aafeceb0 Failed to process message: Connection timeout after 5000ms
2024-01-01 00:14:28.619 ERROR [cache] request_id=73d958e6 Processed create total in 8ms
2024-01-01 00:14:29.236 INFO [worker] request_id=ecb0e003 Processed id tree in 33ms
2024-01-01 00:14:30.815 WARN [auth] request_id=767e0209 Processed update transaction in 37ms
2024-01-01 00:14:31.787 WARN [worker] request_id=2701816e Processed message length in 47ms
2024-01-01 00:14:32.227 INFO [api] request_id=441cd501 Processed query config in 4ms
2024-01-01 00:14:33.156 WARN [auth] request_id=e87f58bb Processed buffer close in 8ms
2024-01-01 00:14:34.525 ERROR [cache] request_id=c6a96c47 Processed node transaction in 1ms
2024-01-01 00:14:35.382 WARN [worker] request_id=ac05e004 Processed client set in 27ms
2024-01-01 00:14:36.346 DEBUG [scheduler] request_id=03469be5 Processed request key in 50ms
2024-01-01 00:14:37.207 DEBUG [scheduler] request_id=cf8308b0 Processed stop delete in 33ms
2024-01-01 00:14:38.455 INFO [db] request_id=79cc641e Processed open trace in 39ms
2024-01-01 00:14:39.274 INFO [api] request_id=1591c0fc Processed start offset in 38ms
2024-01-01 00:14:40.991 INFO [db] request_id=149f60d8 Failed to process write: Connection timeout after 5000ms
2024-01-01 00:14:41.881 INFO [scheduler] request_id=b679eebe Processed tree update in 19ms
2024-01-01 00:14:42.268 INFO [api] request_id=2868fdc4 Processed message delete in 24ms
2024-01-01 00:14:43.687 INFO [api] request_id=728176b6 Processed start length in 15ms
2024-01-01 00:14:44.071 DEBUG [worker] request_id=37e8d363 Processed close queue in 20ms
2024-01-01 00:14:45.480 INFO [db] request_id=850850fe Slow query detected: 898ms for warning_request
2024-01-01 00:14:46.356 INFO [cache] request_id=70c1a082 Processed info init in 41ms
2024-01-01 00:14:47.996 INFO [cache] request_id=547b4663 Processed trace stack in 13ms
2024-01-01 00:14:48.518 ERROR [worker] request_id=53709f0b Processed stop client in 48ms
2024-01-01 00:14:49.493 INFO [auth] request_id=f93ca852 Slow query detected: 238ms for node_trace
2024-01-01 00:14:50.037 ERROR [cache] request_id=7bd761bb Failed to process index: Connection timeout after 5000ms
2024-01-01 00:14:51.187 ERROR [queue] request_id=1528f856 Processed transaction request in 46ms
2024-01-01 00:14:52.935 INFO [db] request_id=9402db79 Processed mode message in 27ms
2024-01-01 00:14:53.247 DEBUG [worker] request_id=12884fc0 Processed mode response in 25ms
2024-01-01 00:14:54.924 ERROR [queue] request_id=e0fe0c89 Failed to process queue: Connection timeout after 5000ms
2024-01-01 00:14:55.796 INFO [cache] request_id=6065b17f Processed init set in 28ms
2024-01-01 00:14:56.535 INFO [auth] request_id=cf49aaed Processed request name in 38ms
2024-01-01 00:14:57.944 INFO [queue] request_id=7d88e4ec Processed cache size in 12ms
2024-01-01 00:14:58.660 INFO [queue] request_id=415a7f6e Processed update total in 20ms
2024-01-01 00:14:59.695 ERROR [worker] request_id=eddcc949 Processed value config in 44ms
2024-01-01 00:15:00.174 ERROR [cache] request_id=297e72bb Processed write read in 33ms
2024-01-01 00:15:01.388 INFO [scheduler] request_id=d550effc Processed size response in 41ms
2024-01-01 00:15:02.573 INFO [cache] request_id=ca2b4fa8 Slow query detected: 418ms for open_queue
2024-01-01 00:15:03.173 INFO [api] request_id=42fdd1c8 Processed node tree in 5ms
2024-01-01 00:15:04.845 INFO [queue] request_id=22181739 Slow query detected: 781ms for request_stop
2024-01-01 00:15:05.221 WARN [db] request_id=ecf3263f Processed cache user in 31ms
2024-01-01 00:15:06.434 ERROR [cache] request_id=0f1ce780 Slow query detected: 793ms for info_tree
2024-01-01 00:15:07.043 INFO [api] request_id=92375feb Processed set transaction in 25ms
2024-01-01 00:15:08.420 INFO [worker] request_id=25ecfa90 Processed config close in 44ms
2024-01-01 00:15:09.058 INFO [queue] request_id=7bb90753 Processed offset start in 5ms
2024-01-01 00:15:10.889 INFO [worker] request_id=1e4c0025 Slow query detected: 245ms for read_key
2024-01-01 00:15:11.308 DEBUG [queue] request_id=ba13e750 Processed write list in 50ms
2024-01-01 00:15:12.013 DEBUG [worker] request_id=7a249a3b Processed trace delete in 23ms
2024-01-01 00:15:13.234 WARN [worker] request_id=8d956361 Slow query detected: 549ms for stack_stop
2024-01-01 00:15:14.223 ERROR [scheduler] request_id=72759e59 Processed connection close in 26ms
2024-01-01 00:15:15.035 INFO [scheduler] request_id=46f3ade4 Processed info start in 14ms
2024-01-01 00:15:16.125 WARN [db] request_id=e5a8a488 Processed open debug in 28ms
2024-01-01 00:15:17.005 INFO [cache] request_id=10eeef98 Processed key debug in 23ms
2024-01-01 00:15:18.497 ERROR [api] request_id=47935c95 Slow query detected: 534ms for value_size
2024-01-01 00:15:19.670 WARN [db] request_id=e9d88425 Slow query detected: 661ms for queue_open
2024-01-01 00:15:20.779 INFO [auth] request_id=980925eb Failed to process result: Connection timeout after 5000ms
2024-01-01 00:15:21.400 INFO [worker] request_id=438e769b Processed status session in 4ms
2024-01-01 00:15:22.622 WARN [scheduler] request_id=6bee590d Processed stop create in 8ms
2024-01-01 00:15:23.061 INFO [db] request_id=cfadf92c Slow query detected: 641ms for id_set
2024-01-01 00:15:24.979 WARN [worker] request_id=94df89e5 Failed to process read: Connection timeout after 5000ms
2024-01-01 00:15:25.741 WARN [queue] request_id=9ec61e05 Failed to process buffer: Connection timeout after 5000ms
2024-01-01 00:15:26.658 INFO [auth] request_id=6f86a28e Slow query detected: 349ms for init_index
2024-01-01 00:15:27.820 INFO [api] request_id=acc438ad Processed read key in 4ms
2024-01-01 00:15:28.477 DEBUG [worker] request_id=7d852959 Processed cache session in 6ms
2024-01-01 00:15:29.800 DEBUG [cache] request_id=4e8f27bd Processed stop update in 1ms
2024-01-01 00:15:30.767 ERROR [cache] request_id=6143f1f4 Failed to process size: Connection timeout after 5000ms
2024-01-01 00:15:31.592 INFO [db] request_id=9049070e Failed to process create: Connection timeout after 5000ms
2024-01-01 00:15:32.462 WARN [worker] request_id=631ed225 Processed action mode in 7ms
2024-01-01 00:15:33.713 INFO [queue] request_id=37074bb7 Processed id request in 31ms
2024-01-01 00:15:34.458 INFO [auth] request_id=282ea4f5 Processed server length in 6ms
2024-01-01 00:15:35.863 WARN [scheduler] request_id=e6a6bca7 Slow query detected: 662ms for result_index
2024-01-01 00:15:36.697 INFO [db] request_id=02fed1d3 Processed error length in 44ms
2024-01-01 00:15:37.310 INFO [cache] request_id=52cf4188 Processed read warning in 10ms
2024-01-01 00:15:38.645 DEBUG [cache] request_id=e3307e19 Failed to process tree: Connection timeout after 5000ms
2024-01-01 00:15:39.456 INFO [scheduler] request_id=a5866471 Processed count value in 3ms
2024-01-01 00:15:40.257 INFO [worker] request_id=38d78286 Processed tree result in 24ms
2024-01-01 00:15:41.665 INFO [queue] request_id=ce97af98 Failed to process write: Connection timeout after 5000ms
2024-01-01 00:15:42.537 INFO [auth] request_id=e5eb039a Slow query detected: 157ms for count_cache
2024-01-01 00:15:43.361 ERROR [cache] request_id=14d8b657 Processed action response in 9ms
2024-01-01 00:15:44.976 INFO [queue] request_id=69211dc5 Processed index transaction in 23ms
2024-01-01 00:15:45.715 DEBUG [queue] request_id=79c9f061 Processed session open in 32ms
2024-01-01 00:15:46.838 INFO [db] request_id=7f7b320e Processed offset buffer in 18ms
2024-01-01 00:15:47.011 INFO [api] request_id=012b71e1 Processed node data in 33ms
2024-01-01 00:15:48.779 ERROR [auth] request_id=bba4a5ee Processed init user in 27ms
2024-01-01 00:15:49.634 INFO [api] request_id=4d20dccf Failed to process size: Connection timeout after 5000ms
2024-01-01 00:15:50.071 WARN [api] request_id=77c4cd9b Processed config result in 38ms
2024-01-01 00:15:51.926 INFO [scheduler] request_id=862ef8e0 Processed query buffer in 16ms
2024-01-01 00:15:52.406 INFO [scheduler] request_id=788a6bbe Processed map write in 18ms
2024-01-01 00:15:53.812 ERROR [auth] request_id=87a5cd69 Processed config message in 20ms
2024-01-01 00:15:54.506 DEBUG [db] request_id=039a5cec Failed to process offset: Connection timeout after 5000ms
2024-01-01 00:15:55.527 INFO [db] request_id=bb9c49b1 Failed to process type: Connection timeout after 5000ms
2024-01-01 00:15:56.016 DEBUG [queue] request_id=eabb467a Slow query detected: 679ms for response_stack
2024-01-01 00:15:57.013 INFO [cache] request_id=df0e1070 Slow query detected: 796ms for node_name
2024-01-01 00:15:58.758 INFO [queue] request_id=5e70d421 Processed index connection in 12ms
2024-01-01 00:15:59.486 INFO [queue] request_id=a3c09a8e Processed name transaction in 21ms
2024-01-01 00:16:00.657 INFO [auth] request_id=08d23539 Processed map update in 18ms
2024-01-01 00:16:01.418 INFO [worker] request_id=00b399de Processed config list in 6ms
2024-01-01 00:16:02.434 WARN [worker] request_id=3eebd0ba Processed server stack in 26ms
2024-01-01 00:16:03.960 INFO [queue] request_id=d5be1e4b Processed error id in 50ms
2024-01-01 00:16:04.409 ERROR [scheduler] request_id=beeb9b48 Failed to process queue: Connection timeout after 5000ms
2024-01-01 00:16:05.197 INFO [db] request_id=95025d11 Processed count user in 39ms
2024-01-01 00:16:06.003 INFO [cache] request_id=5a0e4915 Processed create result in 40ms
2024-01-01 00:16:07.609 ERROR [cache] request_id=431e5179 Processed trace cache in 14ms
2024-01-01 00:16:08.510 WARN [worker] request_id=d597f762 Processed stack open in 22ms
2024-01-01 00:16:09.943 ERROR [worker] request_id=6bfce4f6 Processed buffer status in 8ms
2024-01-01 00:16:10.869 WARN [api] request_id=c8fe5d29 Processed trace update in 33ms
2024-01-01 00:16:11.857 ERROR [scheduler] request_id=40b67901 Slow query detected: 728ms for index_start
2024-01-01 00:16:12.795 INFO [scheduler] request_id=24f0c712 Failed to process stack: Connection timeout after 5000ms
2024-01-01 00:16:13.223 INFO [cache] request_id=f0f8506c Processed status create in 49ms
2024-01-01 00:16:14.557 INFO [db] request_id=06ff089d Processed read data in 4ms
2024-01-01 00:16:15.023 INFO [queue] request_id=318312bc Processed cache trace in 42ms
2024-01-01 00:16:16.185 WARN [auth] request_id=73d66cb8 Failed to process error: Connection timeout after 5000ms
2024-01-01 00:16:17.284 INFO [queue] request_id=f0998ec3 Processed map init in 33ms
2024-01-01 00:16:18.974 WARN [scheduler] request_id=838bdee2 Slow query detected: 430ms for info_cache
2024-01-01 00:16:19.362 INFO [cache] request_id=009e3155 Processed length init in 44ms
2024-01-01 00:16:20.628 WARN [auth] request_id=5406b3e6 Processed mode info in 47ms
2024-01-01 00:16:21.790 INFO [auth] request_id=926a2419 Processed close start in 29ms
2024-01-01 00:16:22.667 WARN [api] request_id=070148ad Processed close stack in 16ms
2024-01-01 00:16:23.953 INFO [api] request_id=be4dd465 Processed result delete in 13ms
2024-01-01 00:16:24.200 ERROR [auth] request_id=ca7286dc Failed to process open: Connection timeout after 5000ms
2024-01-01 00:16:25.220 INFO [cache] request_id=32026c62 Processed set stack in 17ms
2024-01-01 00:16:26.371 INFO [auth] request_id=cfb9e1de Processed total delete in 44ms
2024-01-01 00:16:27.513 INFO [worker] request_id=7fab5085 Processed result tree in 38ms
2024-01-01 00:16:28.343 ERROR [cache] request_id=f3bf1b95 Slow query detected: 211ms for server_data
2024-01-01 00:16:29.895 INFO [db] request_id=243c8c02 Processed stop connection in 17ms
2024-01-01 00:16:30.087 WARN [api] request_id=d151f1ce Processed create delete in 10ms
2024-01-01 00:16:31.809 DEBUG [cache] request_id=ca0f2a94 Slow query detected: 884ms for key_status
2024-01-01 00:16:32.690 INFO [auth] request_id=c9ce3b83 Slow query detected: 842ms for error_node
2024-01-01 00:16:33.760 WARN [scheduler] request_id=c39db9a4 Processed value write in 11ms
2024-01-01 00:16:34.882 INFO [auth] request_id=d8671512 Processed update delete in 47ms
2024-01-01 00:16:35.919 INFO [scheduler] request_id=097e14f7 Processed total warning in 28ms
2024-01-01 00:16:36.487 WARN [queue] request_id=7618f6d8 Processed action client in 15ms
2024-01-01 00:16:37.115 ERROR [cache] request_id=d9d43644 Processed length config in 32ms
2024-01-01 00:16:38.325 ERROR [worker] request_id=656149f3 Processed write query in 24ms
2024-01-01 00:16:39.902 INFO [auth] request_id=01ade621 Processed name warning in 39ms
2024-01-01 00:16:40.487 INFO [db] request_id=756098d2 Processed map create in 1ms
2024-01-01 00:16:41.171 INFO [api] request_id=f2c04a70 Processed count size in 50ms
2024-01-01 00:16:42.582 DEBUG [cache] request_id=91f461ef Processed node trace in 41ms
2024-01-01 00:16:43.307 ERROR [cache] request_id=10bf1030 Processed update message in 16ms
2024-01-01 00:16:44.681 INFO [scheduler] request_id=0371f0b7 Processed index request in 44ms
2024-01-01 00:16:45.806 INFO [queue] request_id=d8a30e9e Failed to process name: Connection timeout after 5000ms
2024-01-01 00:16:46.717 INFO [api] request_id=66132471 Processed close user in 14ms
2024-01-01 00:16:47.622 WARN [scheduler] request_id=3b9e925c Processed set config in 14ms
2024-01-01 00:16:48.276 INFO [scheduler] request_id=cbf11f2f Processed trace result in 38ms
2024-01-01 00:16:49.771 INFO [worker] request_id=7fac022b Slow query detected: 577ms for open_status
2024-01-01 00:16:50.025 INFO [cache] request_id=328b6c10 Processed start cache in 11ms
2024-01-01 00:16:51.161 ERROR [auth] request_id=5be29b41 Processed data size in 4ms
2024-01-01 00:16:52.136 INFO [auth] request_id=378104b4 Processed create mode in 16ms
2024-01-01 00:16:53.262 INFO [auth] request_id=404e3e6c Processed request init in 41ms
2024-01-01 00:16:54.862 ERROR [worker] request_id=b2dcf224 Processed write user in 26ms
2024-01-01 00:16:55.253 INFO [auth] request_id=6f4f2ff0 Processed map init in 30ms
2024-01-01 00:16:56.396 WARN [auth] request_id=5ce95f68 Processed value connection in 37ms
2024-01-01 00:16:57.546 WARN [queue] request_id=a67e77d8 Slow query detected: 588ms for cache_start
2024-01-01 00:16:58.111 INFO [api] request_id=721fea27 Processed id id in 19ms
2024-01-01 00:16:59.266 ERROR [api] request_id=aaa6f5ef Processed index type in 6ms
2024-01-01 00:17:00.950 WARN [queue] request_id=eb37842d Processed message id in 16ms
2024-01-01 00:17:01.576 DEBUG [api] request_id=fdcb42ec Processed length message in 4ms
2024-01-01 00:17:02.439 INFO [queue] request_id=8d1bae40 Failed to process node: Connection timeout after 5000ms
2024-01-01 00:17:03.203 INFO [db] request_id=62627252 Failed to process update: Connection timeout after 5000ms
2024-01-01 00:17:04.110 ERROR [api] request_id=1ec1be4b Processed query user in 24ms
2024-01-01 00:17:05.759 INFO [api] request_id=064de239 Processed debug delete in 50ms
2024-01-01 00:17:06.919 WARN [worker] request_id=eedc5353 Processed buffer init in 34ms
2024-01-01 00:17:07.846 ERROR [auth] request_id=4198131e Processed config size in 49ms
2024-01-01 00:17:08.314 DEBUG [cache] request_id=25f7a74a Processed delete session in 25ms
2024-01-01 00:17:09.225 INFO [cache] request_id=7aebf2d0 Processed count cache in 32ms
2024-01-01 00:17:10.429 INFO [scheduler] request_id=5ab4737d Failed to process request: Connection timeout after 5000ms
2024-01-01 00:17:11.760 DEBUG [scheduler] request_id=718f3afe Failed to process set: Connection timeout after 5000ms
2024-01-01 00:17:12.618 INFO [queue] request_id=c5e76538 Processed index request in 18ms
2024-01-01 00:17:13.428 ERROR [cache] request_id=6f42e12e Processed stop message in 30ms
2024-01-01 00:17:14.462 INFO [db] request_id=01fadd37 Processed buffer request in 25ms
2024-01-01 00:17:15.185 ERROR [queue] request_id=1ff066cf Failed to process tree: Connection timeout after 5000ms
2024-01-01 00:17:16.174 INFO [auth] request_id=cc31f37c Processed cache queue in 50ms
2024-01-01 00:17:17.042 INFO [cache] request_id=ce205d6e Processed transaction open in 34ms
2024-01-01 00:17:18.321 INFO [auth] request_id=52e749d2 Slow query detected: 209ms for total_client
2024-01-01 00:17:19.692 INFO [api] request_id=588b5550 Processed client server in 1ms
2024-01-01 00:17:20.973 INFO [api] request_id=4ac94818 Processed config status in 17ms
2024-01-01 00:17:21.608 ERROR [auth] request_id=61d83019 Failed to process size: Connection timeout after 5000ms
2024-01-01 00:17:22.557 INFO [queue] request_id=dbfe7af8 Processed action response in 21ms
2024-01-01 00:17:23.814 WARN [api] request_id=220e396b Processed stop query in 46ms
2024-01-01 00:17:24.816 INFO [worker] request_id=8d9f0dc7 Processed connection set in 50ms
2024-01-01 00:17:25.446 INFO [queue] request_id=005f558c Processed query offset in 17ms
2024-01-01 00:17:26.985 INFO [api] request_id=a55af388 Processed transaction connection in 26ms
2024-01-01 00:17:27.211 INFO [scheduler] request_id=d9f6a9c3 Failed to process length: Connection timeout after 5000ms
2024-01-01 00:17:28.972 INFO [db] request_id=9d855482 Slow query detected: 799ms for queue_transaction
2024-01-01 00:17:29.403 INFO [cache] request_id=0121994d Slow query detected: 569ms for name_offset
2024-01-01 00:17:30.101 INFO [db] request_id=84a03b38 Processed client length in 38ms
2024-01-01 00:17:31.343 ERROR [cache] request_id=9c04bd4b Processed response name in 8ms
2024-01-01 00:17:32.640 ERROR [db] request_id=2b224e7c Processed index open in 37ms
2024-01-01 00:17:33.198 ERROR [auth] request_id=7bb37b6b Slow query detected: 921ms for value_offset
2024-01-01 00:17:34.760 INFO [auth] request_id=d75f3e7b Processed length tree in 26ms
2024-01-01 00:17:35.222 INFO [auth] request_id=02657af0 Failed to process cache: Connection timeout after 5000ms
2024-01-01 00:17:36.932 INFO [db] request_id=8fc34a69 Processed type action in 30ms
2024-01-01 00:17:37.784 WARN [auth] request_id=c089faa8 Processed mode data in 8ms
2024-01-01 00:17:38.276 ERROR [scheduler] request_id=a75aad14 Processed start response in 40ms
2024-01-01 00:17:39.468 WARN [queue] request_id=b5c3b1d1 Processed user cache in 25ms
2024-01-01 00:17:40.842 WARN [worker] request_id=761f3873 Processed info queue in 28ms
2024-01-01 00:17:41.247 INFO [queue] request_id=fc608a4f Processed session size in 31ms
2024-01-01 00:17:42.229 INFO [queue] request_id=04ac024f Failed to process user: Connection timeout after 5000ms
2024-01-01 00:17:43.075 INFO [scheduler] request_id=d5dfa620 Processed response query in 31ms
2024-01-01 00:17:44.094 INFO [scheduler] request_id=447ad166 Processed queue queue in 8ms
2024-01-01 00:17:45.054 WARN [worker] request_id=a79ce2dc Processed tree length in 23ms
2024-01-01 00:17:46.303 INFO [api] request_id=830a0d1e Processed node name in 11ms
2024-01-01 00:17:47.137 INFO [scheduler] request_id=db558439 Processed close id in 38ms
2024-01-01 00:17:48.281 ERROR [worker] request_id=8d7e978e Processed cache value in 48ms
2024-01-01 00:17:49.811 DEBUG [cache] request_id=e4b329ed Processed query status in 8ms
2024-01-01 00:17:50.606 DEBUG [db] request_id=467c7209 Processed value cache in 10ms
2024-01-01 00:17:51.246 ERROR [db] request_id=dffbf0e9 Processed server warning in 3ms
2024-01-01 00:17:52.592 DEBUG [api] request_id=78792fb6 Failed to process info: Connection timeout after 5000ms
2024-01-01 00:17:53.265 INFO [cache] request_id=8097ae19 Slow query detected: 367ms for user_key
2024-01-01 00:17:54.413 INFO [worker] request_id=e07e5721 Processed name mode in 26ms
2024-01-01 00:17:55.353 WARN [worker] request_id=f458dfdb Processed offset value in 41ms
2024-01-01 00:17:56.809 WARN [worker] request_id=2bf46203 Processed server key in 5ms
2024-01-01 00:17:57.274 INFO [scheduler] request_id=e0af8591 Processed error data in 46ms
2024-01-01 00:17:58.678 WARN [cache] request_id=dc02f999 Processed delete connection in 22ms
2024-01-01 00:17:59.606 DEBUG [auth] request_id=9e45f526 Processed session type in 49ms
2024-01-01 00:18:00.598 INFO [cache] request_id=9adae6a4 Processed response transaction in 47ms
2024-01-01 00:18:01.245 INFO [api] request_id=3c3bfdea Processed warning init in 47ms
2024-01-01 00:18:02.661 WARN [cache] request_id=a515c365 Slow query detected: 441ms for connection_warning
2024-01-01 00:18:03.866 INFO [db] request_id=ddaa32f4 Processed read data in 32ms
2024-01-01 00:18:04.107 INFO [auth] request_id=52cc4e02 Slow query detected: 435ms for user_map
2024-01-01 00:18:05.501 INFO [queue] request_id=e2c713d7 Processed request status in 47ms
2024-01-01 00:18:06.586 INFO [db] request_id=7c063106 Processed response mode in 31ms
2024-01-01 00:18:07.734 INFO [db] request_id=c2200942 Processed warning buffer in 4ms
2024-01-01 00:18:08.307 WARN [api] request_id=05fb4c1f Processed tree status in 16ms
2024-01-01 00:18:09.219 INFO [api] request_id=5e195afb Processed buffer debug in 43ms
2024-01-01 00:18:10.173 INFO [worker] request_id=8f0fcc68 Processed type session in 3ms
2024-01-01 00:18:11.917 DEBUG [db] request_id=fd7f44da Failed to process update: Connection timeout after 5000ms
2024-01-01 00:18:12.075 WARN [api] request_id=5863c966 Processed response value in 32ms
2024-01-01 00:18:13.195 WARN [db] request_id=4cb973d0 Processed offset trace in 1ms
2024-01-01 00:18:14.331 INFO [api] request_id=7b971ef0 Processed action create in 17ms
2024-01-01 00:18:15.076 ERROR [queue] request_id=333b52f4 Processed read session in 44ms
2024-01-01 00:18:16.791 DEBUG [scheduler] request_id=232e3e14 Failed to process read: Connection timeout after 5000ms
2024-01-01 00:18:17.874 INFO [auth] request_id=fb608c18 Slow query detected: 473ms for result_error
2024-01-01 00:18:18.940 INFO [cache] request_id=c040a68d Slow query detected: 857ms for offset_mode
2024-01-01 00:18:19.628 WARN [db] request_id=4809bce1 Slow query detected: 824ms for queue_length
2024-01-01 00:18:20.991 INFO [cache] request_id=337dd99d Failed to process count: Connection timeout after 5000ms
2024-01-01 00:18:21.960 INFO [worker] request_id=b25ffab3 Failed to process data: Connection timeout after 5000ms
2024-01-01 00:18:22.060 ERROR [scheduler] request_id=c16c16fb Processed request create in 12ms
2024-01-01 00:18:23.464 DEBUG [scheduler] request_id=a0b670a9 Processed stop stop in 39ms
2024-01-01 00:18:24.186 DEBUG [cache] request_id=333dbf07 Failed to process map: Connection timeout after 5000ms
2024-01-01 00:18:25.248 WARN [auth] request_id=1d6fab6f Failed to process trace: Connection timeout after 5000ms
2024-01-01 00:18:26.545 INFO [scheduler] request_id=80d14f5b Processed config write in 28ms
2024-01-01 00:18:27.689 ERROR [api] request_id=01edcd20 Processed write total in 50ms
2024-01-01 00:18:28.631 WARN [scheduler] request_id=0d0a92d2 Processed type debug in 3ms
2024-01-01 00:18:29.367 INFO [db] request_id=46c7ee68 Processed length cache in 15ms
2024-01-01 00:18:30.992 WARN [cache] request_id=005b806f Processed open index in 27ms
2024-01-01 00:18:31.388 INFO [queue] request_id=1cc7e634 Processed data response in 22ms
2024-01-01 00:18:32.751 ERROR [auth] request_id=b36517bc Processed action list in 20ms
2024-01-01 00:18:33.080 WARN [queue] request_id=e81f0096 Processed server init in 8ms
2024-01-01 00:18:34.548 ERROR [api] request_id=6ae15f4a Processed create start in 20ms
2024-01-01 00:18:35.846 INFO [worker] request_id=a324bb76 Slow query detected: 283ms for stack_cache
2024-01-01 00:18:36.650 INFO [scheduler] request_id=774ca0d0 Slow query detected: 577ms for request_length
2024-01-01 00:18:37.636 INFO [worker] request_id=ff11e9a6 Processed result error in 3ms
2024-01-01 00:18:38.525 WARN [worker] request_id=24b453ab Slow query detected: 681ms for request_session
2024-01-01 00:18:39.927 INFO [scheduler] request_id=8d3d367d Processed mode stack in 50ms
2024-01-01 00:18:40.006 INFO [db] request_id=71590f0b Failed to process set: Connection timeout after 5000ms
2024-01-01 00:18:41.326 ERROR [scheduler] request_id=94ccf616 Failed to process type: Connection timeout after 5000ms
2024-01-01 00:18:42.090 DEBUG [db] request_id=27c70beb Failed to process action: Connection timeout after 5000ms
2024-01-01 00:18:43.805 WARN [auth] request_id=a86014f0 Processed stack key in 33ms
2024-01-01 00:18:44.451 WARN [queue] request_id=e08d4bed Processed stop cache in 41ms
2024-01-01 00:18:45.108 WARN [scheduler] request_id=a0cab412 Processed value count in 10ms
2024-01-01 00:18:46.779 WARN [queue] request_id=6b0412e6 Slow query detected: 355ms for close_name
2024-01-01 00:18:47.528 ERROR [scheduler] request_id=66507074 Failed to process client: Connection timeout after 5000ms
2024-01-01 00:18:48.505 DEBUG [auth] request_id=dcaa33b9 Processed stack connection in 1ms
2024-01-01 00:18:49.770 ERROR [db] request_id=4182eca9 Processed response index in 17ms
2024-01-01 00:18:50.170 INFO [cache] request_id=84b40685 Processed read connection in 47ms
2024-01-01 00:18:51.386 INFO [queue] request_id=43e7fe8e Slow query detected: 577ms for buffer_node
2024-01-01 00:18:52.927 INFO [db] request_id=a72372d2 Processed session open in 22ms
2024-01-01 00:18:53.378 INFO [scheduler] request_id=e2069229 Processed stop status in 13ms
2024-01-01 00:18:54.369 ERROR [queue] request_id=4273760e Slow query detected: 377ms for close_queue
2024-01-01 00:18:55.779 DEBUG [cache] request_id=4310cf99 Failed to process result: Connection timeout after 5000ms
2024-01-01 00:18:56.869 INFO [cache] request_id=86360a87 Failed to process response: Connection timeout after 5000ms
2024-01-01 00:18:57.286 WARN [api] request_id=43608a22 Processed start offset in 49ms
2024-01-01 00:18:58.803 INFO [api] request_id=42289720 Processed key action in 28ms
2024-01-01 00:18:59.021 WARN [worker] request_id=cb61dce5 Processed error read in 20ms
2024-01-01 00:19:00.927 INFO [db] request_id=83211307 Failed to process id: Connection timeout after 5000ms
2024-01-01 00:19:01.993 INFO [cache] request_id=ec8ed38b Slow query detected: 728ms for request_read
2024-01-01 00:19:02.382 INFO [auth] request_id=a50bdc17 Processed tree start in 50ms
2024-01-01 00:19:03.779 INFO [auth] request_id=fbb4c890 Processed warning offset in 27ms
2024-01-01 00:19:04.348 INFO [auth] request_id=1004cf67 Processed trace debug in 38ms
2024-01-01 00:19:05.354 DEBUG [queue] request_id=30d9ee39 Processed key mode in 39ms
2024-01-01 00:19:06.063 INFO [auth] request_id=9ad0e637 Failed to process node: Connection timeout after 5000ms
2024-01-01 00:19:07.290 INFO [cache] request_id=0b66dee1 Failed to process response: Connection timeout after 5000ms
2024-01-01 00:19:08.568 ERROR [api] request_id=aa1cf251 Failed to process init: Connection timeout after 5000ms
2024-01-01 00:19:09.192 INFO [db] request_id=4dbb410f Failed to process info: Connection timeout after 5000ms
2024-01-01 00:19:10.873 ERROR [cache] request_id=806207af Processed request warning in 44ms
2024-01-01 00:19:11.318 INFO [scheduler] request_id=345f9514 Processed stack action in 40ms
2024-01-01 00:19:12.501 ERROR [auth] request_id=96454d6d Failed to process server: Connection timeout after 5000ms
2024-01-01 00:19:13.220 INFO [auth] request_id=26a6d6a3 Failed to process offset: Connection timeout after 5000ms
2024-01-01 00:19:14.811 INFO [scheduler] request_id=1b1cca06 Failed to process stop: Connection timeout after 5000ms
2024-01-01 00:19:15.181 WARN [db] request_id=e1fe9455 Failed to process info: Connection timeout after 5000ms
2024-01-01 00:19:16.804 WARN [auth] request_id=1a584426 Failed to process config: Connection timeout after 5000ms
2024-01-01 00:19:17.381 INFO [cache] request_id=87fb6001 Failed to process buffer: Connection timeout after 5000ms
2024-01-01 00:19:18.513 ERROR [scheduler] request_id=553b09ff Slow query detected: 336ms for read_node
2024-01-01 00:19:19.839 INFO [api] request_id=a766c1f6 Failed to process error: Connection timeout after 5000ms
2024-01-01 00:19:20.488 DEBUG [worker] request_id=13aa796c Processed connection value in 49ms
2024-01-01 00:19:21.866 ERROR [cache] request_id=7835a71e Processed user set in 34ms
2024-01-01 00:19:22.000 ERROR [scheduler] request_id=f9d9f9fd Processed transaction tree in 19ms
2024-01-01 00:19:23.728 INFO [api] request_id=a7f6503b Failed to process id: Connection timeout after 5000ms
2024-01-01 00:19:24.774 WARN [db] request_id=a30d7ae8 Processed offset close in 27ms
2024-01-01 00:19:25.516 DEBUG [cache] request_id=f69c703e Processed count buffer in 39ms
2024-01-01 00:19:26.085 INFO [queue] request_id=d539f967 Processed queue offset in 6ms
2024-01-01 00:19:27.887 INFO [queue] request_id=fb14db37 Failed to process init: Connection timeout after 5000ms
2024-01-01 00:19:28.245 INFO [auth] request_id=6a4bbb42 Failed to process stack: Connection timeout after 5000ms
2024-01-01 00:19:29.304 ERROR [api] request_id=90d262d5 Slow query detected: 386ms for total_queue
2024-01-01 00:19:30.601 WARN [api] request_id=8b962767 Processed list info in 11ms
2024-01-01 00:19:31.286 INFO [worker] request_id=2889602b Processed key debug in 41ms
2024-01-01 00:19:32.816 INFO [auth] request_id=d0d39a8a Processed config message in 13ms
2024-01-01 00:19:33.035 WARN [db] request_id=dbbd56c1 Processed key tree in 35ms
2024-01-01 00:19:34.986 INFO [queue] request_id=21eac529 Processed queue key in 16ms
2024-01-01 00:19:35.722 INFO [queue] request_id=76fd9978 Slow query detected: 603ms for total_value
2024-01-01 00:19:36.957 INFO [auth] request_id=9c3a950c Failed to process tree: Connection timeout after 5000ms
2024-01-01 00:19:37.037 WARN [api] request_id=91e9cbf5 Processed key start in 41ms
2024-01-01 00:19:38.094 INFO [cache] request_id=82b2b6d0 Slow query detected: 364ms for delete_open
2024-01-01 00:19:39.334 ERROR [api] request_id=aaafa76f Processed index user in 42ms
2024-01-01 00:19:40.520 DEBUG [worker] request_id=55278eea Failed to process response: Connection timeout after 5000ms
2024-01-01 00:19:41.286 DEBUG [worker] request_id=18e26d22 Failed to process client: Connection timeout after 5000ms
2024-01-01 00:19:42.658 ERROR [cache] request_id=818ff62c Processed stop info in 27ms
2024-01-01 00:19:43.731 INFO [scheduler] request_id=5b02a4e4 Processed config size in 48ms
2024-01-01 00:19:44.390 DEBUG [cache] request_id=f0d0e2d7 Processed close tree in 24ms
2024-01-01 00:19:45.732 WARN [auth] request_id=248fc7e9 Failed to process type: Connection timeout after 5000ms
2024-01-01 00:19:46.138 INFO [api] request_id=8575e0cd Slow query detected: 734ms for type_mode
2024-01-01 00:19:47.644 INFO [worker] request_id=d76bdbcd Processed action data in 49ms
2024-01-01 00:19:48.998 INFO [queue] request_id=1fbd9907 Failed to process open: Connection timeout after 5000ms
2024-01-01 00:19:49.465 DEBUG [db] request_id=0f070f9c Slow query detected: 244ms for tree_create
2024-01-01 00:19:50.962 INFO [db] request_id=56ade0cf Slow query detected: 540ms for config_mode
2024-01-01 00:19:51.118 INFO [cache] request_id=b2f4cef0 Processed transaction message in 50ms
2024-01-01 00:19:52.919 INFO [queue] request_id=767329b1 Processed key index in 34ms
2024-01-01 00:19:53.666 WARN [db] request_id=71103319 Processed error error in 14ms
2024-01-01 00:19:54.329 WARN [scheduler] request_id=33ba782d Processed action close in 47ms
2024-01-01 00:19:55.357 INFO [db] request_id=35010141 Failed to process response: Connection timeout after 5000ms
2024-01-01 00:19:56.198 INFO [db] request_id=6d11e950 Processed cache index in 35ms
2024-01-01 00:19:57.374 ERROR [scheduler] request_id=bbfc76c7 Failed to process transaction: Connection timeout after 5000ms
2024-01-01 00:19:58.569 DEBUG [queue] request_id=a21b8279 Processed connection query in 12ms
2024-01-01 00:19:59.941 DEBUG [queue] request_id=5e8bfb8b Processed status map in 1ms
2024-01-01 00:20:00.274 WARN [api] request_id=55c18667 Processed map stop in 10ms
2024-01-01 00:20:01.143 DEBUG [auth] request_id=92d8d938 Processed tree total in 38ms
2024-01-01 00:20:02.435 DEBUG [api] request_id=bdb5c140 Processed create client in 8ms
2024-01-01 00:20:03.354 INFO [queue] request_id=6ba2ee11 Processed map id in 9ms
2024-01-01 00:20:04.771 WARN [worker] request_id=e4177e27 Failed to process write: Connection timeout after 5000ms
2024-01-01 00:20:05.249 INFO [db] request_id=95914ae8 Processed create id in 45ms
2024-01-01 00:20:06.098 ERROR [db] request_id=0ce9765b Processed create request in 7ms
2024-01-01 00:20:07.996 DEBUG [scheduler] request_id=372eaf1e Processed list connection in 23ms
2024-01-01 00:20:08.761 WARN [api] request_id=405d7b39 Failed to process connection: Connection timeout after 5000ms
2024-01-01 00:20:09.836 WARN [auth] request_id=d231feb0 Processed tree name in 21ms
2024-01-01 00:20:10.437 INFO [api] request_id=c2a7cd08 Processed config size in 35ms
2024-01-01 00:20:11.765 ERROR [db] request_id=09de3f5c Processed status user in 2ms
2024-01-01 00:20:12.065 INFO [auth] request_id=00a21b3f Processed session client in 10ms
2024-01-01 00:20:13.521 INFO [worker] request_id=01e04171 Processed data value in 23ms
2024-01-01 00:20:14.761 DEBUG [cache] request_id=33702233 Processed update data in 32ms
2024-01-01 00:20:15.092 WARN [cache] request_id=d7300c70 Processed start index in 13ms
2024-01-01 00:20:16.371 INFO [cache] request_id=391aafde Processed transaction client in 48ms
2024-01-01 00:20:17.961 INFO [scheduler] request_id=ab190393 Processed set init in 25ms
2024-01-01 00:20:18.572 DEBUG [worker] request_id=0a474b01 Processed type debug in 36ms
2024-01-01 00:20:19.743 WARN [queue] request_id=f9a17928 Processed transaction queue in 35ms
2024-01-01 00:20:20.012 DEBUG [queue] request_id=b5941c0d Processed read list in 2ms
2024-01-01 00:20:21.926 INFO [queue] request_id=2788e9bb Slow query detected: 165ms for set_delete
2024-01-01 00:20:22.924 ERROR [scheduler] request_id=422f34c0 Slow query detected: 512ms for name_read
2024-01-01 00:20:23.347 INFO [api] request_id=c50599eb Processed result status in 7ms
2024-01-01 00:20:24.829 INFO [worker] request_id=40f22850 Processed read buffer in 11ms
2024-01-01 00:20:25.404 INFO [api] request_id=93801639 Processed index message in 32ms
2024-01-01 00:20:26.012 INFO [scheduler] request_id=9118d39e Slow query detected: 483ms for server_mode
2024-01-01 00:20:27.691 INFO [queue] request_id=ff352ae6 Processed create request in 13ms
2024-01-01 00:20:28.190 INFO [queue] request_id=894db355 Failed to process stop: Connection timeout after 5000ms
2024-01-01 00:20:29.171 INFO [api] request_id=65314e0f Slow query detected: 405ms for info_close
2024-01-01 00:20:30.616 INFO [queue] request_id=c9526c05 Processed cache action in 29ms
2024-01-01 00:20:31.909 DEBUG [cache] request_id=70653074 Processed count open in 47ms
2024-01-01 00:20:32.639 DEBUG [cache] request_id=24e828ef Failed to process user: Connection timeout after 5000ms
2024-01-01 00:20:33.531 INFO [api] request_id=a96954fa Failed to process stack: Connection timeout after 5000ms
2024-01-01 00:20:34.088 DEBUG [worker] request_id=79285951 Processed message error in 22ms
2024-01-01 00:20:35.929 INFO [auth] request_id=c87945f5 Processed offset init in 27ms
2024-01-01 00:20:36.354 INFO [auth] request_id=c8254bbb Processed length session in 31ms
2024-01-01 00:20:37.368 INFO [queue] request_id=e79f7f82 Failed to process client: Connection timeout after 5000ms
2024-01-01 00:20:38.378 INFO [cache] request_id=8acd0d25 Processed total mode in 48ms
2024-01-01 00:20:39.058 DEBUG [queue] request_id=80ace6c7 Processed response count in 4ms
2024-01-01 00:20:40.341 WARN [auth] request_id=b6a9b033 Processed tree start in 3ms
2024-01-01 00:20:41.621 WARN [worker] request_id=f14eedae Slow query detected: 639ms for response_list
2024-01-01 00:20:42.949 INFO [queue] request_id=fdef3c46 Processed create data in 6ms
2024-01-01 00:20:43.916 DEBUG [auth] request_id=c5c58ed9 Processed length data in 36ms
2024-01-01 00:20:44.294 INFO [api] request_id=24925a64 Slow query detected: 958ms for request_debug
2024-01-01 00:20:45.151 WARN [db] request_id=7d301b4f Failed to process total: Connection timeout after 5000ms
2024-01-01 00:20:46.026 DEBUG [cache] request_id=4a68b69b Failed to process connection: Connection timeout after 5000ms
2024-01-01 00:20:47.894 DEBUG [cache] request_id=c4f01a87 Slow query detected: 405ms for message_stack
2024-01-01 00:20:48.603 INFO [scheduler] request_id=a1fde106 Processed request offset in 39ms
2024-01-01 00:20:49.133 INFO [auth] request_id=3c0f2a80 Failed to process close: Connection timeout after 5000ms
2024-01-01 00:20:50.205 DEBUG [queue] request_id=a82d87bb Processed total map in 12ms
2024-01-01 00:20:51.757 INFO [scheduler] request_id=6949f020 Processed delete length in 3ms
2024-01-01 00:20:52.962 INFO [worker] request_id=2cc9120d Processed error queue in 41ms
2024-01-01 00:20:53.835 WARN [db] request_id=1bc121fb Processed queue delete in 4ms
2024-01-01 00:20:54.978 INFO [auth] request_id=ee7659de Failed to process action: Connection timeout after 5000ms
2024-01-01 00:20:55.996 INFO [cache] request_id=173d5d02 Slow query detected: 928ms for cache_cache
2024-01-01 00:20:56.111 ERROR [queue] request_id=51e8009d Processed stop index in 19ms
2024-01-01 00:20:57.456 INFO [worker] request_id=bd660033 Failed to process queue: Connection timeout after 5000ms
2024-01-01 00:20:58.912 INFO [auth] request_id=3d9a7b1e Failed to process list: Connection timeout after 5000ms
2024-01-01 00:20:59.826 INFO [cache] request_id=f6e4e237 Failed to process index: Connection timeout after 5000ms
2024-01-01 00:21:00.939 WARN [auth] request_id=35aa4c89 Failed to process connection: Connection timeout after 5000ms
2024-01-01 00:21:01.497 INFO [scheduler] request_id=4c7cbe24 Slow query detected: 248ms for node_name
2024-01-01 00:21:02.092 INFO [queue] request_id=885c14e1 Processed delete index in 24ms
2024-01-01 00:21:03.114 INFO [scheduler] request_id=24f2a223 Processed tree name in 35ms
2024-01-01 00:21:04.936 INFO [cache] request_id=d1fae7d9 Processed transaction open in 31ms
2024-01-01 00:21:05.144 ERROR [cache] request_id=2e62aa38 Processed status error in 17ms
2024-01-01 00:21:06.399 DEBUG [api] request_id=a03ee018 Processed length length in 21ms
2024-01-01 00:21:07.859 DEBUG [auth] request_id=aae3758a Processed request trace in 37ms
2024-01-01 00:21:08.107 WARN [worker] request_id=5081008a Processed close data in 12ms
2024-01-01 00:21:09.780 INFO [cache] request_id=e17c6b33 Processed status transaction in 11ms
2024-01-01 00:21:10.354 WARN [db] request_id=b75e7060 Processed index index in 30ms
2024-01-01 00:21:11.859 DEBUG [scheduler] request_id=b796e797 Failed to process server: Connection timeout after 5000ms
2024-01-01 00:21:12.040 INFO [db] request_id=c6d326c8 Processed trace session in 41ms
2024-01-01 00:21:13.959 ERROR [api] request_id=79bbdda8 Processed server buffer in 23ms
2024-01-01 00:21:14.330 ERROR [cache] request_id=53565bb5 Failed to process id: Connection timeout after 5000ms
2024-01-01 00:21:15.620 INFO [scheduler] request_id=bc4a99b7 Slow query detected: 170ms for queue_client
2024-01-01 00:21:16.677 INFO [auth] request_id=ef1136d0 Processed set stack in 30ms
2024-01-01 00:21:17.647 DEBUG [db] request_id=13c7d735 Processed length total in 32ms
2024-01-01 00:21:18.319 INFO [cache] request_id=7bfe9c96 Slow query detected: 227ms for config_result
2024-01-01 00:21:19.325 WARN [cache] request_id=3ffed4df Processed key start in 24ms
2024-01-01 00:21:20.394 ERROR [queue] request_id=13f236ec Processed name stack in 50ms
2024-01-01 00:21:21.686 WARN [api] request_id=db7c5c66 Slow query detected: 467ms for total_stop
2024-01-01 00:21:22.274 DEBUG [worker] request_id=8c42106e Processed cache trace in 47ms
2024-01-01 00:21:23.907 DEBUG [db] request_id=6eb9d277 Processed config client in 2ms
2024-01-01 00:21:24.414 INFO [worker] request_id=a4438b92 Slow query detected: 127ms for query_warning
2024-01-01 00:21:25.493 ERROR [scheduler] request_id=f71de623 Processed open offset in 33ms
2024-01-01 00:21:26.954 DEBUG [cache] request_id=1aa44ac8 Processed set client in 41ms
2024-01-01 00:21:27.759 WARN [cache] request_id=20b5a794 Processed error tree in 27ms
2024-01-01 00:21:28.765 ERROR [db] request_id=04f3ce01 Processed client start in 13ms
2024-01-01 00:21:29.672 DEBUG [queue] request_id=ec5c0c50 Processed total client in 28ms
2024-01-01 00:21:30.732 WARN [worker] request_id=8c0eacf7 Processed message set in 47ms
2024-01-01 00:21:31.335 INFO [worker] request_id=2983a8c2 Processed node info in 20ms
2024-01-01 00:21:32.244 INFO [worker] request_id=0d9a4334 Processed status id in 19ms
2024-01-01 00:21:33.556 INFO [queue] request_id=ffed8030 Slow query detected: 978ms for tree_message
2024-01-01 00:21:34.885 ERROR [scheduler] request_id=74beff27 Slow query detected: 591ms for error_status
2024-01-01 00:21:35.328 INFO [worker] request_id=dc507a1c Slow query detected: 789ms for id_type
2024-01-01 00:21:36.519 INFO [worker] request_id=671a6533 Processed close start in 49ms
2024-01-01 00:21:37.669 INFO [cache] request_id=681c33c7 Processed id error in 27ms
2024-01-01 00:21:38.738 WARN [db] request_id=0ae69a66 Processed config trace in 33ms
2024-01-01 00:21:39.231 DEBUG [worker] request_id=c82d1587 Processed transaction update in 17ms
2024-01-01 00:21:40.654 ERROR [queue] request_id=a4e39fe1 Slow query detected: 597ms for result_init
2024-01-01 00:21:41.376 INFO [cache] request_id=d3fa37a3 Failed to process tree: Connection timeout after 5000ms
2024-01-01 00:21:42.323 INFO [api] request_id=1f1675e4 Processed create query in 49ms
2024-01-01 00:21:43.546 INFO [queue] request_id=22c5573b Processed value response in 39ms
2024-01-01 00:21:44.123 INFO [db] request_id=7df0337a Processed type size in 32ms
2024-01-01 00:21:45.223 DEBUG [worker] request_id=a51a1c50 Processed error server in 30ms
2024-01-01 00:21:46.342 INFO [api] request_id=07a7aef2 Processed stop response in 47ms
2024-01-01 00:21:47.839 INFO [db] request_id=c5881c23 Processed write update in 43ms
2024-01-01 00:21:48.767 INFO [worker] request_id=20062ffd Processed client status in 38ms
2024-01-01 00:21:49.637 DEBUG [db] request_id=e77df055 Processed list write in 43ms
2024-01-01 00:21:50.546 ERROR [scheduler] request_id=3c5d8805 Slow query detected: 151ms for config_write
2024-01-01 00:21:51.831 INFO [worker] request_id=da9f1d1f Processed write response in 40ms
2024-01-01 00:21:52.901 ERROR [worker] request_id=ebd1437b Processed status write in 39ms
2024-01-01 00:21:53.742 ERROR [db] request_id=e17249a3 Processed create cache in 47ms
2024-01-01 00:21:54.251 INFO [cache] request_id=4c3701b2 Processed mode transaction in 5ms
2024-01-01 00:21:55.066 INFO [cache] request_id=72ed5b6e Processed total buffer in 23ms
2024-01-01 00:21:56.964 INFO [scheduler] request_id=40dc983a Processed client config in 17ms
2024-01-01 00:21:57.195 INFO [db] request_id=26271c32 Processed update read in 47ms
2024-01-01 00:21:58.081 INFO [scheduler] request_id=11081045 Processed warning query in 26ms
2024-01-01 00:21:59.180 INFO [db] request_id=9df258b8 Processed cache read in 20ms
2024-01-01 00:22:00.170 INFO [cache] request_id=8095198e Slow query detected: 463ms for key_start
2024-01-01 00:22:01.926 ERROR [queue] request_id=3e6c6e35 Processed query buffer in 39ms
2024-01-01 00:22:02.188 WARN [cache] request_id=55fcad8c Processed start error in 34ms
2024-01-01 00:22:03.608 INFO [queue] request_id=4fb779ea Processed tree warning in 17ms
2024-01-01 00:22:04.272 DEBUG [queue] request_id=90663b93 Processed node queue in 16ms
2024-01-01 00:22:05.095 INFO [auth] request_id=c0dca187 Failed to process id: Connection timeout after 5000ms
2024-01-01 00:22:06.053 DEBUG [db] request_id=c413ce92 Slow query detected: 524ms for info_trace
2024-01-01 00:22:07.612 INFO [cache] request_id=2384a0d0 Failed to process write: Connection timeout after 5000ms
2024-01-01 00:22:08.736 INFO [queue] request_id=928aff5f Processed mode request in 18ms
2024-01-01 00:22:09.818 WARN [db] request_id=b014eac4 Processed user data in 17ms
2024-01-01 00:22:10.554 INFO [worker] request_id=c7cf965e Processed query status in 29ms
2024-01-01 00:22:11.990 WARN [db] request_id=614303fc Processed server mode in 50ms
2024-01-01 00:22:12.325 INFO [cache] request_id=964815ab Failed to process open: Connection timeout after 5000ms
2024-01-01 00:22:13.455 INFO [worker] request_id=b66d31b6 Failed to process debug: Connection timeout after 5000ms
2024-01-01 00:22:14.367 WARN [auth] request_id=fd82e8d8 Processed write read in 45ms
2024-01-01 00:22:15.879 ERROR [db] request_id=fd384354 Processed buffer read in 23ms
2024-01-01 00:22:16.946 INFO [db] request_id=9231e02d Failed to process value: Connection timeout after 5000ms
2024-01-01 00:22:17.682 INFO [db] request_id=828d8ce3 Processed mode node in 15ms
2024-01-01 00:22:18.180 INFO [scheduler] request_id=d458d425 Processed total transaction in 38ms
2024-01-01 00:22:19.481 INFO [db] request_id=66c3c45f Processed tree session in 29ms
2024-01-01 00:22:20.583 INFO [worker] request_id=c69182a7 Slow query detected: 575ms for name_length
2024-01-01 00:22:21.834 INFO [cache] request_id=954e8cbe Processed status value in 24ms
2024-01-01 00:22:22.675 ERROR [auth] request_id=fd7994e1 Processed list key in 5ms
2024-01-01 00:22:23.123 INFO [auth] request_id=35589369 Failed to process request: Connection timeout after 5000ms
2024-01-01 00:22:24.071 WARN [queue] request_id=936e50d5 Failed to process session: Connection timeout after 5000ms
2024-01-01 00:22:25.397 DEBUG [db] request_id=629b9181 Processed length tree in 33ms
2024-01-01 00:22:26.498 INFO [queue] request_id=200805ea Processed name update in 38ms
2024-01-01 00:22:27.172 WARN [db] request_id=64c31b67 Failed to process index: Connection timeout after 5000ms
2024-01-01 00:22:28.134 ERROR [auth] request_id=39b5610c Processed user list in 39ms
2024-01-01 00:22:29.481 INFO [cache] request_id=8d256b27 Processed trace write in 15ms
2024-01-01 00:22:30.671 INFO [worker] request_id=8ed5ac98 Processed list server in 7ms
2024-01-01 00:22:31.333 DEBUG [auth] request_id=88cb21c3 Failed to process buffer: Connection timeout after 5000ms
2024-01-01 00:22:32.761 INFO [queue] request_id=ccf9bae8 Slow query detected: 706ms for queue_status
2024-01-01 00:22:33.306 INFO [db] request_id=6a52cc4f Processed buffer user in 47ms
2024-01-01 00:22:34.824 WARN [queue] request_id=9b5d21c7 Processed open create in 48ms
2024-01-01 00:22:35.442 WARN [db] request_id=86a7364d Processed total data in 3ms
2024-01-01 00:22:36.088 INFO [auth] request_id=33a86ded Processed action session in 40ms
2024-01-01 00:22:37.143 INFO [cache] request_id=5cd76ad9 Failed to process count: Connection timeout after 5000ms
2024-01-01 00:22:38.566 ERROR [auth] request_id=34ad8652 Processed buffer session in 49ms
2024-01-01 00:22:39.264 DEBUG [cache] request_id=6924cd23 Processed tree start in 36ms
2024-01-01 00:22:40.165 INFO [db] request_id=8d92f145 Failed to process result: Connection timeout after 5000ms
2024-01-01 00:22:41.604 INFO [api] request_id=da3c201d Slow query detected: 225ms for index_mode
2024-01-01 00:22:42.261 ERROR [worker] request_id=3700f54e Processed close session in 1ms
2024-01-01 00:22:43.527 INFO [db] request_id=9e4fe6cc Failed to process request: Connection timeout after 5000ms
2024-01-01 00:22:44.009 INFO [auth] request_id=0579e75e Failed to process warning: Connection timeout after 5000ms
2024-01-01 00:22:45.515 INFO [queue] request_id=f22b250f Processed debug type in 20ms
2024-01-01 00:22:46.504 ERROR [scheduler] request_id=8352af98 Slow query detected: 163ms for offset_status
2024-01-01 00:22:47.625 WARN [queue] request_id=d2c8cffe Slow query detected: 812ms for name_request
2024-01-01 00:22:48.524 INFO [worker] request_id=d11318af Processed id request in 13ms
2024-01-01 00:22:49.949 INFO [worker] request_id=4e884a39 Failed to process data: Connection timeout after 5000ms
2024-01-01 00:22:50.718 INFO [scheduler] request_id=e9c7588f Processed write message in 22ms
2024-01-01 00:22:51.548 WARN [queue] request_id=f4cc1350 Processed offset length in 31ms
2024-01-01 00:22:52.716 DEBUG [api] request_id=e58fdefc Processed cache key in 10ms
2024-01-01 00:22:53.896 WARN [db] request_id=07d8d890 Processed offset mode in 28ms
2024-01-01 00:22:54.790 WARN [worker] request_id=a0701b96 Processed offset key in 1ms
2024-01-01 00:22:55.750 WARN [db] request_id=5649c75c Failed to process debug: Connection timeout after 5000ms
2024-01-01 00:22:56.214 INFO [scheduler] request_id=47341261 Processed message connection in 20ms
2024-01-01 00:22:57.498 INFO [queue] request_id=7632ab52 Processed offset debug in 20ms
2024-01-01 00:22:58.112 INFO [api] request_id=272fed2d Processed count cache in 49ms
2024-01-01 00:22:59.283 ERROR [api] request_id=5f35da97 Processed stop index in 35ms
2024-01-01 00:23:00.544 INFO [worker] request_id=07c11835 Slow query detected: 981ms for client_message
2024-01-01 00:23:01.812 WARN [scheduler] request_id=c389aec8 Processed connection connection in 48ms
2024-01-01 00:23:02.024 INFO [auth] request_id=0a0728e0 Processed request count in 32ms
2024-01-01 00:23:03.044 ERROR [db] request_id=2549d10a Slow query detected: 976ms for config_write
2024-01-01 00:23:04.181 WARN [db] request_id=0df96e86 Slow query detected: 804ms for debug_queue
2024-01-01 00:23:05.593 INFO [cache] request_id=8668f30f Processed cache name in 19ms
2024-01-01 00:23:06.526 INFO [auth] request_id=aec8e7a3 Processed name create in 3ms
2024-01-01 00:23:07.664 ERROR [db] request_id=dd1180e3 Processed create message in 42ms
2024-01-01 00:23:08.558 INFO [worker] request_id=35555c36 Failed to process debug: Connection timeout after 5000ms
2024-01-01 00:23:09.220 INFO [auth] request_id=0703794c Processed value id in 13ms
2024-01-01 00:23:10.646 WARN [api] request_id=55a00dc8 Processed count total in 40ms
2024-01-01 00:23:11.454 INFO [db] request_id=cc7be079 Processed buffer map in 3ms
2024-01-01 00:23:12.310 INFO [api] request_id=c6ceb1cc Processed session status in 20ms
2024-01-01 00:23:13.095 INFO [cache] request_id=9fccd039 Processed request stack in 47ms
2024-01-01 00:23:14.874 ERROR [scheduler] request_id=28ba2a8f Processed session init in 24ms
2024-01-01 00:23:15.119 INFO [auth] request_id=f2d2f5ba Failed to process length: Connection timeout after 5000ms
2024-01-01 00:23:16.616 INFO [worker] request_id=c053f8f1 Slow query detected: 951ms for mode_status
2024-01-01 00:23:17.130 INFO [api] request_id=7e2a82e5 Processed key connection in 41ms
2024-01-01 00:23:18.433 INFO [auth] request_id=c235a00a Processed connection buffer in 17ms
2024-01-01 00:23:19.107 DEBUG [scheduler] request_id=3b9fd8e1 Processed list length in 50ms
2024-01-01 00:23:20.599 INFO [queue] request_id=cc66af92 Failed to process warning: Connection timeout after 5000ms
2024-01-01 00:23:21.165 INFO [worker] request_id=738ce3a1 Processed stop config in 45ms
2024-01-01 00:23:22.830 DEBUG [api] request_id=a6d32efe Processed config read in 26ms
2024-01-01 00:23:23.171 INFO [scheduler] request_id=d729a94e Processed read message in 23ms
2024-01-01 00:23:24.943 ERROR [api] request_id=6f31bf24 Processed buffer offset in 45ms
2024-01-01 00:23:25.752 ERROR [queue] request_id=3e09eab3 Processed result mode in 5ms
2024-01-01 00:23:26.286 INFO [scheduler] request_id=352bed1a Slow query detected: 432ms for tree_type
2024-01-01 00:23:27.949 DEBUG [db] request_id=5cc3e992 Processed data info in 4ms
2024-01-01 00:23:28.032 DEBUG [queue] request_id=c8008123 Processed status name in 45ms
2024-01-01 00:23:29.983 DEBUG [cache] request_id=7c530b7b Processed total type in 42ms
2024-01-01 00:23:30.767 ERROR [api] request_id=5b392552 Processed message cache in 41ms
2024-01-01 00:23:31.999 INFO [api] request_id=f2bba304 Processed size info in 8ms
2024-01-01 00:23:32.507 INFO [scheduler] request_id=86f8fb78 Processed total trace in 13ms
2024-01-01 00:23:33.366 INFO [auth] request_id=6a8757b6 Processed client count in 48ms
2024-01-01 00:23:34.265 INFO [scheduler] request_id=76e8e370 Processed action tree in 4ms
2024-01-01 00:23:35.204 ERROR [db] request_id=90e273ed Processed query result in 25ms
2024-01-01 00:23:36.424 ERROR [db] request_id=54ddcd1a Processed key delete in 30ms
2024-01-01 00:23:37.615 ERROR [cache] request_id=50a9ad8d Processed open transaction in 43ms
2024-01-01 00:23:38.895 INFO [worker] request_id=e0396d93 Failed to process server: Connection timeout after 5000ms
2024-01-01 00:23:39.359 ERROR [worker] request_id=ed94f5c6 Processed map length in 13ms
2024-01-01 00:23:40.009 DEBUG [scheduler] request_id=10be84a0 Processed offset close in 31ms
2024-01-01 00:23:41.041 WARN [queue] request_id=5242300d Processed size index in 2ms
2024-01-01 00:23:42.598 INFO [queue] request_id=1ee0747d Slow query detected: 377ms for size_read
2024-01-01 00:23:43.790 INFO [queue] request_id=a9774dbc Slow query detected: 762ms for delete_open
2024-01-01 00:23:44.656 INFO [queue] request_id=607e48e2 Processed user user in 20ms
2024-01-01 00:23:45.770 ERROR [api] request_id=219dab89 Processed close result in 17ms
2024-01-01 00:23:46.867 INFO [scheduler] request_id=dbd5a40a Processed warning value in 14ms
2024-01-01 00:23:47.398 WARN [cache] request_id=853f1742 Processed response read in 3ms
2024-01-01 00:23:48.302 WARN [scheduler] request_id=7c308a7a Processed config open in 24ms
2024-01-01 00:23:49.737 ERROR [auth] request_id=589cf7f3 Processed data init in 31ms
2024-01-01 00:23:50.878 WARN [queue] request_id=a72cf149 Processed offset index in 16ms
2024-01-01 00:23:51.389 INFO [api] request_id=12dbbec2 Slow query detected: 594ms for client_close
2024-01-01 00:23:52.457 DEBUG [worker] request_id=2e820464 Processed result request in 32ms
2024-01-01 00:23:53.748 INFO [api] request_id=1f51e28f Processed stop type in 2ms
2024-01-01 00:23:54.072 ERROR [scheduler] request_id=aabd3ffd Processed open total in 15ms
2024-01-01 00:23:55.422 INFO [api] request_id=254a8ea2 Processed node write in 14ms
2024-01-01 00:23:56.161 INFO [cache] request_id=c7257667 Slow query detected: 233ms for name_stack
2024-01-01 00:23:57.118 INFO [db] request_id=b064da3a Processed list map in 18ms
2024-01-01 00:23:58.631 INFO [api] request_id=d651dffa Processed buffer node in 33ms
2024-01-01 00:23:59.119 INFO [worker] request_id=3913302e Processed list debug in 6ms
2024-01-01 00:24:00.085 DEBUG [scheduler] request_id=3d17b7fb Processed init debug in 47ms
2024-01-01 00:24:01.238 WARN [queue] request_id=11762089 Processed error error in 49ms
2024-01-01 00:24:02.599 INFO [cache] request_id=02f959fa Processed delete init in 35ms
2024-01-01 00:24:03.126 INFO [worker] request_id=738ab2c6 Failed to process status: Connection timeout after 5000ms
2024-01-01 00:24:04.755 INFO [cache] request_id=417e6b0d Slow query detected: 749ms for read_transaction
2024-01-01 00:24:05.240 INFO [api] request_id=8335e69c Processed data delete in 30ms
2024-01-01 00:24:06.501 DEBUG [db] request_id=ab297db1 Failed to process cache: Connection timeout after 5000ms
2024-01-01 00:24:07.345 INFO [api] request_id=08360f7f Processed create response in 26ms
2024-01-01 00:24:08.811 ERROR [api] request_id=557b3607 Slow query detected: 876ms for count_read
2024-01-01 00:24:09.570 INFO [api] request_id=e97e3853 Processed transaction info in 38ms
2024-01-01 00:24:10.782 INFO [db] request_id=b53a50ee Failed to process update: Connection timeout after 5000ms
2024-01-01 00:24:11.655 ERROR [db] request_id=77c2d68e Processed queue error in 16ms
2024-01-01 00:24:12.996 ERROR [api] request_id=2e663df5 Processed connection type in 1ms
2024-01-01 00:24:13.326 INFO [api] request_id=ffe33c24 Slow query detected: 833ms for status_error
2024-01-01 00:24:14.763 DEBUG [db] request_id=a3afed8f Processed read request in 15ms
2024-01-01 00:24:15.177 ERROR [db] request_id=ddba4234 Processed list queue in 49ms
2024-01-01 00:24:16.620 INFO [scheduler] request_id=58d64af9 Processed length tree in 18ms
2024-01-01 00:24:17.030 INFO [scheduler] request_id=a363c4be Processed write status in 35ms
2024-01-01 00:24:18.073 ERROR [cache] request_id=b74e9237 Slow query detected: 618ms for trace_error
2024-01-01 00:24:19.411 WARN [queue] request_id=6458d954 Processed result stack in 22ms
2024-01-01 00:24:20.845 INFO [worker] request_id=f7a9edb3 Slow query detected: 595ms for index_map
2024-01-01 00:24:21.099 INFO [db] request_id=bb2b213e Processed buffer action in 42ms
2024-01-01 00:24:22.562 DEBUG [scheduler] request_id=f4f8188d Processed connection set in 3ms
2024-01-01 00:24:23.127 INFO [db] request_id=fb875416 Failed to process open: Connection timeout after 5000ms
2024-01-01 00:24:24.044 INFO [db] request_id=8e7d960f Processed info message in 29ms
2024-01-01 00:24:25.217 INFO [worker] request_id=b89b48df Processed buffer type in 23ms
2024-01-01 00:24:26.107 WARN [db] request_id=76782a7e Processed request config in 6ms
2024-01-01 00:24:27.714 DEBUG [scheduler] request_id=62978aea Processed update id in 19ms
2024-01-01 00:24:28.176 DEBUG [scheduler] request_id=4a03389a Processed server offset in 33ms
2024-01-01 00:24:29.296 DEBUG [cache] request_id=d43ddc6c Processed count size in 38ms
2024-01-01 00:24:30.141 INFO [auth] request_id=f395e2f9 Processed queue mode in 6ms
2024-01-01 00:24:31.784 INFO [db] request_id=53022397 Processed delete message in 29ms
2024-01-01 00:24:32.051 INFO [auth] request_id=70c9a43e Processed read data in 13ms
2024-01-01 00:24:33.944 DEBUG [auth] request_id=59e79783 Failed to process debug: Connection timeout after 5000ms
2024-01-01 00:24:34.348 INFO [queue] request_id=35bf52f4 Processed open buffer in 39ms
2024-01-01 00:24:35.258 WARN [api] request_id=ebf36a74 Processed id node in 31ms
2024-01-01 00:24:36.080 ERROR [worker] request_id=d8ceb8ae Slow query detected: 524ms for update_query
2024-01-01 00:24:37.557 WARN [worker] request_id=87f44c0d Processed transaction buffer in 49ms
2024-01-01 00:24:38.127 WARN [worker] request_id=35f5b101 Processed type session in 38ms
2024-01-01 00:24:39.631 ERROR [scheduler] request_id=a35a8655 Processed node start in 23ms
2024-01-01 00:24:40.799 INFO [cache] request_id=d37808a6 Processed value map in 7ms
2024-01-01 00:24:41.097 DEBUG [worker] request_id=469f60ed Processed mode init in 11ms
2024-01-01 00:24:42.353 INFO [worker] request_id=ba4da8ca Processed key node in 38ms
2024-01-01 00:24:43.447 INFO [api] request_id=45b50b90 Processed stop key in 39ms
2024-01-01 00:24:44.878 WARN [cache] request_id=22e6be49 Processed close info in 28ms
2024-01-01 00:24:45.509 DEBUG [scheduler] request_id=3caff800 Processed server update in 13ms
2024-01-01 00:24:46.755 INFO [db] request_id=f81b377f Processed status tree in 29ms
2024-01-01 00:24:47.983 ERROR [queue] request_id=19f00dd8 Processed map error in 46ms
2024-01-01 00:24:48.036 INFO [queue] request_id=a85f951a Failed to process count: Connection timeout after 5000ms
2024-01-01 00:24:49.674 WARN [api] request_id=62812ff7 Slow query detected: 914ms for map_status
2024-01-01 00:24:50.886 WARN [cache] request_id=8f50ab0c Slow query detected: 116ms for buffer_start
2024-01-01 00:24:51.588 DEBUG [queue] request_id=bda60dfe Processed tree transaction in 13ms
2024-01-01 00:24:52.478 ERROR [api] request_id=64af9803 Processed read total in 32ms
2024-01-01 00:24:53.059 INFO [db] request_id=b5df875f Processed start name in 16ms
2024-01-01 00:24:54.699 INFO [api] request_id=c034c957 Slow query detected: 245ms for update_message
2024-01-01 00:24:55.078 INFO [scheduler] request_id=a0756801 Processed list start in 33ms
2024-01-01 00:24:56.650 ERROR [worker] request_id=c0a63d5b Processed info count in 21ms
2024-01-01 00:24:57.974 INFO [queue] request_id=3f0eb481 Processed id warning in 37ms
2024-01-01 00:24:58.916 INFO [scheduler] request_id=c86937ec Processed set session in 21ms
2024-01-01 00:24:59.671 DEBUG [worker] request_id=b8668dfa Slow query detected: 573ms for name_error
2024-01-01 00:25:00.708 DEBUG [queue] request_id=96112731 Processed config warning in 38ms
2024-01-01 00:25:01.920 INFO [api] request_id=aeaa0055 Processed create query in 31ms
2024-01-01 00:25:02.317 INFO [scheduler] request_id=df4038c0 Processed start open in 11ms
2024-01-01 00:25:03.941 INFO [queue] request_id=8217cd3a Processed close update in 7ms
2024-01-01 00:25:04.240 INFO [cache] request_id=ed3a34d7 Slow query detected: 847ms for connection_set
2024-01-01 00:25:05.826 WARN [api] request_id=5e222db9 Processed result node in 33ms
2024-01-01 00:25:06.672 DEBUG [scheduler] request_id=10478f6b Slow query detected: 195ms for name_list
2024-01-01 00:25:07.766 INFO [queue] request_id=3a74c8e3 Processed stack message in 11ms
2024-01-01 00:25:08.176 ERROR [queue] request_id=eace2330 Failed to process type: Connection timeout after 5000ms
2024-01-01 00:25:09.875 INFO [queue] request_id=7e697bd0 Processed server count in 49ms
2024-01-01 00:25:10.723 INFO [cache] request_id=4a3d7d38 Processed total user in 46ms
2024-01-01 00:25:11.751 INFO [auth] request_id=5ba03d3e Processed key queue in 34ms
2024-01-01 00:25:12.995 INFO [worker] request_id=786dbb9d Processed name node in 12ms
2024-01-01 00:25:13.719 INFO [api] request_id=ff201dfe Processed user info in 15ms
2024-01-01 00:25:14.610 DEBUG [worker] request_id=a4583c56 Failed to process value: Connection timeout after 5000ms
2024-01-01 00:25:15.232 INFO [db] request_id=1daa9204 Processed key init in 16ms
2024-01-01 00:25:16.670 INFO [scheduler] request_id=7d8cae36 Failed to process index: Connection timeout after 5000ms
2024-01-01 00:25:17.951 WARN [db] request_id=e8da7318 Processed list warning in 7ms
2024-01-01 00:25:18.188 ERROR [scheduler] request_id=9a596298 Processed result server in 24ms
2024-01-01 00:25:19.655 INFO [api] request_id=a7803770 Processed set set in 22ms
2024-01-01 00:25:20.275 DEBUG [queue] request_id=cc98e5f1 Processed value connection in 23ms
2024-01-01 00:25:21.962 INFO [cache] request_id=e0155251 Processed buffer debug in 11ms
2024-01-01 00:25:22.467 WARN [api] request_id=d1ff27c0 Failed to process count: Connection timeout after 5000ms
2024-01-01 00:25:23.040 INFO [queue] request_id=46648fe4 Processed init info in 32ms
2024-01-01 00:25:24.154 DEBUG [scheduler] request_id=7e6c0ce2 Failed to process init: Connection timeout after 5000ms
2024-01-01 00:25:25.781 DEBUG [scheduler] request_id=4705bf05 Processed error query in 34ms
2024-01-01 00:25:26.551 DEBUG [api] request_id=14f035b7 Slow query detected: 150ms for result_server
2024-01-01 00:25:27.983 DEBUG [queue] request_id=698d324c Processed queue server in 47ms
2024-01-01 00:25:28.537 INFO [cache] request_id=c70fcc7a Processed size config in 28ms
2024-01-01 00:25:29.110 INFO [cache] request_id=e065d4d0 Processed name user in 27ms
2024-01-01 00:25:30.806 INFO [queue] request_id=675d4e86 Processed result status in 41ms
2024-01-01 00:25:31.638 INFO [scheduler] request_id=e4786ed5 Failed to process stop: Connection timeout after 5000ms
2024-01-01 00:25:32.794 ERROR [queue] request_id=d28b3d3f Processed start list in 16ms
2024-01-01 00:25:33.618 ERROR [auth] request_id=7bc1f6ee Processed list offset in 38ms
2024-01-01 00:25:34.120 ERROR [queue] request_id=191f399d Processed stack update in 9ms
2024-01-01 00:25:35.780 ERROR [queue] request_id=a222fb3d Failed to process debug: Connection timeout after 5000ms
2024-01-01 00:25:36.897 DEBUG [db] request_id=2f1dc729 Processed type init in 25ms
2024-01-01 00:25:37.626 ERROR [api] request_id=abfe8ed9 Failed to process message: Connection timeout after 5000ms
2024-01-01 00:25:38.428 INFO [cache] request_id=8c2cdf5f Processed status start in 21ms
2024-01-01 00:25:39.427 DEBUG [cache] request_id=f31e2771 Processed server set in 23ms
2024-01-01 00:25:40.184 INFO [queue] request_id=dced8aa5 Processed name config in 46ms
2024-01-01 00:25:41.630 WARN [worker] request_id=2a45ee0a Processed trace start in 16ms
2024-01-01 00:25:42.836 DEBUG [worker] request_id=f7285546 Processed stop server in 20ms
2024-01-01 00:25:43.969 INFO [scheduler] request_id=5fde4427 Processed total offset in 42ms
2024-01-01 00:25:44.280 ERROR [db] request_id=e2c1d11d Processed user stack in 41ms
2024-01-01 00:25:45.267 INFO [worker] request_id=d3bc2401 Processed count tree in 29ms
2024-01-01 00:25:46.544 ERROR [db] request_id=2243be8c Processed warning stack in 27ms
2024-01-01 00:25:47.985 INFO [db] request_id=e3c82df4 Failed to process config: Connection timeout after 5000ms
2024-01-01 00:25:48.429 INFO [api] request_id=e034e30d Slow query detected: 933ms for total_init
2024-01-01 00:25:49.729 DEBUG [cache] request_id=090eef2d Processed transaction client in 39ms
2024-01-01 00:25:50.448 INFO [api] request_id=551508f0 Processed list status in 28ms
2024-01-01 00:25:51.893 ERROR [api] request_id=a2b4fff6 Processed buffer write in 48ms
2024-01-01 00:25:52.195 INFO [cache] request_id=c4d2b27a Processed user list in 21ms
2024-01-01 00:25:53.588 INFO [cache] request_id=841a39f8 Processed response set in 18ms
2024-01-01 00:25:54.192 INFO [auth] request_id=8b34f99a Processed client session in 35ms
2024-01-01 00:25:55.959 ERROR [db] request_id=cdd7286e Failed to process create: Connection timeout after 5000ms
2024-01-01 00:25:56.577 WARN [auth] request_id=5b085e39 Processed connection close in 15ms
2024-01-01 00:25:57.842 INFO [worker] request_id=8f635f02 Processed tree trace in 6ms
2024-01-01 00:25:58.169 INFO [api] request_id=6fa7342e Processed map connection in 44ms
2024-01-01 00:25:59.946 INFO [worker] request_id=11aae0c2 Slow query detected: 366ms for transaction_info
2024-01-01 00:26:00.737 INFO [scheduler] request_id=30fd54c2 Processed size value in 46ms
2024-01-01 00:26:01.761 ERROR [cache] request_id=975c3ab6 Slow query detected: 553ms for read_node
2024-01-01 00:26:02.466 WARN [auth] request_id=021b52e2 Processed set queue in 21ms
2024-01-01 00:26:03.780 INFO [auth] request_id=626a4c58 Processed key offset in 3ms
2024-01-01 00:26:04.647 WARN [auth] request_id=5164a888 Processed action offset in 5ms
2024-01-01 00:26:05.942 INFO [auth] request_id=84fc8dfa Processed response update in 25ms
2024-01-01 00:26:06.487 INFO [cache] request_id=0299b373 Processed error list in 45ms
2024-01-01 00:26:07.249 ERROR [cache] request_id=69d821a1 Processed result offset in 27ms
2024-01-01 00:26:08.498 WARN [cache] request_id=3a16ce60 Processed session type in 35ms
2024-01-01 00:26:09.266 WARN [scheduler] request_id=3fd9fd29 Failed to process transaction: Connection timeout after 5000ms
2024-01-01 00:26:10.396 ERROR [cache] request_id=76f1a147 Processed delete write in 21ms
2024-01-01 00:26:11.733 INFO [worker] request_id=dd045edf Processed open response in 37ms
2024-01-01 00:26:12.140 INFO [auth] request_id=b39426e1 Processed cache write in 50ms
2024-01-01 00:26:13.792 INFO [cache] request_id=33224770 Slow query detected: 236ms for status_transaction
2024-01-01 00:26:14.155 INFO [worker] request_id=4939deb8 Slow query detected: 859ms for request_query
2024-01-01 00:26:15.395 DEBUG [auth] request_id=dadcd665 Failed to process stop: Connection timeout after 5000ms
2024-01-01 00:26:16.866 INFO [scheduler] request_id=caf88b4d Processed node transaction in 41ms
2024-01-01 00:26:17.562 INFO [scheduler] request_id=be1dfef1 Processed action id in 34ms
2024-01-01 00:26:18.536 INFO [auth] request_id=dd311994 Processed set size in 5ms
2024-01-01 00:26:19.594 INFO [worker] request_id=227b1309 Slow query detected: 586ms for init_mode
2024-01-01 00:26:20.085 INFO [worker] request_id=a325c087 Failed to process update: Connection timeout after 5000ms
2024-01-01 00:26:21.362 ERROR [db] request_id=ff70f8a3 Slow query detected: 852ms for info_tree
2024-01-01 00:26:22.382 DEBUG [auth] request_id=820a1c75 Processed key total in 28ms
2024-01-01 00:26:23.727 DEBUG [auth] request_id=73f1238c Processed tree map in 15ms
2024-01-01 00:26:24.485 INFO [worker] request_id=41972fd8 Slow query detected: 755ms for delete_init
2024-01-01 00:26:25.911 ERROR [worker] request_id=21ba97a4 Processed stop buffer in 32ms
2024-01-01 00:26:26.186 INFO [cache] request_id=c86ec07e Processed error mode in 3ms
2024-01-01 00:26:27.159 DEBUG [queue] request_id=b1a6c2e2 Processed error message in 37ms
2024-01-01 00:26:28.176 INFO [queue] request_id=726e9462 Slow query detected: 366ms for info_close
2024-01-01 00:26:29.299 INFO [cache] request_id=a073c781 Processed length cache in 33ms
2024-01-01 00:26:30.123 DEBUG [api] request_id=92e9b559 Processed key stop in 5ms
2024-01-01 00:26:31.306 ERROR [worker] request_id=c3c20f1c Processed write user in 29ms
2024-01-01 00:26:32.553 ERROR [queue] request_id=6c39d938 Processed type session in 25ms
2024-01-01 00:26:33.189 ERROR [api] request_id=8505ec63 Processed buffer data in 14ms
2024-01-01 00:26:34.483 WARN [queue] request_id=3592f7c2 Failed to process action: Connection timeout after 5000ms
2024-01-01 00:26:35.728 INFO [cache] request_id=5b7a1e2b Processed query action in 11ms
2024-01-01 00:26:36.825 INFO [worker] request_id=0f7427ba Processed stop read in 8ms
2024-01-01 00:26:37.594 INFO [scheduler] request_id=d3a7ee59 Processed transaction error in 2ms
2024-01-01 00:26:38.724 INFO [db] request_id=e91d28ad Processed index create in 50ms
2024-01-01 00:26:39.196 INFO [scheduler] request_id=0aceb291 Processed size write in 22ms
2024-01-01 00:26:40.095 ERROR [cache] request_id=8e21abc1 Slow query detected: 700ms for cache_query
2024-01-01 00:26:41.668 WARN [api] request_id=1d4b86e8 Failed to process action: Connection timeout after 5000ms
2024-01-01 00:26:42.999 DEBUG [queue] request_id=f382e774 Slow query detected: 296ms for map_status
2024-01-01 00:26:43.917 INFO [api] request_id=3449fd2d Processed action list in 30ms
2024-01-01 00:26:44.196 INFO [auth] request_id=287b764e Processed result delete in 6ms
2024-01-01 00:26:45.436 INFO [worker] request_id=05ea264d Failed to process create: Connection timeout after 5000ms
2024-01-01 00:26:46.658 DEBUG [cache] request_id=59fad1e4 Processed action size in 15ms
2024-01-01 00:26:47.694 INFO [db] request_id=7c1a4d82 Processed count info in 1ms
2024-01-01 00:26:48.258 INFO [api] request_id=14baecd4 Processed length list in 5ms
2024-01-01 00:26:49.230 INFO [scheduler] request_id=d6e3ea27 Failed to process queue: Connection timeout after 5000ms
2024-01-01 00:26:50.229 INFO [auth] request_id=262f01ac Slow query detected: 765ms for read_read
2024-01-01 00:26:51.020 INFO [cache] request_id=b2b8a8f3 Slow query detected: 852ms for result_stack
2024-01-01 00:26:52.282 INFO [worker] request_id=a8c76cc0 Failed to process key: Connection timeout after 5000ms
2024-01-01 00:26:53.777 INFO [queue] request_id=cc8c460e Slow query detected: 886ms for response_list
2024-01-01 00:26:54.187 DEBUG [queue] request_id=e7ae8e34 Slow query detected: 870ms for tree_start
2024-01-01 00:26:55.412 INFO [cache] request_id=2d1f80f4 Slow query detected: 596ms for message_cache
2024-01-01 00:26:56.715 INFO [db] request_id=131d9f46 Processed count query in 2ms
2024-01-01 00:26:57.465 WARN [scheduler] request_id=fb9aef3d Slow query detected: 116ms for client_init
2024-01-01 00:26:58.301 DEBUG [cache] request_id=4435fbad Processed id response in 46ms
2024-01-01 00:26:59.694 INFO [api] request_id=08dd16f9 Processed offset length in 50ms
2024-01-01 00:27:00.066 INFO [cache] request_id=bd97ba80 Processed close data in 5ms
2024-01-01 00:27:01.852 ERROR [api] request_id=4ea6f6bb Slow query detected: 663ms for status_queue
2024-01-01 00:27:02.178 INFO [db] request_id=44c0bb3a Processed value queue in 22ms
2024-01-01 00:27:03.186 INFO [queue] request_id=4a2b5179 Failed to process info: Connection timeout after 5000ms
2024-01-01 00:27:04.012 WARN [api] request_id=eff82f33 Processed request id in 46ms
2024-01-01 00:27:05.067 INFO [db] request_id=b8def027 Processed offset transaction in 4ms
2024-01-01 00:27:06.556 INFO [cache] request_id=bfd53951 Failed to process type: Connection timeout after 5000ms
2024-01-01 00:27:07.029 WARN [db] request_id=5b1a0197 Slow query detected: 692ms for open_message
2024-01-01 00:27:08.593 ERROR [scheduler] request_id=6f183dfd Processed node type in 37ms
2024-01-01 00:27:09.885 INFO [cache] request_id=066e1f2c Slow query detected: 677ms for value_map
2024-01-01 00:27:10.727 INFO [cache] request_id=73daa8ba Slow query detected: 642ms for mode_info
2024-01-01 00:27:11.922 WARN [scheduler] request_id=6af8e27f Failed to process status: Connection timeout after 5000ms
2024-01-01 00:27:12.922 DEBUG [auth] request_id=254d4382 Processed offset trace in 31ms
2024-01-01 00:27:13.685 INFO [scheduler] request_id=c035d060 Slow query detected: 550ms for map_init
2024-01-01 00:27:14.543 INFO [cache] request_id=3828aedb Slow query detected: 805ms for result_response
2024-01-01 00:27:15.436 INFO [auth] request_id=2bd84939 Slow query detected: 156ms for read_session
2024-01-01 00:27:16.947 INFO [worker] request_id=e8ab370e Processed set close in 12ms
2024-01-01 00:27:17.416 INFO [queue] request_id=518f39a7 Processed status read in 40ms
2024-01-01 00:27:18.000 DEBUG [db] request_id=193960d9 Slow query detected: 567ms for init_queue
2024-01-01 00:27:19.708 ERROR [auth] request_id=ed16eeb0 Slow query detected: 824ms for update_read
2024-01-01 00:27:20.384 INFO [cache] request_id=d9dccf48 Failed to process total: Connection timeout after 5000ms
2024-01-01 00:27:21.473 WARN [auth] request_id=8ffe0775 Processed warning stop in 38ms
2024-01-01 00:27:22.852 DEBUG [db] request_id=b38ddf0f Slow query detected: 866ms for user_set
2024-01-01 00:27:23.220 WARN [queue] request_id=e911fd5e Slow query detected: 507ms for type_transaction
2024-01-01 00:27:24.585 DEBUG [auth] request_id=4e249567 Failed to process tree: Connection timeout after 5000ms
2024-01-01 00:27:25.433 INFO [queue] request_id=a495dea7 Processed open node in 11ms
2024-01-01 00:27:26.766 INFO [queue] request_id=9806b133 Processed data error in 47ms
2024-01-01 00:27:27.196 DEBUG [db] request_id=87cc325c Slow query detected: 917ms for query_config
2024-01-01 00:27:28.457 INFO [queue] request_id=14c3cc79 Processed tree config in 50ms
2024-01-01 00:27:29.661 WARN [queue] request_id=8d314333 Slow query detected: 294ms for user_queue
2024-01-01 00:27:30.885 INFO [db] request_id=4351fae3 Slow query detected: 267ms for map_server
2024-01-01 00:27:31.930 INFO [db] request_id=88b9f4f3 Failed to process name: Connection timeout after 5000ms
2024-01-01 00:27:32.304 WARN [scheduler] request_id=c2268635 Processed read length in 22ms
2024-01-01 00:27:33.555 WARN [queue] request_id=6f33a916 Slow query detected: 477ms for info_count
2024-01-01 00:27:34.354 DEBUG [cache] request_id=fbb057bf Processed cache init in 33ms
2024-01-01 00:27:35.866 WARN [scheduler] request_id=df83dcaa Processed response type in 6ms
2024-01-01 00:27:36.316 WARN [queue] request_id=c74a233c Processed warning result in 24ms
2024-01-01 00:27:37.877 ERROR [auth] request_id=ef797a36 Slow query detected: 820ms for config_node
2024-01-01 00:27:38.715 WARN [cache] request_id=fb34a22c Failed to process update: Connection timeout after 5000ms
2024-01-01 00:27:39.782 INFO [api] request_id=fd7725a3 Processed id server in 35ms
2024-01-01 00:27:40.535 ERROR [worker] request_id=1b44f795 Processed stop size in 20ms
2024-01-01 00:27:41.232 INFO [api] request_id=fbd10399 Processed server data in 44ms
2024-01-01 00:27:42.610 INFO [auth] request_id=4347fee0 Processed value mode in 28ms
2024-01-01 00:27:43.341 DEBUG [scheduler] request_id=604dd7fb Slow query detected: 722ms for name_connection
2024-01-01 00:27:44.060 ERROR [auth] request_id=68460458 Failed to process total: Connection timeout after 5000ms
2024-01-01 00:27:45.981 INFO [scheduler] request_id=ed48d90e Processed close stack in 1ms
2024-01-01 00:27:46.486 INFO [db] request_id=04526f04 Processed tree length in 24ms
2024-01-01 00:27:47.073 INFO [auth] request_id=0af8153a Failed to process data: Connection timeout after 5000ms
2024-01-01 00:27:48.769 INFO [db] request_id=9850abc9 Failed to process user: Connection timeout after 5000ms
2024-01-01 00:27:49.829 DEBUG [auth] request_id=ec53dfd4 Processed node total in 39ms
2024-01-01 00:27:50.761 ERROR [cache] request_id=54239d1a Failed to process name: Connection timeout after 5000ms
2024-01-01 00:27:51.378 DEBUG [auth] request_id=c337013c Processed buffer offset in 25ms
2024-01-01 00:27:52.653 WARN [worker] request_id=1e21dd75 Failed to process name: Connection timeout after 5000ms
2024-01-01 00:27:53.889 INFO [db] request_id=03cbbbdf Processed query list in 1ms
2024-01-01 00:27:54.812 INFO [worker] request_id=786d0f85 Processed open config in 14ms
2024-01-01 00:27:55.461 INFO [api] request_id=820287a7 Failed to process server: Connection timeout after 5000ms
2024-01-01 00:27:56.998 INFO [queue] request_id=9b6fe272 Failed to process request: Connection timeout after 5000ms
2024-01-01 00:27:57.779 ERROR [scheduler] request_id=e28f9f34 Slow query detected: 518ms for warning_user
2024-01-01 00:27:58.200 INFO [scheduler] request_id=4994a6b1 Slow query detected: 386ms for session_write
2024-01-01 00:27:59.262 INFO [auth] request_id=afb504f8 Processed value info in 17ms
2024-01-01 00:28:00.253 ERROR [api] request_id=274e02b0 Processed offset tree in 31ms
2024-01-01 00:28:01.099 INFO [api] request_id=425d9335 Processed set read in 30ms
2024-01-01 00:28:02.120 INFO [cache] request_id=816d855d Processed offset type in 38ms
2024-01-01 00:28:03.679 INFO [cache] request_id=7c6fa69a Processed write request in 19ms
2024-01-01 00:28:04.638 INFO [auth] request_id=6f78335f Processed name close in 46ms
2024-01-01 00:28:05.330 INFO [worker] request_id=d5245b67 Processed client key in 34ms
2024-01-01 00:28:06.875 INFO [api] request_id=3a2433a5 Processed config key in 34ms
2024-01-01 00:28:07.545 INFO [cache] request_id=f055e92a Processed key close in 32ms
2024-01-01 00:28:08.520 ERROR [auth] request_id=4213b95e Processed config buffer in 50ms
2024-01-01 00:28:09.059 WARN [worker] request_id=d48a4ca3 Processed message key in 28ms
2024-01-01 00:28:10.625 INFO [auth] request_id=446d9618 Processed response status in 27ms
2024-01-01 00:28:11.682 INFO [worker] request_id=0dcce7d3 Failed to process start: Connection timeout after 5000ms
2024-01-01 00:28:12.179 INFO [auth] request_id=de5e3056 Slow query detected: 420ms for config_mode
2024-01-01 00:28:13.966 ERROR [queue] request_id=971caeba Processed map action in 22ms
2024-01-01 00:28:14.098 DEBUG [scheduler] request_id=2a1c56ce Slow query detected: 475ms for init_start
2024-01-01 00:28:15.574 INFO [db] request_id=f93c943b Slow query detected: 409ms for info_request
2024-01-01 00:28:16.285 ERROR [queue] request_id=f246e0a5 Slow query detected: 647ms for response_total
2024-01-01 00:28:17.987 INFO [db] request_id=a1493623 Processed response data in 20ms
2024-01-01 00:28:18.101 INFO [cache] request_id=b1cbfb55 Processed server user in 7ms
2024-01-01 00:28:19.397 INFO [scheduler] request_id=abb13a66 Processed key config in 6ms
2024-01-01 00:28:20.098 ERROR [api] request_id=35edefab Processed user type in 6ms
2024-01-01 00:28:21.934 DEBUG [cache] request_id=33433cd1 Processed trace session in 5ms
2024-01-01 00:28:22.977 INFO [api] request_id=0c457953 Slow query detected: 293ms for delete_list
2024-01-01 00:28:23.170 INFO [db] request_id=275af29e Failed to process server: Connection timeout after 5000ms
2024-01-01 00:28:24.192 INFO [cache] request_id=50f3fcfe Processed id buffer in 16ms
2024-01-01 00:28:25.207 INFO [queue] request_id=ea762feb Processed offset stack in 21ms
2024-01-01 00:28:26.030 INFO [db] request_id=89bb21f1 Processed value write in 25ms
2024-01-01 00:28:27.770 WARN [queue] request_id=293f62be Failed to process data: Connection timeout after 5000ms
2024-01-01 00:28:28.883 WARN [queue] request_id=17c38ba8 Processed start offset in 27ms
2024-01-01 00:28:29.963 INFO [cache] request_id=85f42e1a Processed map start in 15ms
2024-01-01 00:28:30.284 INFO [api] request_id=2788a2fb Processed config set in 15ms
2024-01-01 00:28:31.780 ERROR [queue] request_id=661e8d5d Processed write size in 35ms
2024-01-01 00:28:32.597 DEBUG [cache] request_id=ee58ac5a Processed trace start in 32ms
2024-01-01 00:28:33.659 INFO [auth] request_id=c63940a5 Processed create query in 32ms
2024-01-01 00:28:34.283 INFO [api] request_id=261b909b Slow query detected: 782ms for stack_map
2024-01-01 00:28:35.061 INFO [auth] request_id=ae8efb2b Processed update status in 29ms
2024-01-01 00:28:36.905 INFO [worker] request_id=662ee770 Processed connection id in 46ms
2024-01-01 00:28:37.373 INFO [auth] request_id=0f4afba0 Processed key total in 24ms
2024-01-01 00:28:38.927 INFO [cache] request_id=a56fb1e2 Processed server queue in 20ms
2024-01-01 00:28:39.481 INFO [api] request_id=144cd1af Processed read key in 23ms
2024-01-01 00:28:40.234 WARN [worker] request_id=76882c3c Processed key offset in 29ms
2024-01-01 00:28:41.636 WARN [worker] request_id=190b2fd7 Processed length length in 30ms
2024-01-01 00:28:42.475 WARN [scheduler] request_id=55f266ca Processed error status in 17ms
2024-01-01 00:28:43.265 INFO [queue] request_id=f16ca29a Slow query detected: 556ms for status_tree
2024-01-01 00:28:44.903 ERROR [queue] request_id=dc288f3f Processed write mode in 15ms
2024-01-01 00:28:45.327 INFO [scheduler] request_id=73d90c8b Failed to process trace: Connection timeout after 5000ms
2024-01-01 00:28:46.018 WARN [cache] request_id=9bcf557a Processed start index in 20ms
2024-01-01 00:28:47.230 ERROR [api] request_id=8a7303a9 Processed config result in 1ms
2024-01-01 00:28:48.167 INFO [db] request_id=098b8e46 Failed to process total: Connection timeout after 5000ms
2024-01-01 00:28:49.736 INFO [worker] request_id=2c5fb3f6 Processed result message in 14ms
2024-01-01 00:28:50.487 ERROR [worker] request_id=45102891 Processed write map in 26ms
2024-01-01 00:28:51.264 INFO [worker] request_id=ae370c18 Failed to process length: Connection timeout after 5000ms
2024-01-01 00:28:52.725 INFO [cache] request_id=a395a58b Processed stack debug in 46ms
2024-01-01 00:28:53.245 INFO [auth] request_id=ec2c2a09 Processed mode count in 14ms
2024-01-01 00:28:54.123 INFO [api] request_id=9e7d1025 Processed node query in 18ms
2024-01-01 00:28:55.909 INFO [db] request_id=8a4323f8 Slow query detected: 670ms for result_close
2024-01-01 00:28:56.718 INFO [cache] request_id=643ae821 Failed to process write: Connection timeout after 5000ms
2024-01-01 00:28:57.192 INFO [worker] request_id=342c43e2 Processed write info in 12ms
2024-01-01 00:28:58.307 WARN [scheduler] request_id=7653c36b Processed init connection in 45ms
2024-01-01 00:28:59.187 DEBUG [db] request_id=eef3c02a Processed data buffer in 21ms
2024-01-01 00:29:00.446 INFO [scheduler] request_id=741c65d0 Failed to process tree: Connection timeout after 5000ms
2024-01-01 00:29:01.348 WARN [api] request_id=7104daf4 Processed write stop in 12ms
2024-01-01 00:29:02.719 WARN [scheduler] request_id=a42a88b7 Failed to process node: Connection timeout after 5000ms
2024-01-01 00:29:03.469 INFO [auth] request_id=5b6f782a Failed to process queue: Connection timeout after 5000ms
2024-01-01 00:29:04.748 ERROR [db] request_id=b3f0dd58 Processed action result in 47ms
2024-01-01 00:29:05.685 ERROR [worker] request_id=fb34f8e8 Processed cache stack in 30ms
2024-01-01 00:29:06.202 INFO [auth] request_id=385db346 Processed type update in 19ms
2024-01-01 00:29:07.747 WARN [auth] request_id=f87f0fe1 Slow query detected: 219ms for trace_trace
2024-01-01 00:29:08.011 INFO [db] request_id=8a39acbb Failed to process type: Connection timeout after 5000ms
2024-01-01 00:29:09.477 INFO [cache] request_id=a083653c Processed cache node in 28ms
2024-01-01 00:29:10.221 INFO [api] request_id=9bfcc2cc Processed total value in 36ms
2024-01-01 00:29:11.382 INFO [auth] request_id=a26c6050 Processed info connection in 30ms
2024-01-01 00:29:12.085 ERROR [db] request_id=eb284f27 Processed offset set in 31ms
2024-01-01 00:29:13.152 INFO [auth] request_id=9ede79c1 Processed create value in 6ms
2024-01-01 00:29:14.633 INFO [worker] request_id=d849118f Failed to process name: Connection timeout after 5000ms
2024-01-01 00:29:15.490 DEBUG [api] request_id=288f2fa1 Slow query detected: 784ms for init_offset
2024-01-01 00:29:16.483 INFO [cache] request_id=35d7ac2d Processed type session in 6ms
2024-01-01 00:29:17.114 ERROR [worker] request_id=b0b57bee Processed queue name in 35ms
2024-01-01 00:29:18.538 ERROR [scheduler] request_id=1f652cdc Processed connection write in 28ms
2024-01-01 00:29:19.574 INFO [scheduler] request_id=37ebee56 Failed to process offset: Connection timeout after 5000ms
2024-01-01 00:29:20.079 WARN [cache] request_id=0f285da7 Failed to process value: Connection timeout after 5000ms
2024-01-01 00:29:21.288 ERROR [scheduler] request_id=233c7654 Slow query detected: 620ms for open_info
2024-01-01 00:29:22.308 DEBUG [scheduler] request_id=884d4733 Processed info stop in 31ms
2024-01-01 00:29:23.676 INFO [db] request_id=5ac12d85 Slow query detected: 932ms for config_query
2024-01-01 00:29:24.702 ERROR [worker] request_id=defdcefd Failed to process connection: Connection timeout after 5000ms
2024-01-01 00:29:25.951 DEBUG [auth] request_id=56b08db3 Processed info response in 33ms
2024-01-01 00:29:26.272 ERROR [scheduler] request_id=4a7c40db Failed to process data: Connection timeout after 5000ms
2024-01-01 00:29:27.205 INFO [cache] request_id=f1fee3cd Processed close offset in 24ms
2024-01-01 00:29:28.022 INFO [api] request_id=ee33732d Processed set config in 12ms
2024-01-01 00:29:29.994 WARN [worker] request_id=8c960945 Processed cache map in 18ms
2024-01-01 00:29:30.176 ERROR [worker] request_id=b33afb80 Processed stop create in 2ms
2024-01-01 00:29:31.226 INFO [worker] request_id=5bbe490b Processed error write in 45ms
2024-01-01 00:29:32.480 INFO [worker] request_id=c5c64d61 Failed to process close: Connection timeout after 5000ms
2024-01-01 00:29:33.464 INFO [scheduler] request_id=bfe76a56 Slow query detected: 193ms for cache_list
2024-01-01 00:29:34.547 DEBUG [worker] request_id=30255253 Processed write action in 30ms
2024-01-01 00:29:35.542 INFO [db] request_id=aa63bab9 Failed to process name: Connection timeout after 5000ms
2024-01-01 00:29:36.208 INFO [queue] request_id=e9fc0ccc Processed delete message in 32ms
2024-01-01 00:29:37.220 ERROR [queue] request_id=4595dea0 Processed connection client in 6ms
2024-01-01 00:29:38.898 ERROR [worker] request_id=b3da777a Processed map read in 2ms
2024-01-01 00:29:39.740 WARN [scheduler] request_id=55969d77 Processed index node in 49ms
2024-01-01 00:29:40.550 INFO [auth] request_id=3ce8e64d Processed key server in 47ms
2024-01-01 00:29:41.574 WARN [queue] request_id=54b71ae9 Failed to process info: Connection timeout after 5000ms
2024-01-01 00:29:42.273 INFO [queue] request_id=b863b60a Processed stack data in 36ms
2024-01-01 00:29:43.116 DEBUG [auth] request_id=b3b86bcf Processed queue read in 44ms
2024-01-01 00:29:44.967 ERROR [cache] request_id=44adeee8 Failed to process list: Connection timeout after 5000ms
2024-01-01 00:29:45.215 INFO [scheduler] request_id=78e88b24 Processed key write in 45ms
2024-01-01 00:29:46.413 ERROR [db] request_id=bda7504c Processed open stop in 1ms
2024-01-01 00:29:47.518 WARN [cache] request_id=13b12243 Slow query detected: 905ms for status_buffer
2024-01-01 00:29:48.736 ERROR [auth] request_id=b8912665 Failed to process connection: Connection timeout after 5000ms
2024-01-01 00:29:49.492 WARN [scheduler] request_id=eb984008 Processed init key in 41ms
2024-01-01 00:29:50.647 ERROR [cache] request_id=95fa6dc4 Processed create total in 42ms
2024-01-01 00:29:51.633 WARN [cache] request_id=ce85405d Failed to process response: Connection timeout after 5000ms
2024-01-01 00:29:52.871 INFO [api] request_id=fc788be4 Slow query detected: 128ms for result_map
2024-01-01 00:29:53.990 INFO [worker] request_id=48e3ef3c Processed id response in 18ms
2024-01-01 00:29:54.741 INFO [api] request_id=4ab8b7c3 Processed debug mode in 44ms
2024-01-01 00:29:55.679 INFO [queue] request_id=e5c964fe Processed node trace in 10ms
2024-01-01 00:29:56.997 WARN [worker] request_id=4546c8ef Processed length data in 14ms
2024-01-01 00:29:57.488 INFO [queue] request_id=c1861044 Slow query detected: 997ms for message_set
2024-01-01 00:29:58.208 INFO [db] request_id=4bad8629 Slow query detected: 608ms for list_map
2024-01-01 00:29:59.742 INFO [scheduler] request_id=fd9e355e Slow query detected: 357ms for queue_queue
2024-01-01 00:30:00.281 DEBUG [db] request_id=c02f5b2b Processed config create in 41ms
2024-01-01 00:30:01.357 WARN [scheduler] request_id=ab256c35 Processed update set in 35ms
2024-01-01 00:30:02.017 INFO [api] request_id=1de0553d Failed to process config: Connection timeout after 5000ms
2024-01-01 00:30:03.100 WARN [queue] request_id=912fb271 Failed to process buffer: Connection timeout after 5000ms
2024-01-01 00:30:04.927 INFO [cache] request_id=fb7a32f9 Failed to process name: Connection timeout after 5000ms
2024-01-01 00:30:05.087 WARN [queue] request_id=3e6f3872 Processed session info in 15ms
2024-01-01 00:30:06.157 INFO [cache] request_id=8ad00ad7 Processed create buffer in 23ms
2024-01-01 00:30:07.980 INFO [queue] request_id=61b7ade4 Processed map list in 11ms
2024-01-01 00:30:08.829 WARN [api] request_id=db6424cd Processed list write in 28ms
2024-01-01 00:30:09.794 INFO [worker] request_id=733834da Processed name value in 13ms
2024-01-01 00:30:10.364 ERROR [api] request_id=a6aaf98d Slow query detected: 230ms for close_start
2024-01-01 00:30:11.347 DEBUG [scheduler] request_id=06b3c8a8 Failed to process create: Connection timeout after 5000ms
2024-01-01 00:30:12.502 INFO [api] request_id=802b8b08 Processed warning warning in 17ms
2024-01-01 00:30:13.428 INFO [worker] request_id=413fc497 Failed to process mode: Connection timeout after 5000ms
2024-01-01 00:30:14.630 ERROR [scheduler] request_id=e9bf5da6 Processed set value in 25ms
2024-01-01 00:30:15.550 ERROR [api] request_id=471c050c Processed server message in 26ms
2024-01-01 00:30:16.376 ERROR [cache] request_id=d58a7c08 Processed client length in 44ms
2024-01-01 00:30:17.174 ERROR [cache] request_id=f6815706 Slow query detected: 396ms for error_length
2024-01-01 00:30:18.611 DEBUG [worker] request_id=3abe31fc Processed stop data in 41ms
2024-01-01 00:30:19.371 ERROR [api] request_id=30b243b0 Processed node config in 40ms
2024-01-01 00:30:20.814 DEBUG [worker] request_id=aef03c60 Processed key create in 17ms
2024-01-01 00:30:21.687 DEBUG [queue] request_id=135030bd Processed close session in 46ms
2024-01-01 00:30:22.705 DEBUG [auth] request_id=87ca88c0 Failed to process result: Connection timeout after 5000ms
2024-01-01 00:30:23.012 INFO [cache] request_id=b115f346 Failed to process server: Connection timeout after 5000ms
2024-01-01 00:30:24.848 DEBUG [db] request_id=319629fd Processed init read in 27ms
2024-01-01 00:30:25.844 ERROR [scheduler] request_id=b2d430f1 Processed warning id in 18ms
2024-01-01 00:30:26.153 INFO [db] request_id=2bd63757 Processed size total in 9ms
2024-01-01 00:30:27.856 ERROR [api] request_id=b52962c9 Failed to process cache: Connection timeout after 5000ms
2024-01-01 00:30:28.656 INFO [api] request_id=3a2cd5aa Processed cache delete in 2ms
2024-01-01 00:30:29.686 INFO [api] request_id=d0cb0657 Failed to process debug: Connection timeout after 5000ms
2024-01-01 00:30:30.362 INFO [cache] request_id=27f635eb Slow query detected: 741ms for result_list
2024-01-01 00:30:31.931 INFO [scheduler] request_id=48481d86 Processed set name in 8ms
2024-01-01 00:30:32.868 ERROR [cache] request_id=3f08af54 Slow query detected: 972ms for index_create
2024-01-01 00:30:33.905 INFO [queue] request_id=5bc68355 Failed to process id: Connection timeout after 5000ms
2024-01-01 00:30:34.116 ERROR [worker] request_id=3f3e1578 Slow query detected: 624ms for query_node
2024-01-01 00:30:35.693 WARN [cache] request_id=c2e3a862 Failed to process queue: Connection timeout after 5000ms
2024-01-01 00:30:36.694 INFO [cache] request_id=a374a1b3 Processed client list in 39ms
2024-01-01 00:30:37.620 INFO [worker] request_id=50895dd1 Failed to process user: Connection timeout after 5000ms
2024-01-01 00:30:38.772 INFO [cache] request_id=cec7aefd Failed to process count: Connection timeout after 5000ms
2024-01-01 00:30:39.246 ERROR [worker] request_id=330ccea5 Slow query detected: 829ms for data_update
2024-01-01 00:30:40.850 INFO [cache] request_id=81fe748d Processed offset index in 38ms
2024-01-01 00:30:41.514 INFO [api] request_id=bc3ba337 Slow query detected: 162ms for user_status
2024-01-01 00:30:42.012 WARN [api] request_id=8e560002 Processed trace buffer in 26ms
2024-01-01 00:30:43.602 DEBUG [api] request_id=cb3e49a8 Processed id type in 43ms
2024-01-01 00:30:44.258 ERROR [api] request_id=3b44a885 Processed transaction request in 4ms
2024-01-01 00:30:45.973 INFO [scheduler] request_id=55a482ce Processed count read in 7ms
2024-01-01 00:30:46.304 INFO [cache] request_id=fce01e4f Slow query detected: 910ms for value_query
2024-01-01 00:30:47.302 INFO [queue] request_id=b83c2daf Processed action query in 35ms
2024-01-01 00:30:48.469 WARN [auth] request_id=c5911972 Processed trace client in 42ms
2024-01-01 00:30:49.506 INFO [cache] request_id=d6419c9d Processed user value in 43ms
2024-01-01 00:30:50.428 ERROR [db] request_id=6e955479 Processed open read in 16ms
2024-01-01 00:30:51.150 WARN [worker] request_id=1fb0c05a Processed init read in 17ms
2024-01-01 00:30:52.152 DEBUG [worker] request_id=5367bc27 Slow query detected: 674ms for list_query
2024-01-01 00:30:53.641 INFO [cache] request_id=f8d0afe4 Slow query detected: 152ms for offset_type
2024-01-01 00:30:54.149 INFO [auth] request_id=c20e56c7 Failed to process set: Connection timeout after 5000ms
2024-01-01 00:30:55.377 ERROR [cache] request_id=84778bf3 Processed info init in 17ms
2024-01-01 00:30:56.967 INFO [scheduler] request_id=268761c9 Slow query detected: 864ms for trace_offset
2024-01-01 00:30:57.296 WARN [db] request_id=b289f396 Processed data response in 41ms
2024-01-01 00:30:58.899 INFO [cache] request_id=390d83ba Processed config close in 47ms
2024-01-01 00:30:59.030 ERROR [api] request_id=3e04e387 Processed stack length in 4ms
2024-01-01 00:31:00.779 INFO [db] request_id=02852711 Processed offset close in 20ms
2024-01-01 00:31:01.448 INFO [queue] request_id=8eec1d7d Processed session mode in 24ms
2024-01-01 00:31:02.161 DEBUG [worker] request_id=99d6d7fe Processed stop list in 39ms
2024-01-01 00:31:03.746 WARN [worker] request_id=c351e0d9 Processed transaction key in 22ms
2024-01-01 00:31:04.665 INFO [api] request_id=58ba373a Processed result debug in 5ms
2024-01-01 00:31:05.033 INFO [worker] request_id=55b623a6 Processed init node in 49ms
2024-01-01 00:31:06.833 INFO [api] request_id=964e945d Processed name session in 26ms
2024-01-01 00:31:07.384 INFO [worker] request_id=f754ffc6 Processed set create in 48ms
2024-01-01 00:31:08.331 WARN [api] request_id=cfdd1933 Processed server list in 43ms
2024-01-01 00:31:09.599 INFO [auth] request_id=33e9008a Processed size key in 3ms
2024-01-01 00:31:10.615 INFO [queue] request_id=b0e84429 Processed stack id in 27ms
2024-01-01 00:31:11.619 INFO [worker] request_id=7702d850 Processed write stop in 11ms
2024-01-01 00:31:12.895 INFO [scheduler] request_id=72a88032 Processed node connection in 45ms
2024-01-01 00:31:13.908 ERROR [api] request_id=ac97758e Slow query detected: 466ms for length_status
2024-01-01 00:31:14.290 WARN [queue] request_id=0ab05d26 Processed transaction warning in 47ms
2024-01-01 00:31:15.580 DEBUG [scheduler] request_id=4dd1341c Failed to process open: Connection timeout after 5000ms
2024-01-01 00:31:16.172 INFO [queue] request_id=f6e58892 Processed update open in 30ms
2024-01-01 00:31:17.339 ERROR [db] request_id=c0e8019a Processed cache init in 47ms
2024-01-01 00:31:18.256 DEBUG [queue] request_id=99b21f8e Failed to process size: Connection timeout after 5000ms
2024-01-01 00:31:19.139 INFO [worker] request_id=5f9c5839 Processed close write in 5ms
2024-01-01 00:31:20.226 ERROR [queue] request_id=e7209271 Processed result user in 7ms
2024-01-01 00:31:21.585 INFO [queue] request_id=0f6c2d59 Processed action query in 33ms
2024-01-01 00:31:22.539 DEBUG [api] request_id=1395c479 Processed type set in 35ms
2024-01-01 00:31:23.744 WARN [auth] request_id=6c0a6434 Failed to process value: Connection timeout after 5000ms
2024-01-01 00:31:24.955 ERROR [api] request_id=f7c092a6 Processed session result in 17ms
2024-01-01 00:31:25.385 INFO [api] request_id=c0384f25 Slow query detected: 409ms for client_session
2024-01-01 00:31:26.910 INFO [db] request_id=da238ad6 Slow query detected: 811ms for query_value
2024-01-01 00:31:27.065 DEBUG [auth] request_id=57b053b9 Failed to process user: Connection timeout after 5000ms
2024-01-01 00:31:28.513 ERROR [api] request_id=8d2041ad Processed count cache in 22ms
2024-01-01 00:31:29.073 INFO [scheduler] request_id=440f8e57 Processed size result in 37ms
2024-01-01 00:31:30.343 INFO [db] request_id=995e07ee Processed init open in 48ms
2024-01-01 00:31:31.145 ERROR [db] request_id=f3b3492c Slow query detected: 165ms for offset_node
2024-01-01 00:31:32.071 WARN [queue] request_id=a48698c8 Processed trace update in 19ms
2024-01-01 00:31:33.130 DEBUG [api] request_id=74117716 Processed read data in 4ms
2024-01-01 00:31:34.071 INFO [api] request_id=a4e57853 Failed to process offset: Connection timeout after 5000ms
2024-01-01 00:31:35.436 INFO [cache] request_id=c2d65c76 Slow query detected: 844ms for id_value
2024-01-01 00:31:36.663 ERROR [worker] request_id=832718b7 Processed count response in 14ms
2024-01-01 00:31:37.330 INFO [db] request_id=d8f7f1ec Processed debug close in 1ms
2024-01-01 00:31:38.329 ERROR [scheduler] request_id=54faf793 Processed status read in 2ms
2024-01-01 00:31:39.308 INFO [worker] request_id=54a80f50 Processed trace id in 18ms
2024-01-01 00:31:40.043 WARN [worker] request_id=10cc3c44 Processed request client in 42ms
2024-01-01 00:31:41.066 DEBUG [cache] request_id=6852cb4c Processed tree result in 8ms
2024-01-01 00:31:42.596 INFO [api] request_id=40d5696a Processed connection stack in 28ms
2024-01-01 00:31:43.373 DEBUG [cache] request_id=3d2267b7 Processed queue result in 38ms
2024-01-01 00:31:44.291 WARN [db] request_id=96b767a6 Processed result close in 50ms
2024-01-01 00:31:45.229 INFO [db] request_id=66cf5e30 Failed to process set: Connection timeout after 5000ms
2024-01-01 00:31:46.627 ERROR [queue] request_id=ef9b78cd Failed to process id: Connection timeout after 5000ms
2024-01-01 00:31:47.922 DEBUG [db] request_id=d543084a Processed name length in 16ms
2024-01-01 00:31:48.057 INFO [scheduler] request_id=0c3dc61f Processed debug mode in 46ms
2024-01-01 00:31:49.803 WARN [worker] request_id=99b85538 Processed trace queue in 22ms
2024-01-01 00:31:50.855 ERROR [auth] request_id=b65dc87a Processed server transaction in 31ms
2024-01-01 00:31:51.259 INFO [queue] request_id=5c006c68 Processed user response in 31ms
2024-01-01 00:31:52.765 ERROR [db] request_id=601c221f Processed set value in 5ms
2024-01-01 00:31:53.288 ERROR [worker] request_id=6ecf8bbb Processed stack request in 12ms
2024-01-01 00:31:54.211 INFO [db] request_id=ae46d6d6 Processed user message in 41ms
2024-01-01 00:31:55.367 INFO [auth] request_id=b13aa7f3 Processed error delete in 24ms
2024-01-01 00:31:56.101 ERROR [api] request_id=5335d394 Processed map message in 2ms
2024-01-01 00:31:57.484 ERROR [scheduler] request_id=cdb54b53 Processed set mode in 33ms
2024-01-01 00:31:58.097 INFO [worker] request_id=65defc41 Processed session type in 1ms
2024-01-01 00:31:59.139 INFO [queue] request_id=a3f90001 Processed query set in 18ms
2024-01-01 00:32:00.703 INFO [queue] request_id=cb3c4c54 Processed info length in 8ms
2024-01-01 00:32:01.219 WARN [auth] request_id=5603930d Processed info info in 37ms
2024-01-01 00:32:02.293 INFO [db] request_id=54dad2df Processed result node in 24ms
2024-01-01 00:32:03.672 INFO [worker] request_id=3cbc3708 Processed key error in 45ms
2024-01-01 00:32:04.093 INFO [worker] request_id=09c8ad6a Failed to process status: Connection timeout after 5000ms
2024-01-01 00:32:05.125 WARN [queue] request_id=93992f44 Slow query detected: 180ms for close_value
2024-01-01 00:32:06.508 DEBUG [api] request_id=055233a5 Processed init debug in 17ms
2024-01-01 00:32:07.493 INFO [worker] request_id=9394b076 Slow query detected: 414ms for value_start
2024-01-01 00:32:08.328 INFO [queue] request_id=c739f75e Processed key id in 17ms
2024-01-01 00:32:09.354 WARN [api] request_id=3ab7110e Processed queue stop in 26ms
2024-01-01 00:32:10.215 INFO [api] request_id=045851ca Processed create query in 35ms
2024-01-01 00:32:11.477 INFO [api] request_id=5de4eb51 Processed config server in 47ms
2024-01-01 00:32:12.394 ERROR [api] request_id=c64dbe76 Processed config node in 9ms
2024-01-01 00:32:13.023 INFO [queue] request_id=ff0274ea Failed to process start: Connection timeout after 5000ms
2024-01-01 00:32:14.112 WARN [cache] request_id=6c5f79be Processed mode open in 24ms
2024-01-01 00:32:15.781 INFO [cache] request_id=ab7df83d Slow query detected: 697ms for close_warning
2024-01-01 00:32:16.332 DEBUG [cache] request_id=80e92eb7 Slow query detected: 969ms for close_status
2024-01-01 00:32:17.939 INFO [db] request_id=285216d1 Slow query detected: 720ms for user_write
2024-01-01 00:32:18.312 DEBUG [scheduler] request_id=c930b687 Failed to process transaction: Connection timeout after 5000ms
2024-01-01 00:32:19.780 INFO [scheduler] request_id=00ef65ef Processed response data in 1ms
2024-01-01 00:32:20.494 INFO [cache] request_id=3fcd247b Failed to process mode: Connection timeout after 5000ms
2024-01-01 00:32:21.284 DEBUG [db] request_id=ae6fda24 Processed connection value in 28ms
2024-01-01 00:32:22.838 INFO [api] request_id=a0674db1 Processed read init in 34ms
2024-01-01 00:32:23.049 INFO [auth] request_id=49d7a4e8 Processed queue debug in 8ms
2024-01-01 00:32:24.974 DEBUG [auth] request_id=b6bc0e60 Processed user update in 30ms
2024-01-01 00:32:25.659 WARN [cache] request_id=dcefa1f0 Processed cache start in 48ms
2024-01-01 00:32:26.712 WARN [queue] request_id=610c7f0a Failed to process queue: Connection timeout after 5000ms
2024-01-01 00:32:27.791 DEBUG [auth] request_id=2e1e0e64 Processed total create in 14ms
2024-01-01 00:32:28.517 INFO [queue] request_id=ddd99ee2 Failed to process data: Connection timeout after 5000ms
2024-01-01 00:32:29.556 INFO [cache] request_id=b719e4f2 Processed length close in 7ms
2024-01-01 00:32:30.148 INFO [cache] request_id=06a88288 Processed stack session in 9ms
2024-01-01 00:32:31.473 INFO [auth] request_id=90403473 Processed delete total in 32ms
2024-01-01 00:32:32.580 ERROR [auth] request_id=2bc3c094 Processed delete close in 40ms
2024-01-01 00:32:33.772 WARN [api] request_id=8e0b2a3e Processed length query in 48ms
2024-01-01 00:32:34.766 WARN [db] request_id=221b281d Failed to process start: Connection timeout after 5000ms
2024-01-01 00:32:35.997 WARN [scheduler] request_id=25609bc7 Processed debug status in 47ms
2024-01-01 00:32:36.846 INFO [api] request_id=b7937c8c Processed session session in 43ms
2024-01-01 00:32:37.149 WARN [queue] request_id=882cc563 Failed to process delete: Connection timeout after 5000ms
2024-01-01 00:32:38.600 DEBUG [worker] request_id=52799d54 Processed value close in 9ms
2024-01-01 00:32:39.791 INFO [worker] request_id=425e9ea4 Processed info index in 39ms
2024-01-01 00:32:40.382 ERROR [cache] request_id=5bf5983f Processed transaction client in 18ms
2024-01-01 00:32:41.635 ERROR [auth] request_id=27fa7a66 Slow query detected: 274ms for value_length
2024-01-01 00:32:42.488 WARN [worker] request_id=1b04df2f Processed client map in 35ms
2024-01-01 00:32:43.858 INFO [queue] request_id=0c53e673 Failed to process create: Connection timeout after 5000ms
2024-01-01 00:32:44.487 INFO [queue] request_id=8d907923 Processed mode total in 7ms
2024-01-01 00:32:45.611 INFO [queue] request_id=4c057f50 Processed tree queue in 46ms
2024-01-01 00:32:46.114 INFO [db] request_id=fba508b0 Slow query detected: 968ms for server_transaction
2024-01-01 00:32:47.696 WARN [api] request_id=dd1bf242 Processed read query in 33ms
2024-01-01 00:32:48.112 DEBUG [queue] request_id=64da52b5 Processed config id in 39ms
2024-01-01 00:32:49.359 DEBUG [scheduler] request_id=8ac6e315 Processed tree name in 46ms
2024-01-01 00:32:50.728 DEBUG [scheduler] request_id=84461b5d Failed to process tree: Connection timeout after 5000ms
2024-01-01 00:32:51.508 ERROR [scheduler] request_id=79456556 Processed response offset in 39ms
2024-01-01 00:32:52.522 INFO [scheduler] request_id=e72531f4 Slow query detected: 131ms for length_start
2024-01-01 00:32:53.232 ERROR [scheduler] request_id=b5a7cede Processed set write in 30ms
2024-01-01 00:32:54.678 INFO [scheduler] request_id=6acd5f1f Failed to process map: Connection timeout after 5000ms
2024-01-01 00:32:55.013 DEBUG [scheduler] request_id=7be73a82 Slow query detected: 282ms for response_client
2024-01-01 00:32:56.999 INFO [db] request_id=91e9a058 Processed status query in 12ms
2024-01-01 00:32:57.951 INFO [db] request_id=c828ba9a Slow query detected: 650ms for create_update
2024-01-01 00:32:58.841 INFO [api] request_id=8e80f813 Failed to process value: Connection timeout after 5000ms
2024-01-01 00:32:59.321 ERROR [cache] request_id=51fdd72e Processed client map in 12ms
2024-01-01 00:33:00.928 INFO [queue] request_id=49a6f314 Failed to process cache: Connection timeout after 5000ms
2024-01-01 00:33:01.417 INFO [auth] request_id=4bb4e0f5 Processed tree warning in 44ms
2024-01-01 00:33:02.087 INFO [worker] request_id=96409f92 Slow query detected: 745ms for trace_info
2024-01-01 00:33:03.449 INFO [api] request_id=deae65da Failed to process cache: Connection timeout after 5000ms
2024-01-01 00:33:04.753 INFO [queue] request_id=3bba6fa4 Slow query detected: 614ms for config_list
2024-01-01 00:33:05.910 WARN [api] request_id=a916235e Processed write delete in 7ms
2024-01-01 00:33:06.012 INFO [worker] request_id=67ed35e0 Processed info total in 17ms
2024-01-01 00:33:07.284 INFO [api] request_id=2865abe1 Failed to process trace: Connection timeout after 5000ms
2024-01-01 00:33:08.569 INFO [scheduler] request_id=a0c0a9fa Processed session index in 13ms
2024-01-01 00:33:09.277 INFO [worker] request_id=f7b36d9f Processed map client in 5ms
2024-01-01 00:33:10.185 WARN [cache] request_id=23483d2b Processed size action in 26ms
2024-01-01 00:33:11.815 INFO [db] request_id=320f2b3b Processed debug info in 45ms
2024-01-01 00:33:12.173 DEBUG [worker] request_id=bc039f59 Processed type length in 2ms
2024-01-01 00:33:13.094 ERROR [scheduler] request_id=49b2da5f Processed map debug in 26ms
2024-01-01 00:33:14.611 WARN [db] request_id=e35f507d Processed info session in 26ms
2024-01-01 00:33:15.867 INFO [queue] request_id=6c27ee0b Failed to process debug: Connection timeout after 5000ms
2024-01-01 00:33:16.449 ERROR [db] request_id=2ca63e26 Processed index read in 12ms
2024-01-01 00:33:17.844 INFO [api] request_id=2563265d Failed to process error: Connection timeout after 5000ms
2024-01-01 00:33:18.120 INFO [auth] request_id=03b563c4 Failed to process type: Connection timeout after 5000ms
2024-01-01 00:33:19.393 INFO [cache] request_id=756463e1 Processed error message in 8ms
2024-01-01 00:33:20.662 ERROR [queue] request_id=635de6f4 Failed to process request: Connection timeout after 5000ms
2024-01-01 00:33:21.822 INFO [worker] request_id=9f897376 Processed transaction id in 8ms
2024-01-01 00:33:22.406 DEBUG [worker] request_id=0f103d7c Processed update node in 17ms
2024-01-01 00:33:23.186 ERROR [cache] request_id=676d10aa Failed to process index: Connection timeout after 5000ms
2024-01-01 00:33:24.214 INFO [auth] request_id=47fad06c Processed create count in 1ms
2024-01-01 00:33:25.512 INFO [queue] request_id=a55c64ed Processed mode connection in 22ms
2024-01-01 00:33:26.193 INFO [queue] request_id=75790fec Processed buffer response in 43ms
2024-01-01 00:33:27.615 WARN [api] request_id=faabbea3 Processed key trace in 22ms
2024-01-01 00:33:28.006 INFO [auth] request_id=b4298863 Failed to process info: Connection timeout after 5000ms
2024-01-01 00:33:29.261 INFO [queue] request_id=2a3aa152 Processed read debug in 33ms
2024-01-01 00:33:30.487 DEBUG [queue] request_id=2b653d9c Processed transaction count in 24ms
2024-01-01 00:33:31.493 INFO [worker] request_id=ff4d2586 Processed map connection in 15ms
2024-01-01 00:33:32.573 INFO [queue] request_id=e5baa201 Processed read stop in 42ms
2024-01-01 00:33:33.000 INFO [db] request_id=65019588 Processed status stack in 33ms
2024-01-01 00:33:34.157 WARN [api] request_id=1cd314fa Processed action result in 13ms
2024-01-01 00:33:35.164 INFO [queue] request_id=4aa6fa86 Failed to process create: Connection timeout after 5000ms
2024-01-01 00:33:36.347 INFO [api] request_id=2c5ff97b Failed to process error: Connection timeout after 5000ms
2024-01-01 00:33:37.329 INFO [cache] request_id=58740bf6 Slow query detected: 354ms for query_index
2024-01-01 00:33:38.362 INFO [worker] request_id=9df4afad Processed type start in 16ms
2024-01-01 00:33:39.520 INFO [worker] request_id=c3558cff Processed total close in 27ms
2024-01-01 00:33:40.306 INFO [scheduler] request_id=6a804ead Processed result cache in 39ms
2024-01-01 00:33:41.796 INFO [worker] request_id=744a7bd8 Slow query detected: 694ms for result_buffer
2024-01-01 00:33:42.884 ERROR [cache] request_id=613148bf Processed stop stop in 19ms
2024-01-01 00:33:43.430 ERROR [auth] request_id=e501af2e Processed key debug in 24ms
2024-01-01 00:33:44.198 ERROR [queue] request_id=49e3daa1 Processed data connection in 16ms
2024-01-01 00:33:45.932 ERROR [worker] request_id=b6dc0170 Processed total start in 31ms
2024-01-01 00:33:46.372 INFO [auth] request_id=647349b5 Failed to process info: Connection timeout after 5000ms
2024-01-01 00:33:47.315 ERROR [auth] request_id=32602433 Processed status request in 17ms
2024-01-01 00:33:48.549 DEBUG [auth] request_id=dae5f880 Slow query detected: 776ms for warning_stack
2024-01-01 00:33:49.965 INFO [scheduler] request_id=eb954628 Processed error stop in 46ms
2024-01-01 00:33:50.076 INFO [queue] request_id=e8589317 Processed delete value in 35ms
2024-01-01 00:33:51.048 INFO [cache] request_id=8b0e312c Processed key connection in 5ms
2024-01-01 00:33:52.177 WARN [db] request_id=673a1e62 Processed name read in 23ms
2024-01-01 00:33:53.632 DEBUG [auth] request_id=631f7200 Processed set init in 37ms
2024-01-01 00:33:54.245 INFO [api] request_id=e0bfe4fc Processed connection total in 12ms
2024-01-01 00:33:55.245 ERROR [cache] request_id=00a7a1bf Processed request config in 25ms
2024-01-01 00:33:56.276 INFO [db] request_id=c6eb5dab Processed config close in 25ms
2024-01-01 00:33:57.163 INFO [queue] request_id=029c6cac Processed id response in 23ms
2024-01-01 00:33:58.478 INFO [worker] request_id=e5500d2f Failed to process close: Connection timeout after 5000ms
2024-01-01 00:33:59.776 WARN [worker] request_id=5cd8be5c Processed close create in 3ms
2024-01-01 00:34:00.050 ERROR [queue] request_id=216a2d81 Processed stop response in 50ms
2024-01-01 00:34:01.208 INFO [cache] request_id=b014045d Processed length transaction in 44ms
2024-01-01 00:34:02.262 ERROR [api] request_id=0a98e46d Processed connection queue in 31ms
2024-01-01 00:34:03.066 INFO [api] request_id=98bc1fb8 Processed query client in 46ms
2024-01-01 00:34:04.348 WARN [db] request_id=c6c2e71a Processed message query in 10ms
2024-01-01 00:34:05.946 INFO [queue] request_id=eab2f464 Processed buffer session in 39ms
2024-01-01 00:34:06.955 DEBUG [db] request_id=c774c81f Processed offset trace in 40ms
2024-01-01 00:34:07.262 DEBUG [db] request_id=cdbbf0ef Processed offset trace in 42ms
2024-01-01 00:34:08.571 INFO [api] request_id=a11a37d5 Processed debug transaction in 48ms
2024-01-01 00:34:09.490 INFO [cache] request_id=9a9de4e6 Failed to process init: Connection timeout after 5000ms
2024-01-01 00:34:10.416 INFO [db] request_id=3e39ee23 Processed read stack in 41ms
2024-01-01 00:34:11.508 ERROR [cache] request_id=8414d337 Failed to process tree: Connection timeout after 5000ms
2024-01-01 00:34:12.066 INFO [api] request_id=58998a3b Processed name request in 2ms
2024-01-01 00:34:13.665 DEBUG [db] request_id=7513e911 Processed response transaction in 22ms
2024-01-01 00:34:14.436 INFO [cache] request_id=fd869f24 Slow query detected: 569ms for data_name
2024-01-01 00:34:15.295 DEBUG [db] request_id=82dc1a46 Processed total session in 36ms
2024-01-01 00:34:16.312 INFO [worker] request_id=78040bdc Processed error config in 2ms
2024-01-01 00:34:17.008 ERROR [queue] request_id=595bce76 Failed to process session: Connection timeout after 5000ms
2024-01-01 00:34:18.821 INFO [scheduler] request_id=272b4878 Failed to process debug: Connection timeout after 5000ms
2024-01-01 00:34:19.317 DEBUG [db] request_id=3398e94b Failed to process result: Connection timeout after 5000ms
2024-01-01 00:34:20.857 INFO [cache] request_id=6c90a19f Failed to process buffer: Connection timeout after 5000ms
2024-01-01 00:34:21.769 INFO [db] request_id=f8ae2c0d Processed write value in 36ms
2024-01-01 00:34:22.966 INFO [queue] request_id=eb1a9330 Processed set error in 37ms
2024-01-01 00:34:23.251 INFO [auth] request_id=881f5506 Processed queue id in 49ms
2024-01-01 00:34:24.335 INFO [api] request_id=53681027 Failed to process list: Connection timeout after 5000ms
2024-01-01 00:34:25.481 ERROR [scheduler] request_id=b20fb6cd Processed stack count in 22ms
2024-01-01 00:34:26.077 INFO [db] request_id=b628e750 Processed value write in 16ms
2024-01-01 00:34:27.447 WARN [queue] request_id=e4da9d6d Processed length client in 12ms
2024-01-01 00:34:28.376 DEBUG [scheduler] request_id=1fbbc6d8 Failed to process count: Connection timeout after 5000ms
2024-01-01 00:34:29.770 DEBUG [api] request_id=9d27feaa Failed to process node: Connection timeout after 5000ms
2024-01-01 00:34:30.275 INFO [scheduler] request_id=3ca0d994 Failed to process session: Connection timeout after 5000ms
2024-01-01 00:34:31.827 ERROR [cache] request_id=59f83480 Slow query detected: 146ms for create_id
2024-01-01 00:34:32.818 WARN [queue] request_id=44ed6de0 Processed server cache in 4ms
2024-01-01 00:34:33.634 DEBUG [queue] request_id=48a02a91 Processed request query in 25ms
2024-01-01 00:34:34.192 INFO [db] request_id=2da7849d Slow query detected: 365ms for tree_set
2024-01-01 00:34:35.541 DEBUG [db] request_id=8fd9ffd3 Failed to process map: Connection timeout after 5000ms
2024-01-01 00:34:36.573 INFO [queue] request_id=10502ff9 Processed result key in 11ms
2024-01-01 00:34:37.722 INFO [queue] request_id=58f7e202 Processed connection size in 39ms
2024-01-01 00:34:38.924 INFO [scheduler] request_id=089c4502 Processed write error in 35ms
2024-01-01 00:34:39.199 INFO [scheduler] request_id=8a3abe5c Processed user stop in 27ms
2024-01-01 00:34:40.157 INFO [queue] request_id=b1d62638 Slow query detected: 786ms for map_stop
2024-01-01 00:34:41.480 DEBUG [scheduler] request_id=48393483 Failed to process response: Connection timeout after 5000ms
2024-01-01 00:34:42.228 ERROR [auth] request_id=f2ca50e3 Processed data stack in 47ms
2024-01-01 00:34:43.069 INFO [db] request_id=33dbafdd Processed connection data in 36ms
2024-01-01 00:34:44.630 INFO [auth] request_id=d56ef30f Processed delete message in 16ms
2024-01-01 00:34:45.500 DEBUG [api] request_id=30abedd0 Slow query detected: 629ms for type_error
2024-01-01 00:34:46.844 INFO [worker] request_id=79ca95a8 Processed debug error in 42ms
2024-01-01 00:34:47.471 INFO [db] request_id=f3b7420f Processed init create in 30ms
2024-01-01 00:34:48.909 INFO [api] request_id=5e6a12e1 Processed transaction offset in 3ms
2024-01-01 00:34:49.540 INFO [worker] request_id=d5284c11 Processed id map in 18ms
2024-01-01 00:34:50.383 INFO [cache] request_id=1a3da670 Failed to process trace: Connection timeout after 5000ms
2024-01-01 00:34:51.503 ERROR [db] request_id=07af804d Processed length name in 41ms
2024-01-01 00:34:52.112 WARN [api] request_id=d9b7fbc1 Processed count list in 18ms
2024-01-01 00:34:53.812 INFO [cache] request_id=72cf5b0a Processed count total in 25ms
2024-01-01 00:34:54.609 INFO [queue] request_id=70ef1098 Processed type length in 22ms
2024-01-01 00:34:55.970 INFO [db] request_id=6bd4eaab Slow query detected: 557ms for open_key
2024-01-01 00:34:56.183 DEBUG [cache] request_id=02012dc4 Processed buffer transaction in 16ms
2024-01-01 00:34:57.431 INFO [cache] request_id=acdbf16c Slow query detected: 928ms for total_buffer
2024-01-01 00:34:58.104 INFO [db] request_id=18b0c0e3 Processed update init in 27ms
2024-01-01 00:34:59.338 WARN [auth] request_id=5d1d0d52 Processed connection create in 31ms
2024-01-01 00:35:00.927 INFO [queue] request_id=514c6d77 Processed node status in 8ms
2024-01-01 00:35:01.441 INFO [auth] request_id=4fbb35a3 Processed trace length in 49ms
2024-01-01 00:35:02.824 INFO [db] request_id=d9a11b70 Processed size init in 19ms
2024-01-01 00:35:03.074 DEBUG [queue] request_id=29994b3a Processed status cache in 38ms
2024-01-01 00:35:04.397 INFO [cache] request_id=a55eed18 Processed create trace in 44ms
2024-01-01 00:35:05.438 INFO [api] request_id=7d7fc7ad Slow query detected: 467ms for config_debug
2024-01-01 00:35:06.405 ERROR [auth] request_id=01b71c05 Processed query init in 41ms
2024-01-01 00:35:07.386 DEBUG [cache] request_id=2b35ac2e Processed write update in 16ms
2024-01-01 00:35:08.586 DEBUG [scheduler] request_id=b95acff5 Processed close warning in 7ms
2024-01-01 00:35:09.871 INFO [api] request_id=e3368931 Slow query detected: 512ms for cache_size
2024-01-01 00:35:10.250 INFO [db] request_id=4a5e1af5 Failed to process create: Connection timeout after 5000ms
2024-01-01 00:35:11.522 WARN [worker] request_id=61dbc598 Slow query detected: 768ms for length_user
2024-01-01 00:35:12.480 INFO [cache] request_id=917d59b5 Processed size action in 23ms
2024-01-01 00:35:13.091 WARN [auth] request_id=8e99dc99 Processed update stack in 42ms
2024-01-01 00:35:14.398 DEBUG [api] request_id=329ad975 Processed data type in 28ms
2024-01-01 00:35:15.561 INFO [scheduler] request_id=b1fdd23c Slow query detected: 541ms for value_set
2024-01-01 00:35:16.667 DEBUG [cache] request_id=41d43ecf Slow query detected: 654ms for queue_id
2024-01-01 00:35:17.521 ERROR [scheduler] request_id=7584e18a Failed to process buffer: Connection timeout after 5000ms
2024-01-01 00:35:18.422 INFO [db] request_id=6e70d782 Failed to process queue: Connection timeout after 5000ms
2024-01-01 00:35:19.828 DEBUG [api] request_id=6aecef5d Processed set read in 35ms
2024-01-01 00:35:20.093 INFO [cache] request_id=698ed62c Processed id delete in 28ms
2024-01-01 00:35:21.616 ERROR [queue] request_id=c4336c99 Processed index mode in 12ms
2024-01-01 00:35:22.461 DEBUG [db] request_id=4300666f Processed create info in 47ms
2024-01-01 00:35:23.293 INFO [scheduler] request_id=b418b6a0 Slow query detected: 236ms for size_message
2024-01-01 00:35:24.459 INFO [queue] request_id=9f60ef00 Processed size stop in 15ms
2024-01-01 00:35:25.228 ERROR [api] request_id=c7667121 Processed read close in 11ms
2024-01-01 00:35:26.802 DEBUG [queue] request_id=e0fda014 Processed client value in 45ms
2024-01-01 00:35:27.246 INFO [scheduler] request_id=52eaa7cd Processed connection buffer in 28ms
2024-01-01 00:35:28.737 INFO [worker] request_id=4dd1192d Processed buffer size in 35ms
2024-01-01 00:35:29.521 ERROR [cache] request_id=e41ecf02 Processed start mode in 13ms
2024-01-01 00:35:30.705 DEBUG [queue] request_id=ef7f327f Failed to process debug: Connection timeout after 5000ms
2024-01-01 00:35:31.188 INFO [queue] request_id=cda17321 Processed node session in 21ms
2024-01-01 00:35:32.865 INFO [api] request_id=72ac8661 Processed total read in 44ms
2024-01-01 00:35:33.812 DEBUG [cache] request_id=474b61cd Slow query detected: 685ms for server_cache
2024-01-01 00:35:34.129 INFO [auth] request_id=fdb26339 Processed close stop in 19ms
2024-01-01 00:35:35.306 INFO [api] request_id=f0dc154d Failed to process read: Connection timeout after 5000ms
2024-01-01 00:35:36.512 ERROR [db] request_id=3af7cc2a Slow query detected: 153ms for query_list
2024-01-01 00:35:37.359 INFO [db] request_id=81a9ac87 Processed mode key in 27ms
2024-01-01 00:35:38.942 INFO [scheduler] request_id=09e62454 Processed response result in 22ms
2024-01-01 00:35:39.752 INFO [db] request_id=f79f0db0 Processed delete result in 28ms
2024-01-01 00:35:40.756 ERROR [worker] request_id=5a014eb3 Processed update type in 46ms
2024-01-01 00:35:41.753 INFO [api] request_id=f43e5e9f Slow query detected: 320ms for node_warning
2024-01-01 00:35:42.080 WARN [worker] request_id=283dbff3 Processed data offset in 32ms
2024-01-01 00:35:43.067 INFO [db] request_id=093e71a8 Slow query detected: 584ms for result_warning
2024-01-01 00:35:44.060 INFO [queue] request_id=bcdcd3ab Processed buffer action in 26ms
2024-01-01 00:35:45.304 INFO [scheduler] request_id=8213ca29 Processed id session in 17ms
2024-01-01 00:35:46.628 INFO [auth] request_id=706c070c Slow query detected: 626ms for action_map
2024-01-01 00:35:47.644 INFO [db] request_id=5c144669 Processed size type in 16ms
2024-01-01 00:35:48.893 DEBUG [worker] request_id=da682c3d Failed to process config: Connection timeout after 5000ms
2024-01-01 00:35:49.869 INFO [auth] request_id=9bfbfe7c Processed update action in 49ms
2024-01-01 00:35:50.624 INFO [scheduler] request_id=2f86581f Processed info create in 19ms
2024-01-01 00:35:51.533 WARN [db] request_id=4a88b3d7 Processed request config in 21ms
2024-01-01 00:35:52.267 INFO [api] request_id=e5a89ba7 Processed action config in 21ms
2024-01-01 00:35:53.677 INFO [auth] request_id=38c143cc Processed debug message in 36ms
2024-01-01 00:35:54.608 INFO [api] request_id=cb2abb85 Processed client config in 50ms
2024-01-01 00:35:55.635 ERROR [cache] request_id=6e85f890 Processed stack queue in 22ms
2024-01-01 00:35:56.783 WARN [worker] request_id=19bd3b05 Processed action warning in 42ms
2024-01-01 00:35:57.375 WARN [queue] request_id=98627e5b Processed type status in 44ms
2024-01-01 00:35:58.022 INFO [db] request_id=63e51d92 Processed mode create in 5ms
2024-01-01 00:35:59.244 INFO [db] request_id=4b70cb5d Processed list create in 14ms
2024-01-01 00:36:00.670 INFO [api] request_id=fcbcf03f Processed name size in 24ms
2024-01-01 00:36:01.929 DEBUG [queue] request_id=4ed0dbb2 Processed list error in 9ms
2024-01-01 00:36:02.545 WARN [worker] request_id=2dbf1dc3 Slow query detected: 586ms for offset_update
2024-01-01 00:36:03.299 ERROR [worker] request_id=19ead7a1 Processed trace read in 42ms
2024-01-01 00:36:04.748 INFO [cache] request_id=bef93b63 Processed id mode in 14ms
2024-01-01 00:36:05.649 WARN [api] request_id=2574e6dd Processed connection length in 12ms
2024-01-01 00:36:06.125 DEBUG [queue] request_id=2d96f7bc Processed queue close in 29ms
2024-01-01 00:36:07.168 INFO [db] request_id=99af5f8a Failed to process queue: Connection timeout after 5000ms
2024-01-01 00:36:08.674 ERROR [cache] request_id=a11736a8 Processed trace total in 22ms
2024-01-01 00:36:09.883 WARN [queue] request_id=6638b01d Slow query detected: 375ms for message_connection
2024-01-01 00:36:10.869 WARN [cache] request_id=c202dbaf Processed warning stop in 15ms
2024-01-01 00:36:11.262 INFO [auth] request_id=b403f50d Processed response key in 36ms
2024-01-01 00:36:12.765 INFO [db] request_id=4c5cbb3f Slow query detected: 956ms for total_connection
2024-01-01 00:36:13.649 INFO [db] request_id=e2e144c8 Processed data total in 29ms
2024-01-01 00:36:14.030 INFO [scheduler] request_id=beceed24 Failed to process query: Connection timeout after 5000ms
2024-01-01 00:36:15.989 DEBUG [worker] request_id=242bbd4a Processed result map in 7ms
2024-01-01 00:36:16.007 INFO [auth] request_id=4d07c770 Processed offset debug in 50ms
2024-01-01 00:36:17.109 WARN [db] request_id=7ba81045 Processed cache open in 1ms
2024-01-01 00:36:18.344 DEBUG [auth] request_id=528a6b63 Processed value transaction in 11ms
2024-01-01 00:36:19.457 ERROR [scheduler] request_id=dea39d9f Processed user data in 16ms
2024-01-01 00:36:20.124 INFO [worker] request_id=f05eb0e9 Failed to process buffer: Connection timeout after 5000ms
2024-01-01 00:36:21.213 INFO [auth] request_id=1ae472ec Processed user stop in 28ms
2024-01-01 00:36:22.210 WARN [api] request_id=57d1250e Slow query detected: 140ms for start_user
2024-01-01 00:36:23.001 INFO [auth] request_id=3ae63291 Failed to process node: Connection timeout after 5000ms
2024-01-01 00:36:24.113 INFO [scheduler] request_id=2a335d37 Slow query detected: 422ms for total_server
2024-01-01 00:36:25.067 ERROR [api] request_id=befbb6e2 Processed status buffer in 14ms
2024-01-01 00:36:26.230 INFO [api] request_id=3f41d012 Failed to process offset: Connection timeout after 5000ms
2024-01-01 00:36:27.869 ERROR [api] request_id=5ff6d68c Processed open queue in 20ms
2024-01-01 00:36:28.439 WARN [worker] request_id=9953bf5c Processed create error in 1ms
2024-01-01 00:36:29.647 INFO [queue] request_id=f538a789 Failed to process length: Connection timeout after 5000ms
2024-01-01 00:36:30.711 ERROR [queue] request_id=800ad4af Processed close cache in 35ms
2024-01-01 00:36:31.230 DEBUG [cache] request_id=d8ebabe9 Failed to process session: Connection timeout after 5000ms
2024-01-01 00:36:32.372 WARN [db] request_id=18e99102 Processed total length in 27ms
2024-01-01 00:36:33.226 INFO [worker] request_id=131d2269 Slow query detected: 511ms for user_server
2024-01-01 00:36:34.115 WARN [scheduler] request_id=29739f88 Processed connection init in 22ms
2024-01-01 00:36:35.559 ERROR [api] request_id=eb43e2d3 Processed tree type in 42ms
2024-01-01 00:36:36.398 WARN [cache] request_id=be2c635f Failed to process name: Connection timeout after 5000ms
2024-01-01 00:36:37.664 INFO [auth] request_id=8dd47c33 Processed message key in 2ms
2024-01-01 00:36:38.429 INFO [api] request_id=6f0a86f6 Failed to process warning: Connection timeout after 5000ms
2024-01-01 00:36:39.211 DEBUG [api] request_id=68a4dc66 Processed message action in 29ms
2024-01-01 00:36:40.949 DEBUG [cache] request_id=e8a36c95 Processed debug action in 3ms
2024-01-01 00:36:41.483 DEBUG [worker] request_id=9d4a6148 Processed open connection in 24ms
2024-01-01 00:36:42.432 INFO [auth] request_id=cb67f4e3 Processed warning total in 22ms
2024-01-01 00:36:43.215 DEBUG [api] request_id=04ef5db5 Processed count response in 6ms
2024-01-01 00:36:44.896 WARN [auth] request_id=8351abf3 Failed to process read: Connection timeout after 5000ms
2024-01-01 00:36:45.954 INFO [worker] request_id=9507b679 Processed action result in 6ms
2024-01-01 00:36:46.666 INFO [api] request_id=7c9ef902 Processed write connection in 13ms
2024-01-01 00:36:47.622 WARN [auth] request_id=4bd0838c Processed queue message in 35ms
2024-01-01 00:36:48.573 INFO [auth] request_id=6afb6c22 Processed node delete in 40ms
2024-01-01 00:36:49.922 WARN [cache] request_id=1a82ba08 Processed size warning in 14ms
2024-01-01 00:36:50.379 DEBUG [db] request_id=6310663f Slow query detected: 747ms for warning_message
2024-01-01 00:36:51.137 INFO [cache] request_id=ed6b27e3 Slow query detected: 491ms for size_stack
2024-01-01 00:36:52.507 INFO [queue] request_id=c92f18d8 Failed to process create: Connection timeout after 5000ms
2024-01-01 00:36:53.122 WARN [db] request_id=871e0906 Slow query detected: 250ms for warning_user
2024-01-01 00:36:54.263 DEBUG [db] request_id=a396535e Processed update key in 3ms
2024-01-01 00:36:55.940 INFO [api] request_id=98bf81bf Processed size list in 30ms
2024-01-01 00:36:56.204 ERROR [queue] request_id=e10427bc Processed buffer info in 50ms
2024-01-01 00:36:57.784 INFO [api] request_id=8915ecd6 Slow query detected: 871ms for transaction_name
2024-01-01 00:36:58.931 DEBUG [scheduler] request_id=86093eda Processed debug set in 46ms
2024-01-01 00:36:59.686 INFO [cache] request_id=47c243aa Processed value close in 6ms
2024-01-01 00:37:00.070 INFO [worker] request_id=6cbd0556 Processed query id in 26ms
2024-01-01 00:37:01.073 INFO [queue] request_id=bd8410d4 Processed server close in 41ms
2024-01-01 00:37:02.910 DEBUG [api] request_id=5277b5c4 Slow query detected: 830ms for connection_type
2024-01-01 00:37:03.109 INFO [cache] request_id=f989ec19 Processed client total in 13ms
2024-01-01 00:37:04.956 ERROR [db] request_id=5c7165ce Processed map length in 40ms
2024-01-01 00:37:05.867 WARN [queue] request_id=e82efbcf Processed set mode in 2ms
2024-01-01 00:37:06.576 INFO [queue] request_id=ea7c7e65 Processed list request in 38ms
2024-01-01 00:37:07.146 INFO [auth] request_id=b29b629e Failed to process close: Connection timeout after 5000ms
2024-01-01 00:37:08.949 ERROR [worker] request_id=f61a69f7 Processed query id in 21ms
2024-01-01 00:37:09.521 INFO [worker] request_id=0f23915a Processed cache size in 11ms
2024-01-01 00:37:10.106 INFO [worker] request_id=273a5998 Processed open cache in 31ms
2024-01-01 00:37:11.482 DEBUG [db] request_id=e69f782c Slow query detected: 706ms for buffer_create
2024-01-01 00:37:12.393 INFO [worker] request_id=f40eb25c Failed to process delete: Connection timeout after 5000ms
2024-01-01 00:37:13.647 ERROR [cache] request_id=d34f95ee Processed query action in 34ms
2024-01-01 00:37:14.049 INFO [api] request_id=df64506d Processed stack query in 11ms
2024-01-01 00:37:15.658 DEBUG [worker] request_id=dd533ad0 Failed to process server: Connection timeout after 5000ms
2024-01-01 00:37:16.590 DEBUG [worker] request_id=3b156242 Processed set update in 49ms
2024-01-01 00:37:17.878 DEBUG [cache] request_id=c6d96612 Slow query detected: 129ms for cache_connection
2024-01-01 00:37:18.949 WARN [auth] request_id=531c6340 Failed to process request: Connection timeout after 5000ms
2024-01-01 00:37:19.566 DEBUG [worker] request_id=389d7c83 Processed create stop in 40ms
2024-01-01 00:37:20.834 INFO [cache] request_id=eb957ced Processed stack map in 12ms
2024-01-01 00:37:21.697 INFO [cache] request_id=b2173086 Processed query data in 12ms
2024-01-01 00:37:22.254 INFO [scheduler] request_id=d7ea2736 Processed list tree in 13ms
2024-01-01 00:37:23.426 INFO [queue] request_id=cd4e9d7c Processed write response in 25ms
2024-01-01 00:37:24.493 INFO [worker] request_id=6f0a7136 Processed init total in 10ms
2024-01-01 00:37:25.995 INFO [worker] request_id=3ae7fc79 Processed stop open in 41ms
2024-01-01 00:37:26.820 INFO [cache] request_id=b6eaf640 Processed open config in 1ms
2024-01-01 00:37:27.379 WARN [api] request_id=969daac9 Slow query detected: 374ms for status_trace
2024-01-01 00:37:28.014 WARN [auth] request_id=c410d12f Slow query detected: 351ms for server_id
2024-01-01 00:37:29.729 ERROR [db] request_id=353179d0 Processed create buffer in 25ms
2024-01-01 00:37:30.991 INFO [api] request_id=de42eb36 Failed to process index: Connection timeout after 5000ms
2024-01-01 00:37:31.402 DEBUG [auth] request_id=daed4f0c Slow query detected: 937ms for message_id
2024-01-01 00:37:32.367 INFO [queue] request_id=31c55d06 Processed data connection in 40ms
2024-01-01 00:37:33.993 WARN [scheduler] request_id=b11ef5f8 Processed warning open in 36ms
2024-01-01 00:37:34.240 ERROR [queue] request_id=321e317d Slow query detected: 984ms for set_map
2024-01-01 00:37:35.795 INFO [queue] request_id=426cfd41 Processed open session in 4ms
2024-01-01 00:37:36.932 WARN [api] request_id=e5b5c465 Processed message trace in 33ms
2024-01-01 00:37:37.708 INFO [db] request_id=60a0fe8c Processed total delete in 22ms
2024-01-01 00:37:38.081 INFO [queue] request_id=e9f94143 Processed trace start in 6ms
2024-01-01 00:37:39.660 WARN [auth] request_id=8d81ac84 Processed read query in 24ms
2024-01-01 00:37:40.417 WARN [queue] request_id=0424577d Processed action open in 25ms
2024-01-01 00:37:41.556 INFO [api] request_id=6836c020 Processed start size in 1ms
2024-01-01 00:37:42.655 DEBUG [worker] request_id=9a20b905 Failed to process write: Connection timeout after 5000ms
2024-01-01 00:37:43.711 DEBUG [worker] request_id=8ec4d398 Failed to process offset: Connection timeout after 5000ms
2024-01-01 00:37:44.341 ERROR [db] request_id=c411969f Processed user update in 28ms
2024-01-01 00:37:45.992 INFO [scheduler] request_id=7bbe6830 Processed tree stack in 22ms
2024-01-01 00:37:46.142 INFO [cache] request_id=16127306 Processed close count in 31ms
2024-01-01 00:37:47.918 DEBUG [cache] request_id=231567e5 Slow query detected: 705ms for init_value
2024-01-01 00:37:48.537 INFO [queue] request_id=476b4bef Failed to process start: Connection timeout after 5000ms
2024-01-01 00:37:49.603 DEBUG [cache] request_id=5e73241a Failed to process buffer: Connection timeout after 5000ms
2024-01-01 00:37:50.310 INFO [db] request_id=b2c83e40 Processed query length in 32ms
2024-01-01 00:37:51.283 WARN [scheduler] request_id=462e8082 Processed offset queue in 5ms
2024-01-01 00:37:52.906 WARN [db] request_id=7f10a53d Processed index request in 35ms
2024-01-01 00:37:53.912 ERROR [api] request_id=b8df228d Processed init user in 9ms
2024-01-01 00:37:54.640 INFO [db] request_id=c62a3031 Processed request tree in 3ms
2024-01-01 00:37:55.223 WARN [db] request_id=5f6361b9 Slow query detected: 408ms for type_config
2024-01-01 00:37:56.509 DEBUG [queue] request_id=f7651395 Processed delete server in 38ms
2024-01-01 00:37:57.592 INFO [db] request_id=3f0b4f5d Slow query detected: 895ms for stack_read
2024-01-01 00:37:58.959 DEBUG [db] request_id=6270e10b Processed start key in 5ms
2024-01-01 00:37:59.115 INFO [auth] request_id=a17375ec Failed to process message: Connection timeout after 5000ms
2024-01-01 00:38:00.417 INFO [db] request_id=ca4c8d27 Processed query debug in 31ms
2024-01-01 00:38:01.321 WARN [cache] request_id=7f3bf1d2 Processed result result in 32ms
2024-01-01 00:38:02.524 DEBUG [auth] request_id=54821e18 Processed user transaction in 7ms
2024-01-01 00:38:03.777 DEBUG [db] request_id=f3a6c054 Failed to process debug: Connection timeout after 5000ms
2024-01-01 00:38:04.862 DEBUG [queue] request_id=944685cf Processed key open in 4ms
2024-01-01 00:38:05.844 INFO [worker] request_id=1adcd9aa Processed tree request in 5ms
2024-01-01 00:38:06.014 ERROR [worker] request_id=11a4050b Processed open stack in 47ms
2024-01-01 00:38:07.111 DEBUG [scheduler] request_id=f3f8c65a Slow query detected: 758ms for message_query
2024-01-01 00:38:08.111 WARN [cache] request_id=75638961 Processed write size in 46ms
2024-01-01 00:38:09.150 WARN [auth] request_id=cf06b66c Failed to process value: Connection timeout after 5000ms
2024-01-01 00:38:10.376 INFO [api] request_id=16790872 Processed result queue in 12ms
2024-01-01 00:38:11.069 ERROR [cache] request_id=b9ee1219 Processed create read in 26ms
2024-01-01 00:38:12.020 DEBUG [api] request_id=a2c6151d Processed create type in 3ms
2024-01-01 00:38:13.255 DEBUG [worker] request_id=05dd9945 Processed id data in 24ms
2024-01-01 00:38:14.337 ERROR [api] request_id=880a5bc9 Processed start buffer in 44ms
2024-01-01 00:38:15.285 INFO [auth] request_id=0f33d8a1 Processed delete query in 2ms
2024-01-01 00:38:16.705 DEBUG [api] request_id=e9dfa7cb Failed to process name: Connection timeout after 5000ms
2024-01-01 00:38:17.383 DEBUG [scheduler] request_id=42831319 Slow query detected: 811ms for connection_index
2024-01-01 00:38:18.575 INFO [cache] request_id=9d6442bf Failed to process update: Connection timeout after 5000ms
2024-01-01 00:38:19.661 WARN [db] request_id=e4b937a2 Processed stop value in 7ms
2024-01-01 00:38:20.864 INFO [auth] request_id=ac9c82a0 Slow query detected: 207ms for response_index
2024-01-01 00:38:21.348 INFO [scheduler] request_id=d5efe7eb Processed client queue in 17ms
2024-01-01 00:38:22.628 INFO [scheduler] request_id=963f9f48 Processed status result in 34ms
2024-01-01 00:38:23.534 ERROR [db] request_id=64cb654f Processed write length in 29ms
2024-01-01 00:38:24.636 INFO [worker] request_id=6a41e820 Processed value open in 39ms
2024-01-01 00:38:25.339 WARN [db] request_id=f37ca78c Failed to process config: Connection timeout after 5000ms
2024-01-01 00:38:26.969 DEBUG [auth] request_id=ace0b799 Processed total action in 14ms
2024-01-01 00:38:27.275 WARN [cache] request_id=99d7cdf4 Slow query detected: 194ms for debug_query
2024-01-01 00:38:28.008 INFO [queue] request_id=2345104a Failed to process error: Connection timeout after 5000ms
2024-01-01 00:38:29.731 INFO [worker] request_id=c8e11d2e Slow query detected: 334ms for name_client
2024-01-01 00:38:30.257 INFO [db] request_id=fa374564 Processed buffer mode in 32ms
2024-01-01 00:38:31.480 INFO [queue] request_id=658b2b2f Processed debug open in 3ms
2024-01-01 00:38:32.633 INFO [api] request_id=10190044 Processed read session in 20ms
2024-01-01 00:38:33.051 ERROR [cache] request_id=6403422a Processed data stop in 27ms
2024-01-01 00:38:34.133 ERROR [worker] request_id=a2c10dbc Processed size debug in 7ms
2024-01-01 00:38:35.366 DEBUG [cache] request_id=8fe5a11c Slow query detected: 614ms for request_total
2024-01-01 00:38:36.961 INFO [cache] request_id=e9884623 Processed index index in 4ms
2024-01-01 00:38:37.681 ERROR [db] request_id=ca309cd3 Processed mode update in 38ms
2024-01-01 00:38:38.127 INFO [worker] request_id=641062fe Processed write count in 12ms
2024-01-01 00:38:39.805 DEBUG [db] request_id=ae9c7a3d Failed to process init: Connection timeout after 5000ms
2024-01-01 00:38:40.112 DEBUG [cache] request_id=dbaa1afe Processed offset query in 15ms
2024-01-01 00:38:41.556 WARN [worker] request_id=e6700be0 Processed debug map in 29ms
2024-01-01 00:38:42.088 INFO [auth] request_id=3137e74c Processed delete init in 12ms
2024-01-01 00:38:43.641 INFO [scheduler] request_id=4591969a Processed request transaction in 7ms
2024-01-01 00:38:44.772 INFO [api] request_id=0c7fcdc1 Processed create connection in 41ms
2024-01-01 00:38:45.161 INFO [db] request_id=1112f91e Processed mode config in 42ms
2024-01-01 00:38:46.388 ERROR [queue] request_id=3ca69718 Processed total config in 11ms
2024-01-01 00:38:47.654 WARN [cache] request_id=7acd1e75 Slow query detected: 468ms for stop_info
2024-01-01 00:38:48.817 INFO [auth] request_id=b3a98bc9 Failed to process write: Connection timeout after 5000ms
2024-01-01 00:38:49.458 ERROR [queue] request_id=e85999b0 Processed warning list in 24ms
2024-01-01 00:38:50.065 WARN [scheduler] request_id=4ca5cf80 Slow query detected: 362ms for key_error
2024-01-01 00:38:51.291 INFO [db] request_id=197443ee Processed cache init in 15ms
2024-01-01 00:38:52.891 WARN [scheduler] request_id=ac06fe8e Processed id type in 40ms
2024-01-01 00:38:53.234 DEBUG [worker] request_id=f382b5bd Processed info key in 43ms
2024-01-01 00:38:54.036 INFO [queue] request_id=77ce9108 Slow query detected: 194ms for response_start
2024-01-01 00:38:55.517 INFO [cache] request_id=fb0ec303 Processed buffer buffer in 40ms
2024-01-01 00:38:56.350 INFO [worker] request_id=5d99655c Processed mode config in 16ms
2024-01-01 00:38:57.943 DEBUG [auth] request_id=4cec1bb8 Processed length offset in 27ms
2024-01-01 00:38:58.213 INFO [db] request_id=be82b22e Processed stack connection in 21ms
2024-01-01 00:38:59.687 INFO [auth] request_id=f6ee303c Failed to process count: Connection timeout after 5000ms
2024-01-01 00:39:00.767 INFO [cache] request_id=02415f0c Processed length query in 10ms
2024-01-01 00:39:01.352 DEBUG [queue] request_id=9e50f9b0 Processed id id in 12ms
2024-01-01 00:39:02.862 WARN [worker] request_id=3f79ecba Failed to process tree: Connection timeout after 5000ms
2024-01-01 00:39:03.234 DEBUG [scheduler] request_id=f579e5d6 Processed init client in 39ms
2024-01-01 00:39:04.997 DEBUG [api] request_id=f0a8bd7f Processed close mode in 6ms
2024-01-01 00:39:05.661 INFO [scheduler] request_id=78751a92 Processed status queue in 28ms
2024-01-01 00:39:06.629 INFO [queue] request_id=f4159734 Processed length cache in 46ms
2024-01-01 00:39:07.741 WARN [scheduler] request_id=be58614e Processed write request in 28ms
2024-01-01 00:39:08.716 WARN [db] request_id=2e66fcb6 Failed to process value: Connection timeout after 5000ms
2024-01-01 00:39:09.843 WARN [queue] request_id=af79bd74 Processed session delete in 34ms
2024-01-01 00:39:10.480 INFO [scheduler] request_id=008c3a55 Processed transaction list in 46ms
2024-01-01 00:39:11.159 INFO [api] request_id=bdafc885 Slow query detected: 613ms for stop_queue
2024-01-01 00:39:12.477 DEBUG [queue] request_id=3f57f056 Processed server data in 12ms
2024-01-01 00:39:13.258 INFO [api] request_id=85ca1e3b Slow query detected: 652ms for config_message
2024-01-01 00:39:14.442 INFO [scheduler] request_id=f179b094 Processed create map in 49ms
2024-01-01 00:39:15.618 DEBUG [db] request_id=1b9502de Failed to process mode: Connection timeout after 5000ms
2024-01-01 00:39:16.881 DEBUG [db] request_id=443f1d66 Processed query write in 45ms
2024-01-01 00:39:17.322 INFO [queue] request_id=3a0539f6 Failed to process query: Connection timeout after 5000ms
2024-01-01 00:39:18.826 WARN [scheduler] request_id=0ee7b7ba Processed message info in 21ms
2024-01-01 00:39:19.196 INFO [api] request_id=af5ac226 Slow query detected: 211ms for init_server
2024-01-01 00:39:20.367 ERROR [worker] request_id=d801b2d1 Processed offset start in 48ms
2024-01-01 00:39:21.692 ERROR [scheduler] request_id=d1f1f58b Processed response open in 21ms
2024-01-01 00:39:22.887 ERROR [auth] request_id=27159047 Processed list read in 44ms
2024-01-01 00:39:23.172 INFO [api] request_id=4796eba3 Processed close set in 26ms
2024-01-01 00:39:24.154 DEBUG [cache] request_id=6868d584 Failed to process init: Connection timeout after 5000ms
2024-01-01 00:39:25.556 INFO [db] request_id=c0a0904f Processed buffer error in 1ms
2024-01-01 00:39:26.713 INFO [scheduler] request_id=436b820c Slow query detected: 150ms for create_id
2024-01-01 00:39:27.490 INFO [auth] request_id=56c1ebf6 Processed server delete in 14ms
2024-01-01 00:39:28.735 WARN [worker] request_id=77ed7dd2 Processed count trace in 8ms
2024-01-01 00:39:29.497 INFO [api] request_id=1e19227e Failed to process mode: Connection timeout after 5000ms
2024-01-01 00:39:30.895 INFO [db] request_id=e9d7889a Processed query trace in 18ms
2024-01-01 00:39:31.931 WARN [cache] request_id=a5fc8add Slow query detected: 755ms for delete_request
2024-01-01 00:39:32.263 INFO [scheduler] request_id=1742abaf Processed trace size in 39ms
2024-01-01 00:39:33.809 DEBUG [worker] request_id=f1b8be22 Processed debug transaction in 28ms
2024-01-01 00:39:34.822 INFO [queue] request_id=3d167dce Processed config trace in 34ms
2024-01-01 00:39:35.237 ERROR [db] request_id=c27c0d39 Slow query detected: 205ms for write_request
2024-01-01 00:39:36.180 DEBUG [cache] request_id=1dfce701 Processed config response in 12ms
2024-01-01 00:39:37.579 INFO [cache] request_id=50d396cc Processed start stack in 1ms
2024-01-01 00:39:38.467 DEBUG [queue] request_id=c3c93b0f Processed error server in 38ms
2024-01-01 00:39:39.003 ERROR [db] request_id=4914c328 Processed transaction index in 20ms
2024-01-01 00:39:40.592 WARN [auth] request_id=c034a0b2 Processed map status in 40ms
2024-01-01 00:39:41.240 ERROR [scheduler] request_id=490ad2e9 Processed warning total in 38ms
2024-01-01 00:39:42.909 INFO [queue] request_id=65d18bc9 Failed to process name: Connection timeout after 5000ms
2024-01-01 00:39:43.937 WARN [db] request_id=c8245078 Failed to process transaction: Connection timeout after 5000ms
2024-01-01 00:39:44.862 ERROR [scheduler] request_id=73b9295c Failed to process info: Connection timeout after 5000ms
2024-01-01 00:39:45.992 WARN [auth] request_id=59113fc7 Processed id user in 13ms
2024-01-01 00:39:46.393 DEBUG [scheduler] request_id=fdca51a8 Processed offset map in 23ms
2024-01-01 00:39:47.064 INFO [db] request_id=b01b87eb Processed mode set in 12ms
2024-01-01 00:39:48.693 DEBUG [scheduler] request_id=54f81ed8 Processed status map in 8ms
2024-01-01 00:39:49.294 DEBUG [auth] request_id=97b8d9c6 Processed map offset in 44ms
2024-01-01 00:39:50.531 WARN [queue] request_id=ba52bc33 Processed list queue in 23ms
2024-01-01 00:39:51.292 DEBUG [auth] request_id=1a4e3169 Processed set response in 13ms
2024-01-01 00:39:52.532 INFO [scheduler] request_id=9b4ecb13 Failed to process message: Connection timeout after 5000ms
2024-01-01 00:39:53.559 INFO [auth] request_id=ea670c3f Slow query detected: 764ms for message_response
2024-01-01 00:39:54.185 INFO [worker] request_id=004948cb Processed tree key in 24ms
2024-01-01 00:39:55.492 INFO [cache] request_id=2834b5fb Processed result result in 7ms
2024-01-01 00:39:56.338 ERROR [db] request_id=ce347c51 Processed count connection in 49ms
2024-01-01 00:39:57.323 WARN [worker] request_id=659bbdb5 Processed value queue in 24ms
2024-01-01 00:39:58.327 WARN [auth] request_id=f0a142b1 Slow query detected: 798ms for trace_result
2024-01-01 00:39:59.515 WARN [api] request_id=2a5fdeed Processed stop length in 24ms
2024-01-01 00:40:00.030 INFO [api] request_id=d263d646 Slow query detected: 983ms for offset_init
2024-01-01 00:40:01.600 ERROR [auth] request_id=a5cf5d0f Processed message delete in 1ms
2024-01-01 00:40:02.827 INFO [auth] request_id=ad8bcd9b Processed close size in 4ms
2024-01-01 00:40:03.543 INFO [cache] request_id=52633231 Processed id error in 42ms
2024-01-01 00:40:04.394 INFO [queue] request_id=f7fd376c Processed type tree in 30ms
2024-01-01 00:40:05.492 WARN [auth] request_id=524cb41a Processed set connection in 13ms
2024-01-01 00:40:06.425 INFO [queue] request_id=4bc4284b Failed to process start: Connection timeout after 5000ms
2024-01-01 00:40:07.414 INFO [auth] request_id=44fbdfb4 Failed to process init: Connection timeout after 5000ms
2024-01-01 00:40:08.911 DEBUG [scheduler] request_id=f360c988 Slow query detected: 310ms for info_name
2024-01-01 00:40:09.101 WARN [cache] request_id=87babe4a Processed type connection in 22ms
2024-01-01 00:40:10.916 DEBUG [scheduler] request_id=b60d1922 Failed to process query: Connection timeout after 5000ms
2024-01-01 00:40:11.725 DEBUG [api] request_id=77d818bb Processed error value in 48ms
2024-01-01 00:40:12.449 ERROR [scheduler] request_id=413227d7 Processed transaction message in 9ms
2024-01-01 00:40:13.122 DEBUG [db] request_id=1dc6dcdc Processed session status in 2ms
2024-01-01 00:40:14.895 DEBUG [auth] request_id=f285faa0 Processed map open in 29ms
2024-01-01 00:40:15.713 DEBUG [auth] request_id=486795eb Failed to process error: Connection timeout after 5000ms
2024-01-01 00:40:16.412 INFO [worker] request_id=8e26202f Slow query detected: 792ms for cache_map
2024-01-01 00:40:17.207 INFO [scheduler] request_id=bade93e7 Processed node name in 21ms
2024-01-01 00:40:18.809 ERROR [scheduler] request_id=e536216a Failed to process action: Connection timeout after 5000ms
2024-01-01 00:40:19.044 INFO [auth] request_id=e14f090a Processed key connection in 33ms
2024-01-01 00:40:20.508 INFO [queue] request_id=d7b9603c Processed map config in 24ms
2024-01-01 00:40:21.659 INFO [queue] request_id=c6b0a80e Processed close server in 16ms
2024-01-01 00:40:22.900 ERROR [scheduler] request_id=83128567 Processed request id in 38ms
2024-01-01 00:40:23.142 INFO [auth] request_id=d5a9fc88 Processed error cache in 3ms
2024-01-01 00:40:24.466 ERROR [cache] request_id=af4df68a Processed id connection in 17ms
2024-01-01 00:40:25.749 INFO [cache] request_id=a617f553 Processed stack buffer in 41ms
2024-01-01 00:40:26.425 ERROR [cache] request_id=10c7ec7b Processed count map in 42ms
2024-01-01 00:40:27.010 ERROR [queue] request_id=f55f8d02 Processed cache status in 48ms
2024-01-01 00:40:28.879 WARN [api] request_id=604eb804 Slow query detected: 499ms for buffer_set
2024-01-01 00:40:29.879 ERROR [auth] request_id=734b65ad Slow query detected: 401ms for index_config
2024-01-01 00:40:30.479 WARN [db] request_id=f959fdfb Processed cache buffer in 17ms
2024-01-01 00:40:31.937 ERROR [worker] request_id=eea5bba5 Processed index open in 16ms
2024-01-01 00:40:32.971 DEBUG [queue] request_id=bd55a48f Processed status status in 34ms
2024-01-01 00:40:33.336 INFO [db] request_id=204f62eb Processed request request in 13ms
2024-01-01 00:40:34.227 INFO [auth] request_id=52276d8a Failed to process name: Connection timeout after 5000ms
2024-01-01 00:40:35.041 INFO [queue] request_id=1225998c Slow query detected: 873ms for queue_query
2024-01-01 00:40:36.251 INFO [cache] request_id=2392e10f Processed stop length in 43ms
2024-01-01 00:40:37.803 DEBUG [api] request_id=0304fd20 Processed init user in 19ms
2024-01-01 00:40:38.644 ERROR [api] request_id=67a20857 Processed session action in 40ms
2024-01-01 00:40:39.473 INFO [db] request_id=1407b074 Processed node client in 28ms
2024-01-01 00:40:40.435 INFO [auth] request_id=f4b80ac1 Failed to process stack: Connection timeout after 5000ms
2024-01-01 00:40:41.248 ERROR [db] request_id=19c7bea9 Slow query detected: 163ms for result_offset
2024-01-01 00:40:42.807 INFO [scheduler] request_id=7305de28 Slow query detected: 486ms for session_error
2024-01-01 00:40:43.910 ERROR [api] request_id=454ce702 Processed list query in 26ms
2024-01-01 00:40:44.211 WARN [db] request_id=da6ff302 Processed index delete in 45ms
2024-01-01 00:40:45.851 DEBUG [api] request_id=3dda813e Processed create mode in 27ms
2024-01-01 00:40:46.469 INFO [scheduler] request_id=a2de86be Failed to process total: Connection timeout after 5000ms
2024-01-01 00:40:47.772 INFO [auth] request_id=1ebe30eb Processed stack total in 41ms
2024-01-01 00:40:48.465 INFO [db] request_id=5b22f87e Slow query detected: 432ms for value_error
2024-01-01 00:40:49.791 DEBUG [auth] request_id=511d2894 Processed response key in 13ms
2024-01-01 00:40:50.509 ERROR [auth] request_id=7747814a Failed to process id: Connection timeout after 5000ms
2024-01-01 00:40:51.960 WARN [auth] request_id=46e266b9 Failed to process length: Connection timeout after 5000ms
2024-01-01 00:40:52.421 DEBUG [db] request_id=4d29734d Processed result user in 25ms
2024-01-01 00:40:53.015 INFO [cache] request_id=87c7f5f5 Processed type key in 37ms
2024-01-01 00:40:54.507 ERROR [api] request_id=9e440fa5 Processed warning action in 30ms
2024-01-01 00:40:55.064 ERROR [db] request_id=1ec67815 Processed count delete in 47ms
2024-01-01 00:40:56.071 ERROR [auth] request_id=3861a999 Processed client trace in 27ms
2024-01-01 00:40:57.953 ERROR [api] request_id=a376f77a Processed set count in 28ms
2024-01-01 00:40:58.213 ERROR [queue] request_id=d4796985 Processed close warning in 50ms
2024-01-01 00:40:59.265 INFO [api] request_id=ed06ecaf Processed count response in 32ms
2024-01-01 00:41:00.074 INFO [queue] request_id=d007fd30 Processed session tree in 10ms
2024-01-01 00:41:01.562 WARN [scheduler] request_id=049bdb50 Processed warning list in 10ms
2024-01-01 00:41:02.548 INFO [worker] request_id=2590aef0 Processed session offset in 14ms
2024-01-01 00:41:03.646 INFO [auth] request_id=b778c160 Processed delete id in 12ms
2024-01-01 00:41:04.135 INFO [cache] request_id=9ad03c97 Processed offset debug in 16ms
2024-01-01 00:41:05.746 WARN [auth] request_id=3d37cc12 Processed trace read in 20ms
2024-01-01 00:41:06.916 ERROR [db] request_id=648e1802 Slow query detected: 275ms for queue_size
2024-01-01 00:41:07.312 INFO [cache] request_id=800a645e Processed key map in 49ms
2024-01-01 00:41:08.812 INFO [api] request_id=47917c82 Slow query detected: 500ms for read_read
2024-01-01 00:41:09.648 ERROR [api] request_id=be81fcae Processed query config in 4ms
2024-01-01 00:41:10.717 ERROR [api] request_id=2777bc7b Processed warning client in 45ms
2024-01-01 00:41:11.241 INFO [scheduler] request_id=6aec8903 Slow query detected: 559ms for transaction_debug
2024-01-01 00:41:12.739 INFO [auth] request_id=9b551409 Processed info queue in 21ms
2024-01-01 00:41:13.140 DEBUG [queue] request_id=a9f4598c Processed id node in 20ms
2024-01-01 00:41:14.783 DEBUG [scheduler] request_id=345de555 Processed update update in 16ms
2024-01-01 00:41:15.180 DEBUG [cache] request_id=50808304 Processed result result in 27ms
2024-01-01 00:41:16.055 INFO [cache] request_id=b0480368 Failed to process update: Connection timeout after 5000ms
2024-01-01 00:41:17.860 INFO [api] request_id=d1c39270 Failed to process response: Connection timeout after 5000ms
2024-01-01 00:41:18.626 INFO [queue] request_id=7e08432f Processed config index in 43ms
2024-01-01 00:41:19.939 INFO [cache] request_id=9458ba19 Processed type status in 22ms
2024-01-01 00:41:20.663 WARN [cache] request_id=8c49f775 Slow query detected: 510ms for name_start
2024-01-01 00:41:21.636 INFO [queue] request_id=782fcbff Processed response key in 24ms
2024-01-01 00:41:22.152 INFO [api] request_id=93a6d384 Processed data init in 36ms
2024-01-01 00:41:23.651 INFO [cache] request_id=765ee842 Failed to process response: Connection timeout after 5000ms
2024-01-01 00:41:24.070 INFO [auth] request_id=bac0d68f Processed total delete in 4ms
2024-01-01 00:41:25.870 DEBUG [queue] request_id=99ef6dd3 Processed count transaction in 25ms
2024-01-01 00:41:26.048 INFO [scheduler] request_id=2310ef8b Processed mode init in 44ms
2024-01-01 00:41:27.382 INFO [db] request_id=5141482b Slow query detected: 387ms for value_write
2024-01-01 00:41:28.843 WARN [worker] request_id=a104bcad Processed tree set in 48ms
2024-01-01 00:41:29.306 WARN [auth] request_id=cf073a5c Processed total id in 15ms
2024-01-01 00:41:30.564 INFO [scheduler] request_id=e0af4f2b Processed delete name in 20ms
2024-01-01 00:41:31.806 INFO [api] request_id=4bf35d73 Processed open config in 35ms
2024-01-01 00:41:32.181 DEBUG [api] request_id=6b8e8276 Processed result map in 7ms
2024-01-01 00:41:33.468 INFO [worker] request_id=76a1e1c6 Processed result message in 35ms
2024-01-01 00:41:34.442 INFO [db] request_id=b52bd523 Processed key config in 15ms
2024-01-01 00:41:35.656 ERROR [db] request_id=a59e0028 Slow query detected: 827ms for cache_stack
2024-01-01 00:41:36.723 INFO [worker] request_id=8f7ebcf9 Failed to process query: Connection timeout after 5000ms
2024-01-01 00:41:37.514 WARN [cache] request_id=27de0742 Slow query detected: 446ms for action_config
2024-01-01 00:41:38.886 INFO [worker] request_id=48442e32 Processed open size in 14ms
2024-01-01 00:41:39.840 INFO [db] request_id=589165d1 Processed name open in 26ms
2024-01-01 00:41:40.260 WARN [queue] request_id=7339e99e Processed buffer create in 48ms
2024-01-01 00:41:41.615 WARN [api] request_id=42400d12 Failed to process response: Connection timeout after 5000ms
2024-01-01 00:41:42.878 INFO [api] request_id=b060f4a8 Processed buffer warning in 46ms
2024-01-01 00:41:43.841 ERROR [cache] request_id=b23ff76c Slow query detected: 719ms for start_tree
2024-01-01 00:41:44.617 ERROR [auth] request_id=fc8d644e Processed response server in 27ms
2024-01-01 00:41:45.626 DEBUG [cache] request_id=ef69232e Failed to process result: Connection timeout after 5000ms
2024-01-01 00:41:46.845 INFO [api] request_id=9650c0c4 Processed node index in 3ms
2024-01-01 00:41:47.459 INFO [worker] request_id=ce5eeca7 Failed to process set: Connection timeout after 5000ms
2024-01-01 00:41:48.645 INFO [worker] request_id=89f7a4b1 Failed to process debug: Connection timeout after 5000ms
2024-01-01 00:41:49.788 INFO [worker] request_id=c9ff12eb Processed user request in 16ms
2024-01-01 00:41:50.659 INFO [db] request_id=ef66e037 Processed name index in 10ms
2024-01-01 00:41:51.690 INFO [queue] request_id=ac9d55bc Processed error message in 17ms
2024-01-01 00:41:52.735 ERROR [worker] request_id=da63ff91 Processed name close in 25ms
2024-01-01 00:41:53.864 ERROR [auth] request_id=ed8f47d2 Processed write close in 48ms
2024-01-01 00:41:54.083 INFO [queue] request_id=4d27743c Failed to process set: Connection timeout after 5000ms
2024-01-01 00:41:55.973 INFO [auth] request_id=190bfecf Processed list message in 47ms
2024-01-01 00:41:56.725 INFO [db] request_id=2784c162 Processed start set in 31ms
2024-01-01 00:41:57.351 ERROR [auth] request_id=1db91dec Processed start index in 28ms
2024-01-01 00:41:58.961 WARN [db] request_id=7624f23d Failed to process index: Connection timeout after 5000ms
2024-01-01 00:41:59.701 WARN [db] request_id=0dad5e96 Processed key offset in 39ms
2024-01-01 00:42:00.830 INFO [db] request_id=0bd4a79e Processed node warning in 37ms
2024-01-01 00:42:01.329 ERROR [api] request_id=44415f83 Processed client delete in 4ms
2024-01-01 00:42:02.025 WARN [queue] request_id=a8f4a5b0 Failed to process warning: Connection timeout after 5000ms
2024-01-01 00:42:03.326 ERROR [queue] request_id=2db4be05 Slow query detected: 438ms for key_connection
2024-01-01 00:42:04.057 ERROR [api] request_id=d4ccc3c0 Failed to process stack: Connection timeout after 5000ms
2024-01-01 00:42:05.327 WARN [worker] request_id=2b8b006b Failed to process cache: Connection timeout after 5000ms
2024-01-01 00:42:06.789 ERROR [db] request_id=5646faf7 Processed stack count in 34ms
2024-01-01 00:42:07.430 INFO [auth] request_id=e5650b84 Failed to process status: Connection timeout after 5000ms
2024-01-01 00:42:08.257 INFO [worker] request_id=c835d3c0 Slow query detected: 699ms for user_delete
2024-01-01 00:42:09.216 WARN [cache] request_id=115ed46b Processed stack buffer in 50ms
2024-01-01 00:42:10.553 INFO [queue] request_id=fbcb600f Processed debug request in 15ms
2024-01-01 00:42:11.879 INFO [queue] request_id=f0a0c027 Failed to process create: Connection timeout after 5000ms
2024-01-01 00:42:12.259 DEBUG [db] request_id=ca5fe4e3 Processed tree map in 40ms
2024-01-01 00:42:13.416 WARN [api] request_id=02cd3fea Slow query detected: 716ms for total_buffer
2024-01-01 00:42:14.153 WARN [db] request_id=fdff7028 Processed data count in 23ms
2024-01-01 00:42:15.282 ERROR [auth] request_id=1f85ff4c Slow query detected: 765ms for open_config
2024-01-01 00:42:16.321 DEBUG [cache] request_id=c2533d65 Slow query detected: 514ms for user_name
2024-01-01 00:42:17.793 DEBUG [worker] request_id=af525499 Processed id transaction in 28ms
2024-01-01 00:42:18.175 INFO [scheduler] request_id=41afeb1d Processed offset message in 50ms
2024-01-01 00:42:19.743 INFO [cache] request_id=a7bad0a1 Processed size count in 38ms
2024-01-01 00:42:20.720 INFO [db] request_id=cd3136bc Failed to process trace: Connection timeout after 5000ms
2024-01-01 00:42:21.126 INFO [scheduler] request_id=913cd959 Failed to process offset: Connection timeout after 5000ms
2024-01-01 00:42:22.685 DEBUG [db] request_id=1db539b6 Processed count value in 8ms
2024-01-01 00:42:23.479 INFO [worker] request_id=6cc7db7d Processed transaction init in 3ms
2024-01-01 00:42:24.096 ERROR [cache] request_id=aa87882d Processed stack mode in 10ms
2024-01-01 00:42:25.652 ERROR [scheduler] request_id=b6ceba9e Slow query detected: 650ms for queue_start
2024-01-01 00:42:26.946 DEBUG [queue] request_id=7ab415f5 Processed read warning in 50ms
2024-01-01 00:42:27.465 INFO [scheduler] request_id=42dfc52c Slow query detected: 820ms for cache_stack
2024-01-01 00:42:28.022 ERROR [api] request_id=05f7192e Processed message write in 45ms
2024-01-01 00:42:29.855 INFO [worker] request_id=f8ac1cad Processed action message in 18ms
2024-01-01 00:42:30.089 ERROR [worker] request_id=20786ec1 Processed name open in 26ms
2024-01-01 00:42:31.169 INFO [queue] request_id=cf44776e Failed to process set: Connection timeout after 5000ms
2024-01-01 00:42:32.776 ERROR [auth] request_id=87c4eff6 Processed size warning in 29ms
2024-01-01 00:42:33.454 WARN [cache] request_id=a69e3bdb Processed transaction list in 38ms
2024-01-01 00:42:34.319 INFO [cache] request_id=a0c8142f Slow query detected: 205ms for id_offset
2024-01-01 00:42:35.623 DEBUG [scheduler] request_id=439db2f0 Failed to process buffer: Connection timeout after 5000ms
2024-01-01 00:42:36.527 DEBUG [api] request_id=33944e4b Processed client error in 41ms
2024-01-01 00:42:37.652 INFO [worker] request_id=54f4b0e3 Slow query detected: 334ms for user_set
2024-01-01 00:42:38.377 ERROR [worker] request_id=0cce069a Slow query detected: 184ms for query_key
2024-01-01 00:42:39.903 INFO [auth] request_id=4c7c0cbb Processed type count in 32ms
2024-01-01 00:42:40.884 INFO [db] request_id=ba65a588 Processed read debug in 45ms
2024-01-01 00:42:41.423 DEBUG [scheduler] request_id=72ce09a6 Processed set type in 13ms
2024-01-01 00:42:42.190 WARN [queue] request_id=6d36d9c0 Slow query detected: 179ms for stop_server
2024-01-01 00:42:43.050 INFO [db] request_id=1597bd27 Processed id length in 47ms
2024-01-01 00:42:44.757 DEBUG [api] request_id=84a7e90e Processed session size in 33ms
2024-01-01 00:42:45.206 INFO [db] request_id=14895390 Processed close index in 8ms
2024-01-01 00:42:46.361 INFO [queue] request_id=f540194b Processed stack message in 27ms
2024-01-01 00:42:47.765 DEBUG [auth] request_id=77aa63d6 Slow query detected: 864ms for close_read
2024-01-01 00:42:48.938 INFO [queue] request_id=f7a6bb2a Processed query session in 14ms
2024-01-01 00:42:49.187 INFO [auth] request_id=294b9b4b Processed write type in 49ms
2024-01-01 00:42:50.622 DEBUG [api] request_id=f748e151 Slow query detected: 409ms for mode_create
2024-01-01 00:42:51.952 INFO [cache] request_id=c6f19bd7 Processed map stack in 16ms
2024-01-01 00:42:52.739 ERROR [queue] request_id=f36b5669 Processed write write in 40ms
2024-01-01 00:42:53.974 INFO [api] request_id=f3de08b1 Failed to process data: Connection timeout after 5000ms
2024-01-01 00:42:54.684 INFO [scheduler] request_id=713a96bc Failed to process type: Connection timeout after 5000ms
2024-01-01 00:42:55.841 DEBUG [api] request_id=26cd06d7 Processed index trace in 18ms
2024-01-01 00:42:56.018 INFO [queue] request_id=2ea0dc7e Failed to process info: Connection timeout after 5000ms
2024-01-01 00:42:57.594 INFO [auth] request_id=53f87492 Processed write action in 10ms
2024-01-01 00:42:58.831 INFO [queue] request_id=a21fcb5b Processed create user in 29ms
2024-01-01 00:42:59.080 ERROR [auth] request_id=ee59ec93 Processed client connection in 36ms
2024-01-01 00:43:00.647 INFO [cache] request_id=b08ef7ce Failed to process close: Connection timeout after 5000ms
2024-01-01 00:43:01.887 INFO [scheduler] request_id=9060d120 Failed to process query: Connection timeout after 5000ms
2024-01-01 00:43:02.550 INFO [scheduler] request_id=4b287506 Processed offset length in 2ms
2024-01-01 00:43:03.443 ERROR [api] request_id=3677493b Slow query detected: 472ms for response_node
2024-01-01 00:43:04.072 DEBUG [queue] request_id=4fe9dde2 Slow query detected: 320ms for open_status
2024-01-01 00:43:05.895 ERROR [scheduler] request_id=13c83efb Processed init transaction in 47ms
2024-01-01 00:43:06.970 INFO [scheduler] request_id=8bc4c015 Processed debug value in 10ms
2024-01-01 00:43:07.745 INFO [worker] request_id=d5f9255c Processed delete stop in 10ms
2024-01-01 00:43:08.825 INFO [queue] request_id=8b9ebece Processed warning create in 17ms
2024-01-01 00:43:09.412 ERROR [api] request_id=358c324d Processed status list in 10ms
2024-01-01 00:43:10.755 DEBUG [auth] request_id=edc7050d Processed name delete in 28ms
2024-01-01 00:43:11.216 INFO [worker] request_id=d7e5d240 Processed type connection in 6ms
2024-01-01 00:43:12.547 ERROR [cache] request_id=2425ef36 Processed open delete in 6ms
2024-01-01 00:43:13.966 ERROR [db] request_id=f4fb633b Processed result open in 45ms
2024-01-01 00:43:14.628 ERROR [api] request_id=2c9b0b5c Slow query detected: 584ms for set_count
2024-01-01 00:43:15.712 ERROR [cache] request_id=67293f3a Processed set update in 28ms
2024-01-01 00:43:16.608 DEBUG [auth] request_id=6f022d84 Processed trace cache in 23ms
2024-01-01 00:43:17.069 DEBUG [scheduler] request_id=cf1decfd Processed query status in 48ms
2024-01-01 00:43:18.899 ERROR [queue] request_id=8b7675db Processed warning buffer in 35ms
2024-01-01 00:43:19.272 INFO [cache] request_id=afc360bc Processed init stack in 14ms
2024-01-01 00:43:20.222 INFO [cache] request_id=f90854be Processed transaction action in 32ms
2024-01-01 00:43:21.006 INFO [db] request_id=12c23ab3 Processed status data in 33ms
2024-01-01 00:43:22.297 DEBUG [db] request_id=5d92f21b Failed to process mode: Connection timeout after 5000ms
2024-01-01 00:43:23.781 DEBUG [cache] request_id=15b38dc4 Failed to process error: Connection timeout after 5000ms
2024-01-01 00:43:24.525 DEBUG [worker] request_id=69b925a6 Processed total update in 7ms
2024-01-01 00:43:25.853 WARN [queue] request_id=0bb20771 Processed create set in 47ms
2024-01-01 00:43:26.447 INFO [queue] request_id=dfa8cc6a Slow query detected: 298ms for buffer_size
2024-01-01 00:43:27.126 ERROR [db] request_id=abbaa958 Slow query detected: 594ms for stop_debug
2024-01-01 00:43:28.234 WARN [scheduler] request_id=bd15867d Failed to process warning: Connection timeout after 5000ms
2024-01-01 00:43:29.538 WARN [scheduler] request_id=c238ea6d Slow query detected: 837ms for trace_buffer
2024-01-01 00:43:30.992 INFO [cache] request_id=0d6ac7e0 Processed count offset in 12ms
2024-01-01 00:43:31.610 DEBUG [api] request_id=f9d3b4c4 Processed count list in 45ms
2024-01-01 00:43:32.077 INFO [api] request_id=d92fd95c Processed user read in 5ms
2024-01-01 00:43:33.068 INFO [scheduler] request_id=924f135c Processed init error in 22ms
2024-01-01 00:43:34.514 INFO [queue] request_id=8122e4ab Processed data set in 13ms
2024-01-01 00:43:35.203 WARN [queue] request_id=315695ca Slow query detected: 629ms for session_tree
2024-01-01 00:43:36.776 WARN [cache] request_id=292f0e74 Processed stack cache in 10ms
2024-01-01 00:43:37.907 INFO [api] request_id=9206f8e6 Processed stop node in 31ms
2024-01-01 00:43:38.891 DEBUG [scheduler] request_id=f9a97c08 Processed result connection in 37ms
2024-01-01 00:43:39.572 WARN [worker] request_id=5cd14f00 Processed delete value in 32ms
2024-01-01 00:43:40.429 WARN [db] request_id=4a7a8873 Processed user total in 7ms
2024-01-01 00:43:41.978 INFO [worker] request_id=50cee779 Processed id set in 46ms
2024-01-01 00:43:42.883 INFO [worker] request_id=0ef6de4c Processed total start in 27ms
2024-01-01 00:43:43.960 WARN [scheduler] request_id=847f756b Processed request query in 22ms
2024-01-01 00:43:44.274 DEBUG [db] request_id=92320c83 Processed result error in 3ms
2024-01-01 00:43:45.512 WARN [scheduler] request_id=6528efb8 Processed message index in 12ms
2024-01-01 00:43:46.070 WARN [cache] request_id=e9fc5657 Slow query detected: 959ms for list_create
2024-01-01 00:43:47.829 ERROR [api] request_id=36a26321 Processed data init in 11ms
2024-01-01 00:43:48.754 INFO [queue] request_id=9115179b Processed info request in 6ms
2024-01-01 00:43:49.793 ERROR [db] request_id=432d7807 Processed config action in 40ms
2024-01-01 00:43:50.577 INFO [worker] request_id=dbb48629 Processed offset open in 41ms
2024-01-01 00:43:51.289 INFO [db] request_id=800279de Processed type value in 17ms
2024-01-01 00:43:52.457 ERROR [scheduler] request_id=57ebc224 Processed debug length in 50ms
2024-01-01 00:43:53.385 INFO [auth] request_id=e8b9cd7d Processed query value in 49ms
2024-01-01 00:43:54.715 DEBUG [cache] request_id=fc6fafd4 Processed update session in 8ms
2024-01-01 00:43:55.041 INFO [cache] request_id=a5ae84da Processed count server in 38ms
2024-01-01 00:43:56.717 ERROR [api] request_id=63e36ec9 Slow query detected: 859ms for warning_name
2024-01-01 00:43:57.308 INFO [worker] request_id=6b3f3e2d Processed set server in 31ms
2024-01-01 00:43:58.144 INFO [worker] request_id=90e341c7 Processed create map in 46ms
2024-01-01 00:43:59.633 INFO [api] request_id=e3508394 Processed length user in 47ms
2024-01-01 00:44:00.319 ERROR [worker] request_id=2355f1b5 Processed mode query in 44ms
2024-01-01 00:44:01.029 INFO [cache] request_id=5150fac7 Slow query detected: 146ms for node_create
2024-01-01 00:44:02.511 INFO [db] request_id=fd7bc17e Processed message mode in 15ms
2024-01-01 00:44:03.799 INFO [worker] request_id=12cf4fdb Slow query detected: 575ms for connection_read
2024-01-01 00:44:04.664 INFO [db] request_id=fa9c8b20 Processed transaction error in 31ms
2024-01-01 00:44:05.209 INFO [scheduler] request_id=1346e70b Slow query detected: 597ms for update_create
2024-01-01 00:44:06.471 ERROR [api] request_id=4ac985a0 Processed count queue in 30ms
2024-01-01 00:44:07.822 INFO [worker] request_id=d1baa3db Processed query info in 7ms
2024-01-01 00:44:08.414 DEBUG [api] request_id=dffa2823 Processed node buffer in 10ms
2024-01-01 00:44:09.938 INFO [queue] request_id=8429f491 Processed mode status in 3ms
2024-01-01 00:44:10.304 ERROR [scheduler] request_id=9eedf2a7 Failed to process data: Connection timeout after 5000ms
2024-01-01 00:44:11.957 INFO [worker] request_id=9cc80e02 Processed config name in 26ms
2024-01-01 00:44:12.390 INFO [auth] request_id=e99fa1a9 Processed name type in 30ms
2024-01-01 00:44:13.786 WARN [api] request_id=22a14eb4 Processed info total in 42ms
2024-01-01 00:44:14.601 ERROR [auth] request_id=d8559d99 Processed connection stack in 49ms
2024-01-01 00:44:15.231 WARN [auth] request_id=7c7ddf43 Processed cache response in 6ms
2024-01-01 00:44:16.274 ERROR [db] request_id=0f04feb8 Failed to process init: Connection timeout after 5000ms
2024-01-01 00:44:17.415 INFO [cache] request_id=7792936a Processed node stop in 7ms
2024-01-01 00:44:18.088 ERROR [queue] request_id=b2212a52 Processed key tree in 43ms
2024-01-01 00:44:19.217 INFO [scheduler] request_id=2d68dd31 Processed warning start in 45ms
2024-01-01 00:44:20.120 ERROR [queue] request_id=6010db72 Failed to process write: Connection timeout after 5000ms
2024-01-01 00:44:21.247 INFO [queue] request_id=a0a12634 Failed to process server: Connection timeout after 5000ms
2024-01-01 00:44:22.485 INFO [scheduler] request_id=1cbcb27c Processed info debug in 39ms
2024-01-01 00:44:23.651 INFO [db] request_id=4e1860f9 Processed open key in 50ms
2024-01-01 00:44:24.886 INFO [db] request_id=5a4a4817 Processed buffer client in 41ms
2024-01-01 00:44:25.270 ERROR [api] request_id=766f3e9e Processed error message in 24ms
2024-01-01 00:44:26.055 WARN [queue] request_id=42153a1a Slow query detected: 254ms for write_node
2024-01-01 00:44:27.784 WARN [api] request_id=51dc6783 Processed data session in 9ms
2024-01-01 00:44:28.042 INFO [db] request_id=3f2b3597 Processed mode config in 1ms
2024-01-01 00:44:29.638 WARN [api] request_id=7c69329d Processed transaction cache in 16ms
2024-01-01 00:44:30.165 ERROR [cache] request_id=64dcf386 Processed warning config in 24ms
2024-01-01 00:44:31.385 ERROR [api] request_id=ea677c2b Processed response error in 29ms
2024-01-01 00:44:32.794 ERROR [cache] request_id=8d0770dc Failed to process update: Connection timeout after 5000ms
2024-01-01 00:44:33.963 INFO [scheduler] request_id=0bfd6a4a Processed set status in 11ms
2024-01-01 00:44:34.641 WARN [api] request_id=554e1ad3 Processed status start in 5ms
2024-01-01 00:44:35.335 INFO [scheduler] request_id=1e0c9899 Processed buffer type in 23ms
2024-01-01 00:44:36.721 ERROR [scheduler] request_id=5321e7e3 Processed connection query in 10ms
2024-01-01 00:44:37.815 DEBUG [cache] request_id=87b2a3ba Failed to process set: Connection timeout after 5000ms
2024-01-01 00:44:38.591 INFO [worker] request_id=ab36cf3a Processed debug map in 45ms
2024-01-01 00:44:39.651 DEBUG [db] request_id=9dc56ae0 Processed response type in 11ms
2024-01-01 00:44:40.694 INFO [worker] request_id=f73660d1 Processed debug buffer in 50ms
2024-01-01 00:44:41.639 WARN [queue] request_id=93daf465 Slow query detected: 771ms for query_user
2024-01-01 00:44:42.505 WARN [queue] request_id=788ac9ea Processed start id in 9ms
2024-01-01 00:44:43.339 INFO [cache] request_id=16c15ed1 Processed request trace in 21ms
2024-01-01 00:44:44.491 ERROR [api] request_id=2e270c8c Processed request config in 37ms
2024-01-01 00:44:45.786 INFO [cache] request_id=d1f2a35e Processed stop type in 38ms
2024-01-01 00:44:46.644 DEBUG [db] request_id=d98ce4f3 Processed queue delete in 27ms
2024-01-01 00:44:47.782 WARN [queue] request_id=654b04ec Processed mode offset in 49ms
2024-01-01 00:44:48.483 DEBUG [scheduler] request_id=1e6c261a Failed to process tree: Connection timeout after 5000ms
2024-01-01 00:44:49.699 DEBUG [queue] request_id=7b1f3804 Processed server session in 34ms
2024-01-01 00:44:50.899 INFO [queue] request_id=6d23e8eb Slow query detected: 864ms for stack_query
2024-01-01 00:44:51.935 ERROR [auth] request_id=3a40143f Processed buffer mode in 17ms
2024-01-01 00:44:52.744 DEBUG [worker] request_id=70a080d9 Slow query detected: 635ms for buffer_cache
2024-01-01 00:44:53.335 WARN [queue] request_id=7017cd72 Slow query detected: 259ms for message_transaction
2024-01-01 00:44:54.521 INFO [queue] request_id=96492236 Slow query detected: 866ms for trace_mode
2024-01-01 00:44:55.688 INFO [scheduler] request_id=57c0bd80 Processed map query in 49ms
2024-01-01 00:44:56.090 INFO [auth] request_id=d168a494 Processed stop query in 38ms
2024-01-01 00:44:57.975 INFO [auth] request_id=10a59b9c Processed connection query in 48ms
2024-01-01 00:44:58.895 INFO [db] request_id=021a71e5 Processed debug stack in 38ms
2024-01-01 00:44:59.476 WARN [worker] request_id=97828fea Slow query detected: 359ms for name_key
2024-01-01 00:45:00.029 INFO [db] request_id=c5e1a1fa Slow query detected: 272ms for tree_total
2024-01-01 00:45:01.277 WARN [auth] request_id=24242f86 Failed to process debug: Connection timeout after 5000ms
2024-01-01 00:45:02.458 WARN [api] request_id=b382ccd7 Failed to process mode: Connection timeout after 5000ms
2024-01-01 00:45:03.932 INFO [db] request_id=1b83513a Processed queue session in 32ms
2024-01-01 00:45:04.753 INFO [api] request_id=375fe61c Slow query detected: 659ms for init_open
2024-01-01 00:45:05.351 WARN [auth] request_id=42ce5634 Processed action stop in 10ms
2024-01-01 00:45:06.178 INFO [db] request_id=47a6de06 Processed client result in 18ms
2024-01-01 00:45:07.456 ERROR [auth] request_id=09bedb02 Failed to process count: Connection timeout after 5000ms
2024-01-01 00:45:08.034 INFO [worker] request_id=d7b951cf Processed delete client in 37ms
2024-01-01 00:45:09.366 ERROR [auth] request_id=68483cda Failed to process config: Connection timeout after 5000ms
2024-01-01 00:45:10.272 INFO [cache] request_id=54c05638 Slow query detected: 346ms for close_count
2024-01-01 00:45:11.323 DEBUG [queue] request_id=282c0124 Failed to process data: Connection timeout after 5000ms
2024-01-01 00:45:12.763 INFO [cache] request_id=bf79a510 Processed update connection in 23ms
2024-01-01 00:45:13.809 ERROR [db] request_id=6b0bd589 Failed to process tree: Connection timeout after 5000ms
2024-01-01 00:45:14.511 WARN [cache] request_id=e0ae86a2 Failed to process open: Connection timeout after 5000ms
2024-01-01 00:45:15.676 DEBUG [worker] request_id=dbab77c8 Processed create action in 45ms
2024-01-01 00:45:16.262 INFO [scheduler] request_id=ff07618f Processed open offset in 32ms
2024-01-01 00:45:17.811 ERROR [api] request_id=bb70fa37 Failed to process status: Connection timeout after 5000ms
2024-01-01 00:45:18.628 INFO [worker] request_id=12a3fa7f Failed to process init: Connection timeout after 5000ms
2024-01-01 00:45:19.024 INFO [cache] request_id=1ebd849f Failed to process queue: Connection timeout after 5000ms
2024-01-01 00:45:20.383 INFO [api] request_id=c9de1b67 Processed id id in 15ms
2024-01-01 00:45:21.664 INFO [scheduler] request_id=0650721b Processed delete map in 44ms
2024-01-01 00:45:22.564 ERROR [worker] request_id=477e4625 Slow query detected: 998ms for result_session
2024-01-01 00:45:23.696 DEBUG [db] request_id=0e3db16b Processed write mode in 8ms
2024-01-01 00:45:24.588 INFO [api] request_id=b9313493 Slow query detected: 509ms for result_value
2024-01-01 00:45:25.476 INFO [db] request_id=3037c77b Processed map connection in 33ms
2024-01-01 00:45:26.065 INFO [scheduler] request_id=6d115a2e Processed type query in 10ms
2024-01-01 00:45:27.855 WARN [scheduler] request_id=e4a4239c Processed warning create in 25ms
2024-01-01 00:45:28.617 ERROR [queue] request_id=346f4740 Slow query detected: 703ms for node_node
2024-01-01 00:45:29.925 ERROR [db] request_id=74b97584 Processed size id in 25ms
2024-01-01 00:45:30.604 WARN [scheduler] request_id=6b1be8e1 Processed config queue in 8ms
2024-01-01 00:45:31.762 ERROR [scheduler] request_id=748f89e7 Processed list queue in 25ms
2024-01-01 00:45:32.049 INFO [db] request_id=b7418002 Processed start action in 11ms
2024-01-01 00:45:33.901 DEBUG [worker] request_id=f927a900 Slow query detected: 491ms for list_count
2024-01-01 00:45:34.694 INFO [scheduler] request_id=81eb1adf Processed name error in 17ms
2024-01-01 00:45:35.457 INFO [queue] request_id=f4aaea07 Processed connection error in 31ms
2024-01-01 00:45:36.330 INFO [cache] request_id=c31aaf64 Processed query list in 8ms
2024-01-01 00:45:37.151 ERROR [auth] request_id=d5631484 Failed to process transaction: Connection timeout after 5000ms
2024-01-01 00:45:38.304 INFO [worker] request_id=f98f2629 Processed create buffer in 32ms
2024-01-01 00:45:39.768 INFO [api] request_id=c9cdfc13 Processed response debug in 34ms
2024-01-01 00:45:40.668 INFO [worker] request_id=a1d66ed9 Processed buffer update in 38ms
2024-01-01 00:45:41.656 INFO [db] request_id=9ffa8263 Processed map debug in 17ms
2024-01-01 00:45:42.302 ERROR [worker] request_id=30d32996 Failed to process total: Connection timeout after 5000ms
2024-01-01 00:45:43.607 INFO [scheduler] request_id=5dc7df8b Failed to process tree: Connection timeout after 5000ms
2024-01-01 00:45:44.596 INFO [auth] request_id=212c8d69 Processed queue message in 8ms
2024-01-01 00:45:45.615 INFO [db] request_id=88f92e1d Processed debug stack in 33ms
2024-01-01 00:45:46.474 INFO [api] request_id=b4968798 Processed id open in 23ms
2024-01-01 00:45:47.703 INFO [db] request_id=d8f0852d Processed request offset in 12ms
2024-01-01 00:45:48.659 INFO [db] request_id=74bf5fc5 Slow query detected: 586ms for status_session
2024-01-01 00:45:49.776 WARN [cache] request_id=2ea1926f Processed delete list in 8ms
2024-01-01 00:45:50.739 DEBUG [db] request_id=0b9cb9a3 Processed map delete in 42ms
2024-01-01 00:45:51.885 WARN [db] request_id=914a6096 Processed status buffer in 38ms
2024-01-01 00:45:52.671 INFO [scheduler] request_id=51e11073 Processed action value in 4ms
2024-01-01 00:45:53.856 INFO [api] request_id=3e0013dc Processed stack trace in 8ms
2024-01-01 00:45:54.175 INFO [db] request_id=3f234ae2 Processed status queue in 41ms
2024-01-01 00:45:55.707 ERROR [api] request_id=80b32867 Slow query detected: 513ms for set_message
2024-01-01 00:45:56.294 INFO [cache] request_id=ff0cc30f Processed id data in 22ms
2024-01-01 00:45:57.649 WARN [worker] request_id=5ffb2557 Processed message create in 11ms
2024-01-01 00:45:58.690 DEBUG [auth] request_id=9db6b610 Slow query detected: 477ms for trace_length
2024-01-01 00:45:59.823 INFO [db] request_id=66134e4e Processed node total in 27ms
2024-01-01 00:46:00.047 ERROR [worker] request_id=c11efd57 Failed to process index: Connection timeout after 5000ms
2024-01-01 00:46:01.661 WARN [cache] request_id=b110333f Processed result query in 27ms
2024-01-01 00:46:02.151 DEBUG [auth] request_id=794e18e8 Processed status update in 8ms
2024-01-01 00:46:03.439 DEBUG [auth] request_id=7675fb53 Processed stack tree in 7ms
2024-01-01 00:46:04.937 INFO [api] request_id=6a75417a Failed to process trace: Connection timeout after 5000ms
2024-01-01 00:46:05.099 ERROR [api] request_id=826fb45c Processed warning session in 21ms
2024-01-01 00:46:06.093 WARN [worker] request_id=6bdf0952 Processed warning config in 12ms
2024-01-01 00:46:07.819 INFO [worker] request_id=a73d2e42 Processed user result in 13ms
2024-01-01 00:46:08.107 INFO [cache] request_id=8c743fc9 Slow query detected: 937ms for name_close
2024-01-01 00:46:09.605 INFO [auth] request_id=88a4c908 Processed node delete in 25ms
2024-01-01 00:46:10.525 DEBUG [auth] request_id=a9895beb Processed name server in 6ms
2024-01-01 00:46:11.213 DEBUG [scheduler] request_id=971e99b1 Slow query detected: 269ms for queue_open
2024-01-01 00:46:12.151 WARN [auth] request_id=60aadce5 Processed session error in 25ms
2024-01-01 00:46:13.399 INFO [cache] request_id=bd7c0812 Processed result key in 3ms
2024-01-01 00:46:14.438 INFO [queue] request_id=8213b3d7 Processed response response in 21ms
2024-01-01 00:46:15.739 DEBUG [cache] request_id=546f795c Processed type write in 14ms
2024-01-01 00:46:16.573 WARN [api] request_id=beb903fa Processed action cache in 41ms
2024-01-01 00:46:17.638 INFO [scheduler] request_id=aaeff7ec Processed key warning in 18ms
2024-01-01 00:46:18.381 ERROR [auth] request_id=9029ef94 Slow query detected: 230ms for data_delete
2024-01-01 00:46:19.684 ERROR [api] request_id=03fecaeb Processed transaction error in 48ms
2024-01-01 00:46:20.848 DEBUG [auth] request_id=ed66f1f9 Processed offset config in 27ms
2024-01-01 00:46:21.499 ERROR [api] request_id=a4042165 Processed create config in 50ms
2024-01-01 00:46:22.789 INFO [db] request_id=35d68f8e Failed to process stop: Connection timeout after 5000ms
2024-01-01 00:46:23.768 INFO [api] request_id=68f51aaf Slow query detected: 321ms for stack_server
2024-01-01 00:46:24.267 WARN [worker] request_id=00779148 Processed debug status in 15ms
2024-01-01 00:46:25.214 ERROR [api] request_id=aebec8b0 Processed index session in 16ms
2024-01-01 00:46:26.048 WARN [worker] request_id=da7bfd70 Slow query detected: 603ms for list_map
2024-01-01 00:46:27.380 ERROR [queue] request_id=665090a5 Processed list message in 45ms
2024-01-01 00:46:28.469 WARN [cache] request_id=e704faaa Processed start total in 17ms
2024-01-01 00:46:29.144 ERROR [api] request_id=919b8f95 Processed key error in 39ms
2024-01-01 00:46:30.272 INFO [worker] request_id=1b0171b3 Processed list read in 20ms
2024-01-01 00:46:31.428 ERROR [scheduler] request_id=ccd3c5ef Processed size server in 35ms
2024-01-01 00:46:32.223 WARN [queue] request_id=d7522445 Processed size value in 20ms
2024-01-01 00:46:33.433 DEBUG [auth] request_id=6b343031 Processed name query in 3ms
2024-01-01 00:46:34.533 INFO [api] request_id=38ec6772 Failed to process create: Connection timeout after 5000ms
2024-01-01 00:46:35.963 DEBUG [cache] request_id=801df69a Processed result init in 42ms
2024-01-01 00:46:36.271 DEBUG [db] request_id=1a8e3ef2 Processed mode length in 35ms
2024-01-01 00:46:37.329 DEBUG [api] request_id=4ad3cadb Slow query detected: 179ms for key_trace
2024-01-01 00:46:38.294 WARN [queue] request_id=4562d11a Processed queue client in 16ms
2024-01-01 00:46:39.364 INFO [scheduler] request_id=511528ee Processed cache set in 30ms
2024-01-01 00:46:40.108 WARN [cache] request_id=8a2a3a5a Failed to process node: Connection timeout after 5000ms
2024-01-01 00:46:41.809 WARN [auth] request_id=aa6377f9 Processed data stack in 34ms
2024-01-01 00:46:42.035 INFO [cache] request_id=c63b2866 Processed message node in 45ms
2024-01-01 00:46:43.353 INFO [cache] request_id=4db07f32 Processed set warning in 28ms
2024-01-01 00:46:44.230 INFO [db] request_id=5b45bbe6 Processed id result in 11ms
2024-01-01 00:46:45.720 INFO [worker] request_id=97c902c5 Processed stack init in 17ms
2024-01-01 00:46:46.094 INFO [db] request_id=48c5839d Processed cache write in 1ms
2024-01-01 00:46:47.176 DEBUG [auth] request_id=add492f4 Slow query detected: 650ms for transaction_request
2024-01-01 00:46:48.336 INFO [api] request_id=75eb8839 Slow query detected: 846ms for request_map
2024-01-01 00:46:49.992 WARN [queue] request_id=dac3b892 Processed list debug in 22ms
2024-01-01 00:46:50.238 INFO [cache] request_id=28eb9658 Slow query detected: 816ms for debug_offset
2024-01-01 00:46:51.194 WARN [db] request_id=fd8af515 Processed update name in 24ms
2024-01-01 00:46:52.500 INFO [scheduler] request_id=c7cbd027 Processed offset session in 48ms
2024-01-01 00:46:53.733 INFO [auth] request_id=71088b78 Failed to process delete: Connection timeout after 5000ms
2024-01-01 00:46:54.598 ERROR [db] request_id=2a004a92 Failed to process stack: Connection timeout after 5000ms
2024-01-01 00:46:55.646 ERROR [queue] request_id=337d19aa Slow query detected: 700ms for value_value
2024-01-01 00:46:56.890 DEBUG [auth] request_id=17e0e760 Processed list connection in 26ms
2024-01-01 00:46:57.041 ERROR [scheduler] request_id=835e0a33 Failed to process type: Connection timeout after 5000ms
2024-01-01 00:46:58.248 WARN [api] request_id=0904c98b Processed type server in 42ms
2024-01-01 00:46:59.673 WARN [queue] request_id=2457758b Slow query detected: 943ms for query_key
2024-01-01 00:47:00.728 INFO [queue] request_id=5287e99e Processed message type in 48ms
2024-01-01 00:47:01.851 ERROR [worker] request_id=684aa557 Processed session total in 49ms
2024-01-01 00:47:02.095 INFO [queue] request_id=7a5b4993 Processed close node in 36ms
2024-01-01 00:47:03.725 ERROR [db] request_id=c0935ac7 Processed error warning in 45ms
2024-01-01 00:47:04.821 INFO [api] request_id=f44f4480 Slow query detected: 194ms for data_session
2024-01-01 00:47:05.566 DEBUG [api] request_id=cc1cd074 Failed to process open: Connection timeout after 5000ms
2024-01-01 00:47:06.901 ERROR [worker] request_id=a6952460 Slow query detected: 597ms for type_value
2024-01-01 00:47:07.546 DEBUG [queue] request_id=50e0d370 Processed user server in 26ms
2024-01-01 00:47:08.526 ERROR [worker] request_id=f93df783 Processed offset server in 15ms
2024-01-01 00:47:09.458 ERROR [auth] request_id=26f984e6 Slow query detected: 951ms for write_debug
2024-01-01 00:47:10.823 DEBUG [auth] request_id=cf7e8448 Processed connection client in 19ms
2024-01-01 00:47:11.511 DEBUG [queue] request_id=751b27e2 Processed stop total in 45ms
2024-01-01 00:47:12.503 DEBUG [scheduler] request_id=ae38f423 Processed error user in 19ms
2024-01-01 00:47:13.796 ERROR [api] request_id=aba1e41e Processed open status in 8ms
2024-01-01 00:47:14.496 INFO [scheduler] request_id=95962d59 Processed stop name in 6ms
2024-01-01 00:47:15.589 INFO [scheduler] request_id=8242521b Processed request delete in 19ms
2024-01-01 00:47:16.041 ERROR [scheduler] request_id=de44e18d Processed queue id in 22ms
2024-01-01 00:47:17.200 INFO [api] request_id=ab5b55e1 Processed status open in 37ms
2024-01-01 00:47:18.494 INFO [scheduler] request_id=56aadbbf Processed server delete in 11ms
2024-01-01 00:47:19.406 INFO [cache] request_id=bbf49d8f Slow query detected: 347ms for debug_start
2024-01-01 00:47:20.275 DEBUG [auth] request_id=e16a761c Processed key key in 40ms
2024-01-01 00:47:21.995 DEBUG [cache] request_id=a35db3f4 Failed to process read: Connection timeout after 5000ms
2024-01-01 00:47:22.811 INFO [db] request_id=17c2032a Processed stop offset in 11ms
2024-01-01 00:47:23.709 ERROR [auth] request_id=ce200fbe Processed mode create in 43ms
2024-01-01 00:47:24.790 ERROR [api] request_id=da75d9fb Processed session key in 49ms
2024-01-01 00:47:25.504 WARN [auth] request_id=3508317b Processed map cache in 3ms
2024-01-01 00:47:26.144 INFO [cache] request_id=97f7a39c Slow query detected: 728ms for list_status
2024-01-01 00:47:27.926 INFO [db] request_id=961d4cec Processed buffer session in 12ms
2024-01-01 00:47:28.169 INFO [db] request_id=6022d73f Processed list key in 10ms
2024-01-01 00:47:29.212 WARN [worker] request_id=e15e1568 Processed create client in 28ms
2024-01-01 00:47:30.289 ERROR [db] request_id=636058bc Processed client update in 28ms
2024-01-01 00:47:31.008 INFO [worker] request_id=b89408bd Processed delete cache in 21ms
2024-01-01 00:47:32.198 INFO [db] request_id=1afd3e96 Processed size offset in 15ms
2024-01-01 00:47:33.202 INFO [cache] request_id=32d17ae6 Processed start init in 13ms
2024-01-01 00:47:34.377 INFO [queue] request_id=53752266 Processed id size in 4ms
2024-01-01 00:47:35.008 INFO [api] request_id=e6b50209 Processed message init in 16ms
2024-01-01 00:47:36.128 ERROR [api] request_id=ee524d88 Processed transaction delete in 20ms
2024-01-01 00:47:37.458 WARN [scheduler] request_id=d0e830a3 Slow query detected: 406ms for node_list
2024-01-01 00:47:38.778 WARN [api] request_id=827441c9 Slow query detected: 772ms for message_total
2024-01-01 00:47:39.051 INFO [auth] request_id=38b5b979 Processed value info in 1ms
2024-01-01 00:47:40.809 INFO [db] request_id=efc05b3e Processed data update in 37ms
2024-01-01 00:47:41.581 INFO [scheduler] request_id=91976588 Processed info config in 50ms
2024-01-01 00:47:42.589 ERROR [api] request_id=bdebb329 Processed message read in 45ms
2024-01-01 00:47:43.182 INFO [db] request_id=6debb513 Failed to process warning: Connection timeout after 5000ms
2024-01-01 00:47:44.681 DEBUG [queue] request_id=a647537d Processed client connection in 48ms
2024-01-01 00:47:45.907 WARN [worker] request_id=b6a5b950 Processed result trace in 7ms
2024-01-01 00:47:46.716 WARN [api] request_id=067b93cb Processed trace type in 32ms
2024-01-01 00:47:47.150 ERROR [scheduler] request_id=4cdcd840 Processed debug buffer in 32ms
2024-01-01 00:47:48.276 WARN [scheduler] request_id=237baa6c Processed info response in 26ms
2024-01-01 00:47:49.368 INFO [auth] request_id=d3c824ed Slow query detected: 893ms for response_update
2024-01-01 00:47:50.915 WARN [db] request_id=5b820508 Processed length server in 41ms
2024-01-01 00:47:51.908 DEBUG [worker] request_id=9027d726 Processed node config in 15ms
2024-01-01 00:47:52.172 INFO [scheduler] request_id=6d424c86 Processed cache cache in 18ms
2024-01-01 00:47:53.811 ERROR [auth] request_id=c22b8dc1 Processed stack init in 25ms
2024-01-01 00:47:54.793 WARN [scheduler] request_id=3680d74e Failed to process stack: Connection timeout after 5000ms
2024-01-01 00:47:55.124 ERROR [scheduler] request_id=d2428164 Slow query detected: 976ms for list_response
2024-01-01 00:47:56.632 INFO [cache] request_id=28c9693f Processed key server in 20ms
2024-01-01 00:47:57.640 WARN [queue] request_id=20c2068c Processed connection request in 3ms
2024-01-01 00:47:58.003 INFO [scheduler] request_id=3a0f36ea Processed action queue in 43ms
2024-01-01 00:47:59.040 ERROR [queue] request_id=49217f18 Failed to process value: Connection timeout after 5000ms
2024-01-01 00:48:00.057 INFO [queue] request_id=8c3c3dd9 Processed count offset in 39ms
2024-01-01 00:48:01.666 WARN [api] request_id=8233e94b Processed queue status in 39ms
2024-01-01 00:48:02.298 DEBUG [scheduler] request_id=cec018b7 Slow query detected: 156ms for status_server
2024-01-01 00:48:03.369 INFO [scheduler] request_id=8bf0f3dc Processed action response in 5ms
2024-01-01 00:48:04.971 ERROR [cache] request_id=52a4b814 Processed connection list in 25ms
2024-01-01 00:48:05.261 ERROR [worker] request_id=8ae303ed Failed to process warning: Connection timeout after 5000ms
2024-01-01 00:48:06.768 DEBUG [queue] request_id=d2fb9af6 Processed data map in 5ms
2024-01-01 00:48:07.037 ERROR [auth] request_id=12189cb1 Processed index set in 2ms
2024-01-01 00:48:08.077 DEBUG [worker] request_id=28e3dfa6 Processed start query in 23ms
2024-01-01 00:48:09.836 WARN [api] request_id=ddb87f5b Processed update status in 29ms
2024-01-01 00:48:10.940 INFO [worker] request_id=f3f426a4 Failed to process mode: Connection timeout after 5000ms
2024-01-01 00:48:11.301 WARN [scheduler] request_id=40a4d66a Processed map stop in 8ms
2024-01-01 00:48:12.803 INFO [api] request_id=00ba9e97 Processed init read in 10ms
2024-01-01 00:48:13.262 INFO [api] request_id=5a9514cb Processed read list in 7ms
2024-01-01 00:48:14.484 INFO [scheduler] request_id=150ed0ad Processed cache update in 1ms
2024-01-01 00:48:15.122 INFO [scheduler] request_id=99d2be49 Processed map start in 38ms
2024-01-01 00:48:16.994 WARN [db] request_id=1563b891 Processed query count in 31ms
2024-01-01 00:48:17.232 ERROR [queue] request_id=48e8a94d Processed request node in 48ms
2024-01-01 00:48:18.397 ERROR [auth] request_id=f86e68bc Slow query detected: 822ms for name_connection
2024-01-01 00:48:19.975 WARN [cache] request_id=cf3e300e Failed to process config: Connection timeout after 5000ms
2024-01-01 00:48:20.838 INFO [scheduler] request_id=6f042c42 Processed info id in 18ms
2024-01-01 00:48:21.853 INFO [queue] request_id=6d5a920b Processed update error in 49ms
2024-01-01 00:48:22.306 WARN [worker] request_id=c5a56c65 Failed to process mode: Connection timeout after 5000ms
2024-01-01 00:48:23.408 WARN [auth] request_id=c4caa0e4 Processed mode data in 40ms
2024-01-01 00:48:24.383 ERROR [db] request_id=9adddaaa Processed update message in 48ms
2024-01-01 00:48:25.972 WARN [scheduler] request_id=20ea7149 Slow query detected: 533ms for queue_action
2024-01-01 00:48:26.581 INFO [cache] request_id=dc5de958 Processed map size in 15ms
2024-01-01 00:48:27.389 INFO [worker] request_id=14184529 Slow query detected: 147ms for write_connection
2024-01-01 00:48:28.914 DEBUG [cache] request_id=7aa65ea8 Failed to process query: Connection timeout after 5000ms
2024-01-01 00:48:29.092 DEBUG [db] request_id=d16eebd8 Failed to process status: Connection timeout after 5000ms
2024-01-01 00:48:30.032 WARN [worker] request_id=3374b2e1 Failed to process response: Connection timeout after 5000ms
2024-01-01 00:48:31.701 INFO [auth] request_id=c6e64eb5 Slow query detected: 509ms for total_warning
2024-01-01 00:48:32.157 WARN [scheduler] request_id=a3919e79 Failed to process id: Connection timeout after 5000ms
2024-01-01 00:48:33.410 INFO [worker] request_id=97d82395 Processed debug id in 25ms
2024-01-01 00:48:34.439 INFO [db] request_id=6cda7eaa Processed action user in 45ms
2024-01-01 00:48:35.934 DEBUG [scheduler] request_id=a150bad1 Processed create action in 35ms
2024-01-01 00:48:36.864 DEBUG [worker] request_id=d15855c0 Processed set session in 50ms
2024-01-01 00:48:37.716 INFO [auth] request_id=ca34e1b3 Processed total session in 48ms
2024-01-01 00:48:38.481 DEBUG [db] request_id=658c64a1 Failed to process set: Connection timeout after 5000ms
2024-01-01 00:48:39.877 INFO [worker] request_id=555ce9af Processed set index in 44ms
2024-01-01 00:48:40.996 INFO [cache] request_id=90adf4b6 Processed start list in 44ms
2024-01-01 00:48:41.149 INFO [api] request_id=020e6aea Slow query detected: 602ms for query_close
2024-01-01 00:48:42.341 DEBUG [api] request_id=211a26f9 Processed list stop in 23ms
2024-01-01 00:48:43.744 INFO [api] request_id=578bd5c7 Slow query detected: 808ms for read_open
2024-01-01 00:48:44.692 WARN [scheduler] request_id=089906c1 Processed delete stack in 29ms
2024-01-01 00:48:45.986 WARN [cache] request_id=87321636 Processed tree stack in 9ms
2024-01-01 00:48:46.418 WARN [auth] request_id=3497919a Failed to process key: Connection timeout after 5000ms
2024-01-01 00:48:47.230 INFO [cache] request_id=8a3b4d5e Failed to process count: Connection timeout after 5000ms
2024-01-01 00:48:48.660 ERROR [scheduler] request_id=c8b78acf Failed to process index: Connection timeout after 5000ms
2024-01-01 00:48:49.061 WARN [scheduler] request_id=4adad7d6 Processed node data in 19ms
2024-01-01 00:48:50.870 ERROR [api] request_id=b96acbcd Slow query detected: 914ms for length_write
2024-01-01 00:48:51.296 DEBUG [worker] request_id=12966172 Failed to process result: Connection timeout after 5000ms
2024-01-01 00:48:52.821 DEBUG [api] request_id=d4ab4cf8 Slow query detected: 886ms for write_set
2024-01-01 00:48:53.821 DEBUG [worker] request_id=947bf2f7 Failed to process value: Connection timeout after 5000ms
2024-01-01 00:48:54.424 INFO [cache] request_id=1e906e02 Processed length update in 24ms
2024-01-01 00:48:55.314 INFO [api] request_id=5c2246a5 Processed value index in 39ms
2024-01-01 00:48:56.978 ERROR [api] request_id=6a183195 Processed buffer close in 1ms
2024-01-01 00:48:57.712 DEBUG [auth] request_id=0ba6e5b1 Processed stop client in 3ms
2024-01-01 00:48:58.564 WARN [worker] request_id=f81a20de Processed init status in 26ms
2024-01-01 00:48:59.858 INFO [db] request_id=5cb2d30a Processed index user in 32ms
2024-01-01 00:49:00.345 WARN [scheduler] request_id=3d04e55f Slow query detected: 577ms for info_offset
2024-01-01 00:49:01.234 INFO [auth] request_id=b9557fa8 Failed to process name: Connection timeout after 5000ms
2024-01-01 00:49:02.168 INFO [worker] request_id=75c85f69 Processed create warning in 28ms
2024-01-01 00:49:03.887 INFO [queue] request_id=1a4c4ae2 Processed user update in 31ms
2024-01-01 00:49:04.913 ERROR [api] request_id=ea524fea Processed connection query in 46ms
2024-01-01 00:49:05.930 DEBUG [api] request_id=f8a1389e Processed update mode in 32ms
2024-01-01 00:49:06.784 INFO [scheduler] request_id=92bfed52 Slow query detected: 893ms for connection_action
2024-01-01 00:49:07.754 INFO [auth] request_id=ef06344c Processed size connection in 48ms
2024-01-01 00:49:08.498 INFO [scheduler] request_id=a35645ac Processed map start in 29ms
2024-01-01 00:49:09.347 ERROR [db] request_id=53389aa8 Slow query detected: 921ms for message_update
2024-01-01 00:49:10.811 ERROR [worker] request_id=608048d7 Processed name list in 20ms
2024-01-01 00:49:11.001 INFO [queue] request_id=219a37df Processed key value in 44ms
2024-01-01 00:49:12.221 INFO [auth] request_id=e454ed0b Processed start id in 33ms
2024-01-01 00:49:13.347 INFO [cache] request_id=103b5148 Processed read name in 19ms
2024-01-01 00:49:14.395 DEBUG [auth] request_id=d75cb381 Processed debug message in 29ms
2024-01-01 00:49:15.941 DEBUG [worker] request_id=5c337ed3 Processed init value in 7ms
2024-01-01 00:49:16.941 INFO [auth] request_id=042ad8ca Processed close delete in 49ms
2024-01-01 00:49:17.951 ERROR [cache] request_id=51878948 Failed to process offset: Connection timeout after 5000ms
2024-01-01 00:49:18.423 DEBUG [cache] request_id=1feecc8c Processed info session in 22ms
2024-01-01 00:49:19.019 INFO [queue] request_id=3398ab08 Processed index node in 34ms
2024-01-01 00:49:20.983 INFO [cache] request_id=33edac13 Failed to process create: Connection timeout after 5000ms
2024-01-01 00:49:21.448 DEBUG [cache] request_id=df0fb370 Processed status update in 3ms
2024-01-01 00:49:22.337 INFO [scheduler] request_id=455b9760 Processed debug index in 11ms
2024-01-01 00:49:23.757 INFO [db] request_id=608a1c6b Processed error response in 31ms
2024-01-01 00:49:24.337 ERROR [cache] request_id=81e4b0c4 Processed buffer query in 32ms
2024-01-01 00:49:25.725 ERROR [queue] request_id=e0cf32d1 Processed user session in 9ms
2024-01-01 00:49:26.918 INFO [db] request_id=bc43f8fd Processed length result in 20ms
2024-01-01 00:49:27.493 ERROR [auth] request_id=dffc2310 Slow query detected: 870ms for query_update
2024-01-01 00:49:28.660 INFO [auth] request_id=4c5fec97 Processed query connection in 1ms
2024-01-01 00:49:29.889 INFO [db] request_id=5c3bb667 Processed tree init in 50ms
2024-01-01 00:49:30.449 INFO [worker] request_id=3d74ceda Failed to process message: Connection timeout after 5000ms
2024-01-01 00:49:31.584 ERROR [db] request_id=27963ce6 Processed key stop in 16ms
2024-01-01 00:49:32.509 WARN [auth] request_id=e223b99e Failed to process queue: Connection timeout after 5000ms
2024-01-01 00:49:33.333 ERROR [worker] request_id=d5ae58cc Processed update key in 48ms
2024-01-01 00:49:34.301 INFO [api] request_id=47ef7b3b Processed debug message in 49ms
2024-01-01 00:49:35.703 INFO [scheduler] request_id=31ebf87e Processed list debug in 28ms
2024-01-01 00:49:36.046 DEBUG [scheduler] request_id=a6769339 Processed queue size in 24ms
2024-01-01 00:49:37.614 INFO [scheduler] request_id=9d2ae79d Failed to process response: Connection timeout after 5000ms
2024-01-01 00:49:38.870 INFO [queue] request_id=7dfcdb31 Failed to process connection: Connection timeout after 5000ms
2024-01-01 00:49:39.178 INFO [db] request_id=d4f5bc24 Processed total create in 48ms
2024-01-01 00:49:40.422 INFO [queue] request_id=848fc401 Processed server queue in 29ms
2024-01-01 00:49:41.328 INFO [api] request_id=6b0b3d87 Processed client update in 18ms
2024-01-01 00:49:42.856 WARN [scheduler] request_id=dc77c196 Processed response message in 8ms
2024-01-01 00:49:43.701 WARN [worker] request_id=ad7ea960 Processed message close in 42ms
2024-01-01 00:49:44.450 INFO [worker] request_id=54e0c877 Processed open status in 40ms
2024-01-01 00:49:45.400 ERROR [scheduler] request_id=db2d7adb Processed debug queue in 30ms
2024-01-01 00:49:46.279 INFO [worker] request_id=78a21500 Failed to process session: Connection timeout after 5000ms
2024-01-01 00:49:47.421 ERROR [api] request_id=2160caf4 Processed response key in 48ms
2024-01-01 00:49:48.338 WARN [db] request_id=88fc4852 Processed size response in 37ms
2024-01-01 00:49:49.391 ERROR [auth] request_id=dec666eb Processed init stack in 33ms
2024-01-01 00:49:50.278 INFO [queue] request_id=97e6f675 Processed id delete in 23ms
2024-01-01 00:49:51.984 ERROR [api] request_id=6df8829d Processed config status in 30ms
2024-01-01 00:49:52.519 INFO [worker] request_id=4aad33f2 Processed id name in 16ms
2024-01-01 00:49:53.473 DEBUG [worker] request_id=cca37dd8 Processed message total in 47ms
2024-01-01 00:49:54.662 WARN [api] request_id=1ca9a2dc Processed buffer key in 1ms
2024-01-01 00:49:55.022 INFO [api] request_id=1e03fcf3 Failed to process buffer: Connection timeout after 5000ms
2024-01-01 00:49:56.715 ERROR [worker] request_id=955ffdaa Processed write config in 41ms
2024-01-01 00:49:57.209 INFO [queue] request_id=6e2faf41 Failed to process message: Connection timeout after 5000ms
2024-01-01 00:49:58.679 INFO [db] request_id=d08b0ae5 Processed mode request in 8ms
2024-01-01 00:49:59.984 DEBUG [cache] request_id=6d6960ae Failed to process response: Connection timeout after 5000ms
2024-01-01 00:50:00.204 INFO [scheduler] request_id=e8e4c09e Failed to process index: Connection timeout after 5000ms
2024-01-01 00:50:01.525 INFO [api] request_id=ce0c6311 Processed index node in 31ms
2024-01-01 00:50:02.865 WARN [queue] request_id=4d5a84e5 Slow query detected: 632ms for count_id
2024-01-01 00:50:03.295 ERROR [db] request_id=a17e3634 Failed to process result: Connection timeout after 5000ms
2024-01-01 00:50:04.367 INFO [api] request_id=4fac6d1c Processed node transaction in 32ms
2024-01-01 00:50:05.281 INFO [db] request_id=ad20341a Failed to process client: Connection timeout after 5000ms
2024-01-01 00:50:06.957 INFO [worker] request_id=7fb4e273 Slow query detected: 707ms for key_client
2024-01-01 00:50:07.393 WARN [db] request_id=2b4b4ba4 Processed open status in 36ms
2024-01-01 00:50:08.898 INFO [api] request_id=079c97df Failed to process mode: Connection timeout after 5000ms
2024-01-01 00:50:09.713 INFO [scheduler] request_id=31574064 Processed init value in 40ms
2024-01-01 00:50:10.997 INFO [worker] request_id=5cbd8d4c Failed to process stop: Connection timeout after 5000ms
2024-01-01 00:50:11.060 INFO [worker] request_id=ecaf6918 Processed request connection in 5ms
2024-01-01 00:50:12.220 WARN [scheduler] request_id=049cb897 Processed queue length in 1ms
2024-01-01 00:50:13.432 WARN [cache] request_id=9ce798bf Processed delete key in 48ms
2024-01-01 00:50:14.069 DEBUG [queue] request_id=ccb5b0ea Processed count init in 24ms
2024-01-01 00:50:15.430 INFO [worker] request_id=dcf9de78 Processed key session in 46ms
2024-01-01 00:50:16.423 INFO [queue] request_id=5a1fb57c Processed key stop in 31ms
2024-01-01 00:50:17.552 INFO [cache] request_id=cc13532d Processed status value in 40ms
2024-01-01 00:50:18.344 ERROR [worker] request_id=936b9bd1 Processed server stop in 12ms
2024-01-01 00:50:19.201 ERROR [queue] request_id=82e3c392 Processed count read in 22ms
2024-01-01 00:50:20.925 WARN [api] request_id=4f1defee Processed node client in 50ms
2024-01-01 00:50:21.003 INFO [scheduler] request_id=cfac5614 Processed stop id in 25ms
2024-01-01 00:50:22.869 DEBUG [worker] request_id=608956c5 Failed to process key: Connection timeout after 5000ms
2024-01-01 00:50:23.457 INFO [cache] request_id=dae8f8e7 Processed data stack in 36ms
2024-01-01 00:50:24.564 INFO [queue] request_id=28392080 Processed id error in 39ms
2024-01-01 00:50:25.807 WARN [api] request_id=aa7f83e2 Processed map write in 38ms
2024-01-01 00:50:26.823 INFO [queue] request_id=5a121bce Processed key index in 9ms
2024-01-01 00:50:27.021 INFO [worker] request_id=dca94cb3 Slow query detected: 753ms for result_set
2024-01-01 00:50:28.700 WARN [cache] request_id=aa559bbb Processed trace debug in 22ms
2024-01-01 00:50:29.210 INFO [cache] request_id=e8b731a4 Slow query detected: 268ms for connection_query
2024-01-01 00:50:30.741 INFO [auth] request_id=ca3e420a Processed buffer data in 8ms
2024-01-01 00:50:31.172 INFO [cache] request_id=56715c40 Processed info server in 36ms
2024-01-01 00:50:32.258 INFO [db] request_id=90719f89 Processed info warning in 46ms
2024-01-01 00:50:33.753 ERROR [queue] request_id=8b6b2c43 Processed response error in 14ms
2024-01-01 00:50:34.050 INFO [auth] request_id=326ab888 Processed buffer trace in 34ms
2024-01-01 00:50:35.671 INFO [auth] request_id=cfa68c34 Failed to process query: Connection timeout after 5000ms
2024-01-01 00:50:36.174 ERROR [worker] request_id=8db0cbea Processed message start in 6ms
2024-01-01 00:50:37.639 INFO [scheduler] request_id=b24e0a19 Processed config write in 22ms
2024-01-01 00:50:38.806 DEBUG [cache] request_id=54bcf9ec Processed init count in 39ms
2024-01-01 00:50:39.537 DEBUG [worker] request_id=4f97f41a Processed warning status in 16ms
2024-01-01 00:50:40.220 ERROR [worker] request_id=eeea8999 Processed buffer action in 50ms
2024-01-01 00:50:41.806 DEBUG [queue] request_id=d525ce56 Processed info session in 1ms
2024-01-01 00:50:42.487 INFO [queue] request_id=9c947bc2 Processed request index in 26ms
2024-01-01 00:50:43.703 DEBUG [db] request_id=80a4e479 Processed read count in 47ms
2024-01-01 00:50:44.077 INFO [db] request_id=6a9e3fd0 Processed set session in 13ms
2024-01-01 00:50:45.805 INFO [cache] request_id=366c712c Processed close result in 20ms
2024-01-01 00:50:46.311 WARN [scheduler] request_id=09070abc Failed to process set: Connection timeout after 5000ms
2024-01-01 00:50:47.896 DEBUG [auth] request_id=e9306195 Processed create create in 34ms
2024-01-01 00:50:48.352 ERROR [worker] request_id=1034f24f Failed to process transaction: Connection timeout after 5000ms
2024-01-01 00:50:49.487 INFO [queue] request_id=83dc747a Failed to process data: Connection timeout after 5000ms
2024-01-01 00:50:50.747 WARN [scheduler] request_id=c97e249f Failed to process data: Connection timeout after 5000ms
2024-01-01 00:50:51.490 INFO [db] request_id=527e9485 Processed error info in 15ms
2024-01-01 00:50:52.208 WARN [auth] request_id=f70a57c3 Slow query detected: 392ms for status_session
2024-01-01 00:50:53.462 WARN [api] request_id=0d2781cd Processed trace value in 19ms
2024-01-01 00:50:54.966 INFO [api] request_id=06043c3f Processed action queue in 4ms
2024-01-01 00:50:55.307 DEBUG [worker] request_id=558c9e90 Processed queue set in 12ms
2024-01-01 00:50:56.195 DEBUG [auth] request_id=96eecf78 Slow query detected: 725ms for tree_query
2024-01-01 00:50:57.246 DEBUG [queue] request_id=fb0fa28a Failed to process close: Connection timeout after 5000ms
2024-01-01 00:50:58.318 INFO [db] request_id=332c7f03 Failed to process node: Connection timeout after 5000ms
2024-01-01 00:50:59.124 WARN [db] request_id=06258098 Processed create request in 24ms
2024-01-01 00:51:00.228 INFO [api] request_id=1e007017 Processed connection client in 43ms
2024-01-01 00:51:01.875 WARN [worker] request_id=e1bd60ef Processed count total in 24ms
2024-01-01 00:51:02.228 ERROR [scheduler] request_id=a354ea13 Failed to process result: Connection timeout after 5000ms
2024-01-01 00:51:03.107 INFO [db] request_id=0b96c8c4 Processed map action in 24ms
2024-01-01 00:51:04.230 INFO [queue] request_id=c638bfb5 Failed to process start: Connection timeout after 5000ms
2024-01-01 00:51:05.779 INFO [db] request_id=d7e3dbac Processed user value in 42ms
2024-01-01 00:51:06.151 DEBUG [queue] request_id=8eb90432 Processed transaction server in 33ms
2024-01-01 00:51:07.994 DEBUG [scheduler] request_id=06cffb86 Failed to process session: Connection timeout after 5000ms
2024-01-01 00:51:08.877 INFO [scheduler] request_id=2dc9fdbb Processed request create in 33ms
2024-01-01 00:51:09.640 INFO [queue] request_id=d03ab0e1 Slow query detected: 533ms for create_query
2024-01-01 00:51:10.091 DEBUG [auth] request_id=12c37379 Failed to process create: Connection timeout after 5000ms
2024-01-01 00:51:11.589 ERROR [worker] request_id=1a4712b3 Processed query data in 17ms
2024-01-01 00:51:12.897 INFO [auth] request_id=bdcd285b Processed trace map in 21ms
2024-01-01 00:51:13.727 DEBUG [db] request_id=92b0e081 Slow query detected: 939ms for start_start
2024-01-01 00:51:14.226 WARN [queue] request_id=75652447 Failed to process key: Connection timeout after 5000ms
2024-01-01 00:51:15.789 INFO [scheduler] request_id=a8b4fc63 Processed debug key in 48ms
2024-01-01 00:51:16.582 INFO [cache] request_id=13e6c392 Processed read action in 35ms
2024-01-01 00:51:17.884 INFO [scheduler] request_id=b7c55629 Failed to process response: Connection timeout after 5000ms
2024-01-01 00:51:18.373 INFO [queue] request_id=bd44db8a Failed to process stop: Connection timeout after 5000ms
2024-01-01 00:51:19.556 ERROR [queue] request_id=f4b7a18e Processed value warning in 48ms
2024-01-01 00:51:20.489 DEBUG [auth] request_id=49880677 Processed delete stack in 36ms
2024-01-01 00:51:21.090 ERROR [worker] request_id=6d00a761 Processed error count in 1ms
2024-01-01 00:51:22.523 DEBUG [worker] request_id=870d0ec2 Failed to process update: Connection timeout after 5000ms
2024-01-01 00:51:23.988 DEBUG [cache] request_id=a45bc14e Processed session init in 23ms
2024-01-01 00:51:24.522 DEBUG [db] request_id=1804826b Processed queue length in 31ms
2024-01-01 00:51:25.713 DEBUG [api] request_id=25a35889 Slow query detected: 710ms for stack_stop
2024-01-01 00:51:26.169 INFO [db] request_id=4abcbd7b Processed tree response in 33ms
2024-01-01 00:51:27.747 WARN [scheduler] request_id=f04784ba Slow query detected: 865ms for queue_write
2024-01-01 00:51:28.345 DEBUG [db] request_id=5101b871 Slow query detected: 457ms for connection_delete
2024-01-01 00:51:29.908 WARN [scheduler] request_id=973200ac Slow query detected: 725ms for info_cache
2024-01-01 00:51:30.173 INFO [api] request_id=6efea740 Processed key init in 2ms
2024-01-01 00:51:31.401 INFO [worker] request_id=c417295f Processed offset response in 21ms
2024-01-01 00:51:32.081 INFO [api] request_id=c82ba823 Processed set response in 23ms
2024-01-01 00:51:33.851 INFO [queue] request_id=13ff06a0 Failed to process client: Connection timeout after 5000ms
2024-01-01 00:51:34.192 WARN [scheduler] request_id=042bdb30 Failed to process read: Connection timeout after 5000ms
2024-01-01 00:51:35.843 WARN [api] request_id=2c18d678 Processed index debug in 27ms
2024-01-01 00:51:36.585 WARN [db] request_id=c55df665 Processed open start in 34ms
2024-01-01 00:51:37.947 INFO [cache] request_id=4087617c Processed action action in 9ms
2024-01-01 00:51:38.068 WARN [worker] request_id=f29f631d Processed request server in 17ms
2024-01-01 00:51:39.955 INFO [api] request_id=6f6b181d Processed id data in 38ms
2024-01-01 00:51:40.060 INFO [auth] request_id=039366e9 Processed queue error in 2ms
2024-01-01 00:51:41.531 DEBUG [queue] request_id=626a957e Slow query detected: 800ms for session_id
2024-01-01 00:51:42.736 ERROR [cache] request_id=b443b2ef Processed value message in 32ms
2024-01-01 00:51:43.511 INFO [api] request_id=689e792d Processed stop cache in 23ms
2024-01-01 00:51:44.515 INFO [api] request_id=f3cee0ee Processed config type in 50ms
2024-01-01 00:51:45.759 INFO [queue] request_id=2ebb614f Slow query detected: 656ms for delete_stop
2024-01-01 00:51:46.075 WARN [scheduler] request_id=fd6e0a02 Processed id close in 29ms
2024-01-01 00:51:47.253 INFO [queue] request_id=c6aa2a22 Processed cache user in 11ms
2024-01-01 00:51:48.227 ERROR [scheduler] request_id=4361e0ea Processed status info in 33ms
2024-01-01 00:51:49.532 WARN [api] request_id=f9379a12 Processed buffer start in 34ms
2024-01-01 00:51:50.650 DEBUG [auth] request_id=4531639d Failed to process create: Connection timeout after 5000ms
2024-01-01 00:51:51.054 WARN [worker] request_id=266a14d4 Processed response type in 46ms
2024-01-01 00:51:52.309 INFO [scheduler] request_id=33c5e282 Processed value name in 34ms
2024-01-01 00:51:53.974 WARN [cache] request_id=edc1d255 Processed trace action in 15ms
2024-01-01 00:51:54.470 INFO [cache] request_id=af2451ab Processed stack buffer in 41ms
2024-01-01 00:51:55.340 INFO [api] request_id=8321914a Processed warning error in 3ms
2024-01-01 00:51:56.325 DEBUG [db] request_id=2a5999a9 Processed index length in 4ms
2024-01-01 00:51:57.715 DEBUG [db] request_id=b3020304 Slow query detected: 591ms for id_message
2024-01-01 00:51:58.822 INFO [scheduler] request_id=ebb3e7e9 Processed response stop in 12ms
2024-01-01 00:51:59.831 INFO [queue] request_id=5ac6810b Processed list response in 44ms
2024-01-01 00:52:00.565 ERROR [scheduler] request_id=cb3f67b8 Processed error queue in 7ms
2024-01-01 00:52:01.084 DEBUG [queue] request_id=96167a45 Processed buffer value in 34ms
2024-01-01 00:52:02.378 ERROR [worker] request_id=fde5a3d7 Processed cache trace in 4ms
2024-01-01 00:52:03.408 INFO [db] request_id=8f1fdc82 Processed stop cache in 30ms
2024-01-01 00:52:04.354 INFO [api] request_id=de076cc5 Processed buffer value in 33ms
2024-01-01 00:52:05.252 WARN [scheduler] request_id=f83dc70e Failed to process index: Connection timeout after 5000ms
2024-01-01 00:52:06.368 INFO [api] request_id=f88c8641 Failed to process id: Connection timeout after 5000ms
2024-01-01 00:52:07.105 INFO [auth] request_id=debc6914 Processed create set in 10ms
2024-01-01 00:52:08.038 ERROR [db] request_id=799ec820 Processed cache result in 41ms
2024-01-01 00:52:09.529 INFO [auth] request_id=45f59e5c Processed count id in 44ms
2024-01-01 00:52:10.652 INFO [auth] request_id=68874b53 Slow query detected: 491ms for buffer_map
2024-01-01 00:52:11.704 DEBUG [scheduler] request_id=4ed3ec46 Failed to process type: Connection timeout after 5000ms
2024-01-01 00:52:12.354 WARN [api] request_id=60bf8b40 Processed info index in 48ms
2024-01-01 00:52:13.951 WARN [cache] request_id=8a00522a Processed action status in 14ms
2024-01-01 00:52:14.197 INFO [queue] request_id=9b52a77d Failed to process name: Connection timeout after 5000ms
2024-01-01 00:52:15.905 INFO [api] request_id=c05f2d75 Processed cache mode in 27ms
2024-01-01 00:52:16.429 INFO [queue] request_id=68df6720 Failed to process request: Connection timeout after 5000ms
2024-01-01 00:52:17.994 INFO [auth] request_id=95abb4e3 Slow query detected: 757ms for transaction_start
2024-01-01 00:52:18.408 DEBUG [cache] request_id=6c28344e Failed to process mode: Connection timeout after 5000ms
2024-01-01 00:52:19.645 INFO [cache] request_id=d41e5043 Processed init warning in 1ms
2024-01-01 00:52:20.682 INFO [db] request_id=a360fa4f Processed tree config in 41ms
2024-01-01 00:52:21.945 ERROR [api] request_id=53205a96 Processed server list in 40ms
2024-01-01 00:52:22.698 ERROR [worker] request_id=f0d84577 Slow query detected: 374ms for value_name
2024-01-01 00:52:23.756 INFO [db] request_id=5cd2b12a Slow query detected: 738ms for data_length
2024-01-01 00:52:24.658 ERROR [db] request_id=bf5c93cf Failed to process connection: Connection timeout after 5000ms
2024-01-01 00:52:25.339 INFO [queue] request_id=551eb743 Processed start update in 43ms
2024-01-01 00:52:26.493 INFO [auth] request_id=7288888c Processed total offset in 20ms
2024-01-01 00:52:27.437 INFO [auth] request_id=ead17059 Failed to process config: Connection timeout after 5000ms
2024-01-01 00:52:28.528 DEBUG [db] request_id=fa4fbc92 Slow query detected: 251ms for data_stack
2024-01-01 00:52:29.481 INFO [worker] request_id=a2dcbdac Processed set set in 8ms
2024-01-01 00:52:30.845 INFO [cache] request_id=e2d4d40b Processed user data in 28ms
2024-01-01 00:52:31.168 DEBUG [db] request_id=7f99ff96 Processed key result in 8ms
2024-01-01 00:52:32.778 INFO [api] request_id=0aee30d4 Processed size value in 12ms
2024-01-01 00:52:33.653 INFO [db] request_id=c65fc9cd Processed buffer client in 49ms
2024-01-01 00:52:34.358 WARN [api] request_id=889c3cc0 Processed query start in 48ms
2024-01-01 00:52:35.441 INFO [auth] request_id=17815664 Processed mode stop in 13ms
2024-01-01 00:52:36.745 INFO [scheduler] request_id=7ba306b3 Processed user stack in 38ms
2024-01-01 00:52:37.408 INFO [scheduler] request_id=a60d9e8e Processed id value in 32ms
2024-01-01 00:52:38.820 INFO [scheduler] request_id=1c887df1 Slow query detected: 584ms for init_mode
2024-01-01 00:52:39.401 INFO [api] request_id=393bff59 Failed to process session: Connection timeout after 5000ms
2024-01-01 00:52:40.202 ERROR [db] request_id=89cf1de3 Processed type delete in 4ms
2024-01-01 00:52:41.448 DEBUG [cache] request_id=18987262 Processed key create in 35ms
2024-01-01 00:52:42.879 INFO [auth] request_id=925a4e9c Processed init trace in 41ms
2024-01-01 00:52:43.894 INFO [auth] request_id=187ed768 Processed response warning in 9ms
2024-01-01 00:52:44.806 INFO [queue] request_id=9f387b60 Processed status count in 2ms
2024-01-01 00:52:45.408 DEBUG [scheduler] request_id=adaecb75 Processed data data in 31ms
2024-01-01 00:52:46.740 INFO [worker] request_id=64c47dc7 Slow query detected: 979ms for request_delete
2024-01-01 00:52:47.663 WARN [worker] request_id=e926d146 Processed update value in 27ms
2024-01-01 00:52:48.449 INFO [worker] request_id=c5937dae Processed id stop in 9ms
2024-01-01 00:52:49.246 WARN [scheduler] request_id=29ffc3d1 Processed request buffer in 48ms
2024-01-01 00:52:50.824 INFO [auth] request_id=755ff147 Processed buffer list in 16ms
2024-01-01 00:52:51.409 ERROR [db] request_id=550c172c Slow query detected: 493ms for info_user
2024-01-01 00:52:52.724 INFO [auth] request_id=a435ebc4 Processed create name in 24ms
2024-01-01 00:52:53.440 INFO [scheduler] request_id=9f41a482 Processed connection warning in 50ms
2024-01-01 00:52:54.433 INFO [db] request_id=3380da7b Processed status close in 42ms
2024-01-01 00:52:55.539 ERROR [queue] request_id=2aa4b2f6 Processed data start in 45ms
2024-01-01 00:52:56.151 DEBUG [queue] request_id=f13b6e5c Processed open user in 20ms
2024-01-01 00:52:57.048 INFO [db] request_id=9dc2bc73 Processed length buffer in 41ms
2024-01-01 00:52:58.965 DEBUG [auth] request_id=a08a6bc2 Processed error data in 49ms
2024-01-01 00:52:59.121 DEBUG [cache] request_id=65966022 Failed to process stack: Connection timeout after 5000ms
2024-01-01 00:53:00.565 WARN [api] request_id=33c5ea94 Slow query detected: 841ms for init_mode
2024-01-01 00:53:01.418 INFO [api] request_id=b17226ec Processed data key in 42ms
2024-01-01 00:53:02.233 DEBUG [scheduler] request_id=03a43149 Slow query detected: 457ms for open_server
2024-01-01 00:53:03.200 WARN [api] request_id=38b1920a Slow query detected: 618ms for index_client
2024-01-01 00:53:04.471 INFO [api] request_id=587867f3 Processed stop query in 1ms
2024-01-01 00:53:05.162 WARN [worker] request_id=b2e21b8f Processed trace query in 28ms
2024-01-01 00:53:06.130 INFO [worker] request_id=80820303 Processed mode result in 48ms
2024-01-01 00:53:07.161 INFO [queue] request_id=161ad299 Processed set length in 2ms
2024-01-01 00:53:08.347 ERROR [queue] request_id=4cb85e01 Failed to process list: Connection timeout after 5000ms
2024-01-01 00:53:09.613 INFO [scheduler] request_id=9eb33c23 Processed set list in 35ms
2024-01-01 00:53:10.370 INFO [cache] request_id=e89041e8 Failed to process query: Connection timeout after 5000ms
2024-01-01 00:53:11.064 DEBUG [cache] request_id=d256094e Slow query detected: 296ms for delete_write
2024-01-01 00:53:12.797 INFO [queue] request_id=13882a69 Processed request query in 43ms
2024-01-01 00:53:13.134 INFO [scheduler] request_id=5a0f062b Processed node create in 1ms
2024-01-01 00:53:14.575 WARN [worker] request_id=3b940849 Failed to process type: Connection timeout after 5000ms
2024-01-01 00:53:15.409 DEBUG [cache] request_id=2d0bf42e Processed set queue in 44ms
2024-01-01 00:53:16.705 INFO [queue] request_id=79c0e6f2 Slow query detected: 636ms for count_create
2024-01-01 00:53:17.303 INFO [auth] request_id=e03b0b1b Processed request action in 3ms
2024-01-01 00:53:18.466 DEBUG [cache] request_id=e5222bf1 Processed action id in 13ms
2024-01-01 00:53:19.379 DEBUG [cache] request_id=e648c965 Processed result transaction in 16ms
2024-01-01 00:53:20.498 ERROR [auth] request_id=98c26caf Processed start length in 39ms
2024-01-01 00:53:21.480 ERROR [api] request_id=16a4c4da Processed request close in 17ms
2024-01-01 00:53:22.176 INFO [queue] request_id=c644c5bf Slow query detected: 894ms for warning_tree
2024-01-01 00:53:23.729 INFO [queue] request_id=66541c71 Processed offset start in 31ms
2024-01-01 00:53:24.330 WARN [queue] request_id=f23ee0f5 Slow query detected: 815ms for cache_tree
2024-01-01 00:53:25.793 INFO [auth] request_id=2acfd719 Processed value count in 39ms
2024-01-01 00:53:26.064 ERROR [worker] request_id=dd97f365 Processed type init in 39ms
2024-01-01 00:53:27.045 INFO [queue] request_id=e39fea6c Processed message size in 8ms
2024-01-01 00:53:28.976 INFO [worker] request_id=a2af9ae5 Processed session key in 9ms
2024-01-01 00:53:29.644 DEBUG [worker] request_id=003b3c44 Slow query detected: 580ms for name_read
2024-01-01 00:53:30.598 WARN [worker] request_id=ccf26167 Processed name stop in 10ms
2024-01-01 00:53:31.803 INFO [worker] request_id=aaba887c Processed size warning in 28ms
2024-01-01 00:53:32.966 WARN [queue] request_id=d43ed232 Slow query detected: 340ms for stack_status
2024-01-01 00:53:33.556 ERROR [scheduler] request_id=e853bc92 Processed transaction open in 40ms
2024-01-01 00:53:34.512 INFO [api] request_id=a17b0926 Processed info action in 20ms
2024-01-01 00:53:35.929 WARN [cache] request_id=13052e2f Processed query offset in 48ms
2024-01-01 00:53:36.672 INFO [worker] request_id=8d6e5b69 Processed connection session in 50ms
2024-01-01 00:53:37.318 INFO [db] request_id=0f544f2c Processed warning start in 35ms
2024-01-01 00:53:38.822 DEBUG [api] request_id=d0d43bfd Processed key warning in 11ms
2024-01-01 00:53:39.846 INFO [worker] request_id=f72055ef Processed request update in 18ms
2024-01-01 00:53:40.948 DEBUG [auth] request_id=09bcedcd Processed action create in 7ms
2024-01-01 00:53:41.754 INFO [db] request_id=b347f0ab Processed status config in 35ms
2024-01-01 00:53:42.531 ERROR [worker] request_id=b39c944c Processed type query in 27ms
2024-01-01 00:53:43.462 WARN [auth] request_id=fdf2d16b Slow query detected: 640ms for session_transaction
2024-01-01 00:53:44.019 WARN [api] request_id=91f241a4 Processed length transaction in 49ms
2024-01-01 00:53:45.417 INFO [api] request_id=ed827f98 Processed mode stack in 48ms
2024-01-01 00:53:46.776 INFO [scheduler] request_id=7209bdfe Processed size mode in 36ms
2024-01-01 00:53:47.055 DEBUG [api] request_id=fe71ba68 Failed to process length: Connection timeout after 5000ms
2024-01-01 00:53:48.419 ERROR [auth] request_id=5ba8f821 Processed message delete in 3ms
2024-01-01 00:53:49.817 INFO [scheduler] request_id=17d014ab Processed size error in 18ms
2024-01-01 00:53:50.641 DEBUG [cache] request_id=80752b96 Failed to process info: Connection timeout after 5000ms
2024-01-01 00:53:51.444 INFO [scheduler] request_id=3a7a4981 Slow query detected: 575ms for cache_request
2024-01-01 00:53:52.124 INFO [worker] request_id=e1df764b Processed id offset in 40ms
2024-01-01 00:53:53.046 INFO [db] request_id=6ab228c0 Processed request request in 4ms
2024-01-01 00:53:54.655 WARN [queue] request_id=df193016 Processed trace node in 20ms
2024-01-01 00:53:55.583 WARN [queue] request_id=ddf01fcd Processed key list in 36ms
2024-01-01 00:53:56.871 INFO [api] request_id=2c1c6d0c Processed mode connection in 31ms
2024-01-01 00:53:57.872 INFO [worker] request_id=f021a847 Processed index debug in 32ms
2024-01-01 00:53:58.195 WARN [auth] request_id=c37329da Failed to process index: Connection timeout after 5000ms
2024-01-01 00:53:59.823 INFO [api] request_id=a9f69217 Processed total list in 3ms
2024-01-01 00:54:00.744 INFO [db] request_id=4ffefe8a Processed client write in 28ms
2024-01-01 00:54:01.414 INFO [queue] request_id=300c37dd Processed info stop in 24ms
2024-01-01 00:54:02.782 INFO [queue] request_id=a31e3674 Processed query status in 48ms
2024-01-01 00:54:03.981 INFO [auth] request_id=5c3dbbca Processed connection length in 15ms
2024-01-01 00:54:04.461 INFO [worker] request_id=7313286c Slow query detected: 121ms for buffer_stop
2024-01-01 00:54:05.738 DEBUG [api] request_id=f3144b91 Processed session value in 37ms
2024-01-01 00:54:06.375 INFO [api] request_id=a0eb32c5 Slow query detected: 838ms for status_tree
2024-01-01 00:54:07.245 DEBUG [scheduler] request_id=f231d9ad Processed server trace in 40ms
2024-01-01 00:54:08.327 INFO [db] request_id=686e091d Processed start key in 8ms
2024-01-01 00:54:09.429 INFO [api] request_id=e0e1f1b8 Failed to process count: Connection timeout after 5000ms
2024-01-01 00:54:10.925 WARN [db] request_id=7027e6c1 Processed node map in 25ms
2024-01-01 00:54:11.426 INFO [queue] request_id=9e643f19 Failed to process node: Connection timeout after 5000ms
2024-01-01 00:54:12.023 DEBUG [db] request_id=c198f346 Slow query detected: 932ms for name_size
2024-01-01 00:54:13.012 INFO [cache] request_id=2e0c2d3c Processed size session in 44ms
2024-01-01 00:54:14.207 INFO [scheduler] request_id=e0e06a19 Processed map data in 45ms
2024-01-01 00:54:15.786 ERROR [queue] request_id=12ddbd36 Processed queue init in 20ms
2024-01-01 00:54:16.290 INFO [cache] request_id=09563773 Processed map length in 17ms
2024-01-01 00:54:17.491 INFO [cache] request_id=7f0f83a8 Failed to process client: Connection timeout after 5000ms
2024-01-01 00:54:18.337 INFO [auth] request_id=d7a438c9 Failed to process queue: Connection timeout after 5000ms
2024-01-01 00:54:19.451 DEBUG [auth] request_id=c6e844de Slow query detected: 154ms for stack_mode
2024-01-01 00:54:20.527 INFO [scheduler] request_id=b6fef0f5 Slow query detected: 779ms for name_mode
2024-01-01 00:54:21.148 INFO [queue] request_id=2ac83962 Failed to process message: Connection timeout after 5000ms
2024-01-01 00:54:22.624 ERROR [worker] request_id=7dc9e1e5 Slow query detected: 384ms for response_warning
2024-01-01 00:54:23.926 ERROR [cache] request_id=a7ca1568 Processed queue query in 48ms
2024-01-01 00:54:24.570 ERROR [scheduler] request_id=4096979c Processed user action in 26ms
2024-01-01 00:54:25.941 INFO [auth] request_id=47ed0232 Failed to process info: Connection timeout after 5000ms
2024-01-01 00:54:26.288 ERROR [scheduler] request_id=a3c8324a Processed value session in 41ms
2024-01-01 00:54:27.097 INFO [db] request_id=36ee061c Processed connection write in 18ms
2024-01-01 00:54:28.985 WARN [api] request_id=a3fb564e Slow query detected: 194ms for set_data
2024-01-01 00:54:29.589 INFO [scheduler] request_id=24efcf00 Processed update map in 23ms
2024-01-01 00:54:30.694 DEBUG [auth] request_id=4dc942f5 Slow query detected: 588ms for mode_stack
2024-01-01 00:54:31.501 WARN [auth] request_id=ed0d780d Processed result info in 26ms
2024-01-01 00:54:32.787 WARN [auth] request_id=7fd759a7 Failed to process action: Connection timeout after 5000ms
2024-01-01 00:54:33.973 INFO [queue] request_id=893db09a Failed to process query: Connection timeout after 5000ms
2024-01-01 00:54:34.123 ERROR [queue] request_id=1bb77765 Processed server info in 27ms
2024-01-01 00:54:35.545 INFO [queue] request_id=12d99490 Processed request status in 44ms
2024-01-01 00:54:36.987 INFO [auth] request_id=46680497 Slow query detected: 332ms for close_result
2024-01-01 00:54:37.342 INFO [db] request_id=256b5bf9 Processed close count in 48ms
2024-01-01 00:54:38.161 INFO [scheduler] request_id=dbc55c26 Slow query detected: 224ms for index_data
2024-01-01 00:54:39.843 INFO [cache] request_id=94d9b3c5 Processed close write in 30ms
2024-01-01 00:54:40.575 DEBUG [api] request_id=1edb87b8 Processed count buffer in 27ms
2024-01-01 00:54:41.272 DEBUG [scheduler] request_id=aaa964cb Slow query detected: 662ms for config_open
2024-01-01 00:54:42.786 WARN [queue] request_id=fe0dc648 Processed info stop in 18ms
2024-01-01 00:54:43.298 INFO [cache] request_id=8d249b26 Processed user key in 26ms
2024-01-01 00:54:44.786 INFO [queue] request_id=7b42c62f Processed data status in 27ms
2024-01-01 00:54:45.166 INFO [api] request_id=361e0eb3 Processed delete debug in 26ms
2024-01-01 00:54:46.052 WARN [scheduler] request_id=65e731da Slow query detected: 780ms for delete_buffer
2024-01-01 00:54:47.085 ERROR [api] request_id=d9113e3c Processed debug message in 47ms
2024-01-01 00:54:48.066 DEBUG [api] request_id=22df7a63 Failed to process total: Connection timeout after 5000ms
2024-01-01 00:54:49.776 WARN [api] request_id=0df25e38 Slow query detected: 862ms for id_list
2024-01-01 00:54:50.043 INFO [auth] request_id=2740d862 Processed trace user in 17ms
2024-01-01 00:54:51.801 INFO [api] request_id=5830de32 Processed node query in 28ms
2024-01-01 00:54:52.665 INFO [api] request_id=e2fb2d83 Processed action response in 42ms
2024-01-01 00:54:53.031 DEBUG [queue] request_id=4a57628d Processed length name in 1ms
2024-01-01 00:54:54.877 INFO [cache] request_id=f11c2348 Failed to process trace: Connection timeout after 5000ms
2024-01-01 00:54:55.753 ERROR [db] request_id=a221139d Slow query detected: 626ms for type_trace
2024-01-01 00:54:56.307 WARN [db] request_id=04c500e6 Processed user node in 11ms
2024-01-01 00:54:57.129 ERROR [cache] request_id=6b3dd03a Failed to process debug: Connection timeout after 5000ms
2024-01-01 00:54:58.633 WARN [cache] request_id=00b6fb46 Failed to process count: Connection timeout after 5000ms
2024-01-01 00:54:59.592 INFO [scheduler] request_id=ac481d8e Failed to process cache: Connection timeout after 5000ms
2024-01-01 00:55:00.582 INFO [db] request_id=1c7a0755 Processed debug response in 6ms
2024-01-01 00:55:01.524 INFO [worker] request_id=af056e19 Failed to process id: Connection timeout after 5000ms
2024-01-01 00:55:02.627 INFO [scheduler] request_id=828a1afe Processed node request in 25ms
2024-01-01 00:55:03.358 INFO [db] request_id=5a4b0aa0 Processed response length in 10ms
2024-01-01 00:55:04.670 INFO [worker] request_id=3b0a703f Processed response client in 38ms
2024-01-01 00:55:05.371 DEBUG [queue] request_id=05112ba5 Processed key offset in 36ms
2024-01-01 00:55:06.118 DEBUG [cache] request_id=fa2dfc43 Failed to process value: Connection timeout after 5000ms
2024-01-01 00:55:07.711 ERROR [queue] request_id=f8a01475 Failed to process stack: Connection timeout after 5000ms
2024-01-01 00:55:08.093 ERROR [auth] request_id=7364340d Processed type node in 45ms
2024-01-01 00:55:09.927 INFO [db] request_id=c1de1f24 Slow query detected: 203ms for session_id
2024-01-01 00:55:10.173 INFO [scheduler] request_id=905717f5 Processed server map in 10ms
2024-01-01 00:55:11.507 INFO [auth] request_id=d701653f Processed node close in 15ms
2024-01-01 00:55:12.906 INFO [db] request_id=0ec38d36 Processed map length in 20ms
2024-01-01 00:55:13.985 INFO [scheduler] request_id=10a7deda Processed count request in 1ms
2024-01-01 00:55:14.003 ERROR [cache] request_id=eb6431e2 Processed message id in 48ms
2024-01-01 00:55:15.339 INFO [worker] request_id=1b9354bb Failed to process queue: Connection timeout after 5000ms
2024-01-01 00:55:16.143 WARN [queue] request_id=601620c4 Processed mode error in 30ms
2024-01-01 00:55:17.930 WARN [cache] request_id=9ba8afec Slow query detected: 546ms for node_count
2024-01-01 00:55:18.873 ERROR [auth] request_id=b3205e13 Slow query detected: 683ms for count_create
2024-01-01 00:55:19.577 INFO [queue] request_id=7965c986 Slow query detected: 978ms for tree_init
2024-01-01 00:55:20.032 ERROR [db] request_id=0834f050 Processed total message in 30ms
2024-01-01 00:55:21.371 INFO [cache] request_id=fcfdb894 Processed start user in 23ms
2024-01-01 00:55:22.149 INFO [scheduler] request_id=07ac41ad Slow query detected: 902ms for update_key
2024-01-01 00:55:23.690 ERROR [worker] request_id=f983c7e2 Processed status init in 33ms
2024-01-01 00:55:24.397 WARN [worker] request_id=f5ec212e Slow query detected: 986ms for tree_total
2024-01-01 00:55:25.091 INFO [auth] request_id=618c338d Processed tree debug in 4ms
2024-01-01 00:55:26.948 ERROR [db] request_id=b59c94ac Processed transaction message in 38ms
2024-01-01 00:55:27.514 WARN [db] request_id=eab1d461 Processed update config in 15ms
2024-01-01 00:55:28.216 INFO [worker] request_id=999c4396 Processed trace stop in 19ms
2024-01-01 00:55:29.562 INFO [auth] request_id=00e99ebe Processed status list in 31ms
2024-01-01 00:55:30.249 ERROR [db] request_id=e1616a5c Processed offset map in 30ms
2024-01-01 00:55:31.811 INFO [cache] request_id=6254eceb Processed warning update in 40ms
2024-01-01 00:55:32.753 INFO [worker] request_id=63c4135a Failed to process trace: Connection timeout after 5000ms
2024-01-01 00:55:33.320 INFO [auth] request_id=d0c1d01a Slow query detected: 794ms for id_buffer
2024-01-01 00:55:34.437 WARN [worker] request_id=049c1b24 Processed server query in 49ms
2024-01-01 00:55:35.434 WARN [api] request_id=d436e081 Processed transaction id in 10ms
2024-01-01 00:55:36.310 INFO [queue] request_id=fdac87b8 Slow query detected: 606ms for stack_user
2024-01-01 00:55:37.643 DEBUG [queue] request_id=0b367b42 Failed to process name: Connection timeout after 5000ms
2024-01-01 00:55:38.445 INFO [api] request_id=8ddf5d1a Failed to process request: Connection timeout after 5000ms
2024-01-01 00:55:39.913 INFO [worker] request_id=9c1569a4 Slow query detected: 533ms for id_mode
2024-01-01 00:55:40.263 ERROR [api] request_id=40965c38 Processed close transaction in 30ms
2024-01-01 00:55:41.085 INFO [api] request_id=a8459702 Processed set index in 45ms
2024-01-01 00:55:42.509 INFO [queue] request_id=50a1bcef Processed value length in 43ms
2024-01-01 00:55:43.003 ERROR [worker] request_id=3b8195f7 Processed connection warning in 7ms
2024-01-01 00:55:44.379 INFO [db] request_id=6c15b57f Processed info map in 9ms
2024-01-01 00:55:45.504 INFO [api] request_id=419e7ce2 Processed data list in 4ms
2024-01-01 00:55:46.295 INFO [auth] request_id=e6048ba5 Processed response error in 3ms
2024-01-01 00:55:47.772 INFO [cache] request_id=b3633387 Processed config trace in 20ms
2024-01-01 00:55:48.299 ERROR [api] request_id=2aeffc96 Slow query detected: 698ms for user_buffer
2024-01-01 00:55:49.852 DEBUG [cache] request_id=b0563701 Slow query detected: 886ms for query_close
2024-01-01 00:55:50.536 WARN [scheduler] request_id=6a208a77 Processed mode status in 12ms
2024-01-01 00:55:51.451 DEBUG [cache] request_id=adfc4983 Failed to process count: Connection timeout after 5000ms
2024-01-01 00:55:52.592 INFO [cache] request_id=e86e5fdb Processed cache transaction in 18ms
2024-01-01 00:55:53.692 DEBUG [auth] request_id=866dbaa1 Processed delete count in 34ms
2024-01-01 00:55:54.196 ERROR [cache] request_id=58bab9bf Failed to process list: Connection timeout after 5000ms
2024-01-01 00:55:55.766 WARN [queue] request_id=d89bb66b Processed warning map in 13ms
2024-01-01 00:55:56.269 INFO [queue] request_id=5ae5b815 Slow query detected: 176ms for size_list
2024-01-01 00:55:57.118 ERROR [auth] request_id=d17b898e Processed create transaction in 45ms
2024-01-01 00:55:58.165 INFO [db] request_id=02cd537d Processed delete trace in 36ms
2024-01-01 00:55:59.509 INFO [api] request_id=2cc40490 Processed result transaction in 10ms
2024-01-01 00:56:00.480 DEBUG [scheduler] request_id=06f444aa Slow query detected: 376ms for warning_buffer
2024-01-01 00:56:01.235 INFO [scheduler] request_id=d20c8856 Processed transaction request in 50ms
2024-01-01 00:56:02.741 INFO [worker] request_id=585a89b8 Processed init transaction in 20ms
2024-01-01 00:56:03.124 INFO [worker] request_id=874345e1 Failed to process config: Connection timeout after 5000ms
2024-01-01 00:56:04.322 INFO [api] request_id=757d2872 Processed message trace in 43ms
2024-01-01 00:56:05.719 ERROR [scheduler] request_id=4e50df7b Processed name warning in 39ms
2024-01-01 00:56:06.917 WARN [db] request_id=b25a7fc6 Processed response debug in 10ms
2024-01-01 00:56:07.757 INFO [worker] request_id=3c537780 Slow query detected: 194ms for index_index
2024-01-01 00:56:08.332 ERROR [scheduler] request_id=c6342ce9 Slow query detected: 772ms for create_close
2024-01-01 00:56:09.334 DEBUG [db] request_id=aba8ec47 Processed key config in 28ms
2024-01-01 00:56:10.427 WARN [worker] request_id=64217b8e Processed status trace in 14ms
2024-01-01 00:56:11.226 INFO [api] request_id=ed9f1b37 Processed result session in 25ms
2024-01-01 00:56:12.740 DEBUG [queue] request_id=ca37017c Processed count info in 28ms
2024-01-01 00:56:13.598 DEBUG [queue] request_id=d4fa4071 Processed offset update in 50ms
2024-01-01 00:56:14.926 INFO [worker] request_id=6be7e387 Slow query detected: 582ms for read_info
2024-01-01 00:56:15.203 DEBUG [api] request_id=2075b54a Processed key error in 16ms
2024-01-01 00:56:16.931 INFO [cache] request_id=fc628403 Processed error value in 5ms
2024-01-01 00:56:17.703 INFO [queue] request_id=d9e787de Slow query detected: 440ms for size_node
2024-01-01 00:56:18.309 WARN [worker] request_id=7cd5800b Failed to process list: Connection timeout after 5000ms
2024-01-01 00:56:19.287 INFO [auth] request_id=99ab7154 Processed error data in 13ms
2024-01-01 00:56:20.526 INFO [worker] request_id=fdaf071f Processed warning count in 11ms
2024-01-01 00:56:21.734 INFO [cache] request_id=d8716a4c Failed to process count: Connection timeout after 5000ms
2024-01-01 00:56:22.089 INFO [api] request_id=d998d7dc Processed node query in 47ms
2024-01-01 00:56:23.028 INFO [worker] request_id=0daed888 Failed to process value: Connection timeout after 5000ms
2024-01-01 00:56:24.870 WARN [api] request_id=f9099c17 Processed debug update in 9ms
2024-01-01 00:56:25.097 INFO [api] request_id=03c6e211 Processed client error in 8ms
2024-01-01 00:56:26.541 INFO [scheduler] request_id=1b1f84f4 Failed to process message: Connection timeout after 5000ms
2024-01-01 00:56:27.108 INFO [queue] request_id=75f4699c Failed to process list: Connection timeout after 5000ms
2024-01-01 00:56:28.737 WARN [cache] request_id=caa0a181 Processed delete init in 35ms
2024-01-01 00:56:29.106 DEBUG [worker] request_id=6803cfdf Processed query response in 46ms
2024-01-01 00:56:30.338 ERROR [api] request_id=5daace52 Processed type query in 6ms
2024-01-01 00:56:31.503 WARN [worker] request_id=78d77944 Failed to process config: Connection timeout after 5000ms
2024-01-01 00:56:32.288 DEBUG [cache] request_id=f87f6d43 Processed start type in 47ms
2024-01-01 00:56:33.112 ERROR [db] request_id=d75eab2e Processed request read in 33ms
2024-01-01 00:56:34.449 INFO [queue] request_id=f46829a4 Slow query detected: 897ms for session_stack
2024-01-01 00:56:35.527 INFO [db] request_id=a418ffaf Processed server node in 9ms
2024-01-01 00:56:36.334 INFO [auth] request_id=23a10efe Slow query detected: 924ms for server_client
2024-01-01 00:56:37.271 INFO [queue] request_id=40473968 Processed count action in 43ms
2024-01-01 00:56:38.393 INFO [worker] request_id=5af80535 Failed to process node: Connection timeout after 5000ms
2024-01-01 00:56:39.226 INFO [scheduler] request_id=d8d49caa Processed cache size in 19ms
2024-01-01 00:56:40.447 ERROR [worker] request_id=6e8d7a3b Processed update connection in 26ms
2024-01-01 00:56:41.298 DEBUG [scheduler] request_id=b2c7648e Processed type read in 10ms
2024-01-01 00:56:42.668 WARN [api] request_id=0884f049 Processed name create in 33ms
2024-01-01 00:56:43.794 DEBUG [queue] request_id=b26c6891 Failed to process value: Connection timeout after 5000ms
2024-01-01 00:56:44.017 DEBUG [queue] request_id=8aaba447 Failed to process write: Connection timeout after 5000ms
2024-01-01 00:56:45.664 DEBUG [scheduler] request_id=191ecc24 Failed to process trace: Connection timeout after 5000ms
2024-01-01 00:56:46.993 DEBUG [cache] request_id=f1f147e5 Slow query detected: 262ms for total_cache
2024-01-01 00:56:47.632 INFO [api] request_id=b2a976e9 Failed to process result: Connection timeout after 5000ms
2024-01-01 00:56:48.784 INFO [scheduler] request_id=fae08e2e Processed start length in 22ms
2024-01-01 00:56:49.800 ERROR [db] request_id=7fa7249c Processed action node in 23ms
2024-01-01 00:56:50.470 INFO [auth] request_id=36abaf1a Processed set count in 43ms
2024-01-01 00:56:51.626 INFO [worker] request_id=f6100ad6 Processed type status in 42ms
2024-01-01 00:56:52.979 WARN [queue] request_id=2f3a65cc Processed map open in 49ms
2024-01-01 00:56:53.326 INFO [auth] request_id=b6abb4fc Slow query detected: 482ms for message_result
2024-01-01 00:56:54.477 INFO [cache] request_id=9dec4d2e Processed trace value in 39ms
2024-01-01 00:56:55.939 DEBUG [api] request_id=4a1ad672 Slow query detected: 238ms for id_data
2024-01-01 00:56:56.170 INFO [cache] request_id=73d0a4c7 Slow query detected: 459ms for read_node
2024-01-01 00:56:57.817 INFO [auth] request_id=ecfa7427 Processed write buffer in 26ms
2024-01-01 00:56:58.363 INFO [scheduler] request_id=a5e00785 Processed transaction debug in 4ms
2024-01-01 00:56:59.903 INFO [db] request_id=d4692f7f Failed to process open: Connection timeout after 5000ms
2024-01-01 00:57:00.929 WARN [cache] request_id=dede2686 Processed delete response in 21ms
2024-01-01 00:57:01.314 DEBUG [scheduler] request_id=74b7ab44 Failed to process client: Connection timeout after 5000ms
2024-01-01 00:57:02.483 ERROR [auth] request_id=a730f23c Processed index delete in 30ms
2024-01-01 00:57:03.104 INFO [db] request_id=cbba86b4 Slow query detected: 793ms for session_value
2024-01-01 00:57:04.602 INFO [auth] request_id=a8c8651d Processed count info in 42ms
2024-01-01 00:57:05.349 INFO [api] request_id=1408bd4d Processed debug connection in 11ms
2024-01-01 00:57:06.362 INFO [cache] request_id=26b01c28 Failed to process stack: Connection timeout after 5000ms
2024-01-01 00:57:07.649 INFO [scheduler] request_id=76a85fb1 Slow query detected: 304ms for start_response
2024-01-01 00:57:08.677 INFO [worker] request_id=0b56dafa Processed connection transaction in 7ms
2024-01-01 00:57:09.169 INFO [db] request_id=a5c59fc9 Processed node transaction in 11ms
2024-01-01 00:57:10.027 INFO [queue] request_id=4029221f Processed request buffer in 29ms
2024-01-01 00:57:11.497 ERROR [api] request_id=b102528a Failed to process error: Connection timeout after 5000ms
2024-01-01 00:57:12.001 INFO [db] request_id=f7a0965e Processed message delete in 13ms
2024-01-01 00:57:13.282 INFO [db] request_id=cc7d347f Processed connection result in 9ms
2024-01-01 00:57:14.433 DEBUG [db] request_id=aba51a2d Processed server cache in 3ms
2024-01-01 00:57:15.088 INFO [db] request_id=7aed4ab8 Processed init offset in 49ms
2024-01-01 00:57:16.432 INFO [auth] request_id=530c0cc3 Processed transaction tree in 13ms
2024-01-01 00:57:17.725 DEBUG [scheduler] request_id=5f16918a Processed data error in 35ms
2024-01-01 00:57:18.881 WARN [cache] request_id=9016d49f Processed open size in 31ms
2024-01-01 00:57:19.892 INFO [scheduler] request_id=968f889b Processed offset message in 47ms
2024-01-01 00:57:20.715 ERROR [api] request_id=e5123ac7 Processed buffer mode in 22ms
2024-01-01 00:57:21.817 INFO [db] request_id=2c416377 Processed delete data in 22ms
2024-01-01 00:57:22.213 DEBUG [cache] request_id=91be1ffc Processed connection stack in 45ms
2024-01-01 00:57:23.004 ERROR [api] request_id=b986b1a5 Failed to process value: Connection timeout after 5000ms
2024-01-01 00:57:24.247 INFO [api] request_id=14cfa817 Processed update connection in 40ms
2024-01-01 00:57:25.065 INFO [auth] request_id=61a7ae00 Processed data list in 16ms
2024-01-01 00:57:26.734 WARN [cache] request_id=60466d01 Processed config status in 19ms
2024-01-01 00:57:27.186 INFO [db] request_id=0aebd695 Processed offset info in 48ms
2024-01-01 00:57:28.100 INFO [queue] request_id=c212dd1d Processed count debug in 29ms
2024-01-01 00:57:29.899 INFO [worker] request_id=0fb7f1f9 Processed user id in 17ms
2024-01-01 00:57:30.361 ERROR [worker] request_id=4325db03 Failed to process buffer: Connection timeout after 5000ms
2024-01-01 00:57:31.833 INFO [auth] request_id=0d9b2c81 Processed key offset in 5ms
2024-01-01 00:57:32.687 WARN [db] request_id=fef13629 Processed close stop in 16ms
2024-01-01 00:57:33.030 INFO [db] request_id=f35d534f Processed error write in 12ms
2024-01-01 00:57:34.251 INFO [db] request_id=094c7728 Slow query detected: 879ms for response_tree
2024-01-01 00:57:35.222 ERROR [worker] request_id=8c3725c9 Failed to process map: Connection timeout after 5000ms
2024-01-01 00:57:36.917 INFO [db] request_id=30cbd28a Processed map stack in 29ms
2024-01-01 00:57:37.667 DEBUG [scheduler] request_id=f971ce6b Processed value delete in 46ms
2024-01-01 00:57:38.573 WARN [cache] request_id=75cb0d5f Processed count tree in 48ms
2024-01-01 00:57:39.007 DEBUG [api] request_id=7c8de4ad Failed to process node: Connection timeout after 5000ms
2024-01-01 00:57:40.900 DEBUG [db] request_id=4aa39798 Processed create request in 42ms
2024-01-01 00:57:41.081 DEBUG [db] request_id=fb7ca43e Slow query detected: 826ms for length_result
2024-01-01 00:57:42.123 INFO [auth] request_id=7cfc3461 Processed mode type in 20ms
2024-01-01 00:57:43.356 DEBUG [queue] request_id=75626d18 Processed client open in 41ms
2024-01-01 00:57:44.521 ERROR [auth] request_id=05de7cd0 Slow query detected: 111ms for config_delete
2024-01-01 00:57:45.398 INFO [queue] request_id=590dbc41 Failed to process stop: Connection timeout after 5000ms
2024-01-01 00:57:46.463 WARN [worker] request_id=c3bdfa88 Processed tree open in 15ms
2024-01-01 00:57:47.089 INFO [scheduler] request_id=2726542e Slow query detected: 481ms for value_key
2024-01-01 00:57:48.075 DEBUG [db] request_id=03d29057 Processed request error in 9ms
2024-01-01 00:57:49.443 INFO [cache] request_id=e91e301a Slow query detected: 470ms for node_mode
2024-01-01 00:57:50.157 DEBUG [db] request_id=985207a1 Processed open cache in 16ms
2024-01-01 00:57:51.258 INFO [queue] request_id=dddebe15 Failed to process length: Connection timeout after 5000ms
2024-01-01 00:57:52.972 ERROR [auth] request_id=5892744a Failed to process stack: Connection timeout after 5000ms
2024-01-01 00:57:53.880 INFO [queue] request_id=fcde1fc5 Failed to process set: Connection timeout after 5000ms
2024-01-01 00:57:54.073 INFO [queue] request_id=bc67787e Slow query detected: 418ms for type_client
2024-01-01 00:57:55.008 ERROR [db] request_id=3f6ea047 Processed stop node in 22ms
2024-01-01 00:57:56.268 INFO [scheduler] request_id=d74bc775 Slow query detected: 483ms for open_value
2024-01-01 00:57:57.657 INFO [db] request_id=b5b95765 Processed config mode in 9ms
2024-01-01 00:57:58.580 WARN [api] request_id=731ada02 Failed to process total: Connection timeout after 5000ms
2024-01-01 00:57:59.196 ERROR [worker] request_id=0076c6e9 Slow query detected: 921ms for message_request
2024-01-01 00:58:00.830 INFO [auth] request_id=748eda20 Processed session request in 11ms
2024-01-01 00:58:01.645 INFO [queue] request_id=56c1583d Processed read close in 2ms
2024-01-01 00:58:02.201 INFO [auth] request_id=8e3dca7c Processed action key in 4ms
2024-01-01 00:58:03.895 ERROR [queue] request_id=721b6fb6 Processed value queue in 20ms
2024-01-01 00:58:04.522 INFO [api] request_id=abbcc690 Failed to process node: Connection timeout after 5000ms
2024-01-01 00:58:05.359 INFO [cache] request_id=348badc0 Processed set response in 7ms
2024-01-01 00:58:06.033 WARN [auth] request_id=826cb206 Processed user open in 42ms
2024-01-01 00:58:07.483 ERROR [worker] request_id=bb8a8dff Processed write data in 24ms
2024-01-01 00:58:08.613 WARN [db] request_id=7a0bb6c7 Processed client delete in 49ms
2024-01-01 00:58:09.314 INFO [cache] request_id=72b15630 Failed to process map: Connection timeout after 5000ms
2024-01-01 00:58:10.193 WARN [scheduler] request_id=92682c51 Processed list open in 25ms
2024-01-01 00:58:11.993 DEBUG [worker] request_id=ac527ba0 Failed to process status: Connection timeout after 5000ms
2024-01-01 00:58:12.123 WARN [worker] request_id=c5cb2ffa Slow query detected: 885ms for debug_user
2024-01-01 00:58:13.236 WARN [cache] request_id=032441e6 Slow query detected: 293ms for tree_delete
2024-01-01 00:58:14.659 ERROR [cache] request_id=4ccd1068 Failed to process user: Connection timeout after 5000ms
2024-01-01 00:58:15.311 INFO [queue] request_id=c482a0c0 Processed name action in 34ms
2024-01-01 00:58:16.768 INFO [queue] request_id=818ca9d3 Processed node key in 31ms
2024-01-01 00:58:17.872 DEBUG [cache] request_id=054ad93c Processed count server in 21ms
2024-01-01 00:58:18.444 INFO [cache] request_id=fdcb1def Processed action offset in 17ms
2024-01-01 00:58:19.361 INFO [queue] request_id=4c53c529 Processed queue stack in 16ms
2024-01-01 00:58:20.688 INFO [api] request_id=805cddab Failed to process write: Connection timeout after 5000ms
2024-01-01 00:58:21.166 INFO [queue] request_id=5c32e56e Processed open user in 21ms
2024-01-01 00:58:22.687 WARN [scheduler] request_id=25f57e1e Processed error result in 3ms
2024-01-01 00:58:23.827 INFO [scheduler] request_id=202b9fa5 Slow query detected: 744ms for debug_count
2024-01-01 00:58:24.067 DEBUG [cache] request_id=8e63d874 Processed index update in 41ms
2024-01-01 00:58:25.885 ERROR [queue] request_id=75751409 Slow query detected: 246ms for mode_value
2024-01-01 00:58:26.138 DEBUG [db] request_id=42bbd99f Failed to process session: Connection timeout after 5000ms
2024-01-01 00:58:27.369 INFO [api] request_id=a59908dd Failed to process count: Connection timeout after 5000ms
2024-01-01 00:58:28.145 INFO [scheduler] request_id=d20a8948 Slow query detected: 561ms for create_response
2024-01-01 00:58:29.962 WARN [cache] request_id=c7e65aa0 Processed result buffer in 24ms
2024-01-01 00:58:30.222 INFO [auth] request_id=965bcf21 Processed request session in 43ms
2024-01-01 00:58:31.783 DEBUG [api] request_id=a933b3bd Processed stop trace in 27ms
2024-01-01 00:58:32.070 INFO [scheduler] request_id=d7040f0e Processed server query in 34ms
2024-01-01 00:58:33.517 WARN [queue] request_id=e7fa79af Processed status write in 20ms
2024-01-01 00:58:34.367 INFO [worker] request_id=a525b775 Slow query detected: 785ms for transaction_status
2024-01-01 00:58:35.200 INFO [api] request_id=05c702ce Processed info key in 8ms
2024-01-01 00:58:36.782 DEBUG [auth] request_id=2f5b990f Processed mode write in 38ms
2024-01-01 00:58:37.488 INFO [scheduler] request_id=7b77076a Failed to process debug: Connection timeout after 5000ms
2024-01-01 00:58:38.946 INFO [cache] request_id=4dd76e7f Processed data session in 29ms
2024-01-01 00:58:39.507 INFO [api] request_id=4e528013 Processed index write in 47ms
2024-01-01 00:58:40.031 INFO [worker] request_id=5574284b Failed to process debug: Connection timeout after 5000ms
2024-01-01 00:58:41.829 DEBUG [scheduler] request_id=342105c8 Failed to process queue: Connection timeout after 5000ms
2024-01-01 00:58:42.720 INFO [auth] request_id=d8c6e3ff Processed node update in 25ms
2024-01-01 00:58:43.410 INFO [queue] request_id=6d117c63 Slow query detected: 553ms for mode_count
2024-01-01 00:58:44.749 WARN [auth] request_id=4f1b278a Processed server offset in 46ms
2024-01-01 00:58:45.316 INFO [cache] request_id=2fc5e82e Slow query detected: 951ms for trace_warning
2024-01-01 00:58:46.770 INFO [db] request_id=2a3e0e91 Processed list user in 5ms
2024-01-01 00:58:47.782 DEBUG [scheduler] request_id=89978c0d Processed node node in 5ms
2024-01-01 00:58:48.844 INFO [scheduler] request_id=e2965832 Processed count data in 4ms
2024-01-01 00:58:49.489 INFO [db] request_id=9eedb0fe Processed create client in 5ms
2024-01-01 00:58:50.944 ERROR [worker] request_id=d1433e3d Processed size type in 37ms
2024-01-01 00:58:51.387 INFO [api] request_id=a4d5affe Slow query detected: 874ms for count_data
2024-01-01 00:58:52.457 INFO [worker] request_id=09fa5425 Failed to process start: Connection timeout after 5000ms
2024-01-01 00:58:53.601 WARN [worker] request_id=b6aa1006 Slow query detected: 944ms for error_trace
2024-01-01 00:58:54.342 DEBUG [auth] request_id=a1c9e0af Processed server value in 42ms
2024-01-01 00:58:55.824 ERROR [queue] request_id=2903cb34 Slow query detected: 787ms for write_transaction
2024-01-01 00:58:56.097 INFO [auth] request_id=f3b79752 Failed to process status: Connection timeout after 5000ms
2024-01-01 00:58:57.637 WARN [worker] request_id=3e19d332 Failed to process start: Connection timeout after 5000ms
2024-01-01 00:58:58.137 WARN [scheduler] request_id=a39add90 Failed to process session: Connection timeout after 5000ms
2024-01-01 00:58:59.068 ERROR [cache] request_id=ddf73776 Processed buffer config in 39ms
2024-01-01 00:59:00.029 INFO [auth] request_id=cb8c651c Slow query detected: 885ms for connection_create
2024-01-01 00:59:01.317 ERROR [cache] request_id=f4affd91 Processed offset buffer in 40ms
2024-01-01 00:59:02.793 INFO [api] request_id=ed0db0ea Processed buffer set in 14ms
2024-01-01 00:59:03.536 INFO [auth] request_id=ac922f83 Processed mode write in 10ms
2024-01-01 00:59:04.639 WARN [worker] request_id=4e18361c Processed error query in 43ms
2024-01-01 00:59:05.126 DEBUG [scheduler] request_id=47fe1211 Processed request type in 42ms
2024-01-01 00:59:06.755 DEBUG [api] request_id=7ba83569 Slow query detected: 733ms for length_value
2024-01-01 00:59:07.660 INFO [worker] request_id=485ea8cd Processed stack error in 50ms
2024-01-01 00:59:08.004 ERROR [cache] request_id=5e01c353 Processed open tree in 44ms
2024-01-01 00:59:09.914 ERROR [auth] request_id=f0fc5c61 Failed to process create: Connection timeout after 5000ms
2024-01-01 00:59:10.969 DEBUG [scheduler] request_id=9caf37e8 Slow query detected: 419ms for trace_set
2024-01-01 00:59:11.606 ERROR [auth] request_id=90972bbf Processed close name in 14ms
2024-01-01 00:59:12.945 INFO [db] request_id=0565e317 Processed cache delete in 17ms
2024-01-01 00:59:13.404 ERROR [scheduler] request_id=15238398 Processed stack transaction in 29ms
2024-01-01 00:59:14.287 INFO [scheduler] request_id=97cb7be2 Processed queue write in 24ms
2024-01-01 00:59:15.801 INFO [cache] request_id=2db85207 Processed message transaction in 16ms
2024-01-01 00:59:16.636 WARN [cache] request_id=ed20d261 Slow query detected: 384ms for value_update
2024-01-01 00:59:17.313 WARN [worker] request_id=c03568e5 Processed stop data in 15ms
2024-01-01 00:59:18.500 INFO [worker] request_id=e2619e96 Processed key close in 25ms
2024-01-01 00:59:19.931 ERROR [cache] request_id=04adc43d Processed index update in 22ms
2024-01-01 00:59:20.124 WARN [queue] request_id=bdcf781c Processed query transaction in 17ms
2024-01-01 00:59:21.198 DEBUG [queue] request_id=d7682070 Processed start start in 10ms
2024-01-01 00:59:22.774 DEBUG [queue] request_id=f88fb7d6 Processed warning key in 40ms
2024-01-01 00:59:23.960 INFO [scheduler] request_id=ca893c50 Processed list result in 32ms
2024-01-01 00:59:24.862 INFO [db] request_id=456a7c15 Slow query detected: 941ms for offset_start
2024-01-01 00:59:25.025 WARN [cache] request_id=0c3a1c86 Failed to process session: Connection timeout after 5000ms
2024-01-01 00:59:26.072 WARN [api] request_id=090307f4 Processed map request in 47ms
2024-01-01 00:59:27.087 DEBUG [db] request_id=2da35ef9 Processed action client in 34ms
2024-01-01 00:59:28.127 ERROR [auth] request_id=64bc7563 Slow query detected: 354ms for size_node
2024-01-01 00:59:29.872 DEBUG [db] request_id=caf53c40 Processed connection warning in 8ms
2024-01-01 00:59:30.400 WARN [api] request_id=74bb5592 Processed length id in 15ms
2024-01-01 00:59:31.493 DEBUG [auth] request_id=d810d3a6 Processed start buffer in 40ms
2024-01-01 00:59:32.052 INFO [auth] request_id=969d6155 Processed info total in 45ms
2024-01-01 00:59:33.540 INFO [worker] request_id=4dfd8c3c Processed key node in 17ms
2024-01-01 00:59:34.770 INFO [auth] request_id=b24becd3 Slow query detected: 125ms for index_delete
2024-01-01 00:59:35.927 INFO [cache] request_id=4568f3fa Failed to process buffer: Connection timeout after 5000ms
2024-01-01 00:59:36.864 INFO [worker] request_id=02a24670 Processed debug config in 10ms
2024-01-01 00:59:37.166 INFO [db] request_id=7d6ffd72 Failed to process tree: Connection timeout after 5000ms
2024-01-01 00:59:38.593 INFO [scheduler] request_id=66bfdbec Processed mode server in 5ms
2024-01-01 00:59:39.477 ERROR [api] request_id=35a066e2 Slow query detected: 211ms for result_error
2024-01-01 00:59:40.644 INFO [worker] request_id=e9128cdc Slow query detected: 324ms for length_trace
2024-01-01 00:59:41.828 INFO [api] request_id=58e510d3 Processed request offset in 24ms
2024-01-01 00:59:42.788 INFO [worker] request_id=83756740 Slow query detected: 414ms for stack_debug
2024-01-01 00:59:43.771 INFO [cache] request_id=0b00b228 Processed info read in 14ms
2024-01-01 00:59:44.503 INFO [db] request_id=0c4b8741 Processed error server in 15ms
2024-01-01 00:59:45.084 INFO [queue] request_id=5fbd825c Failed to process cache: Connection timeout after 5000ms
2024-01-01 00:59:46.326 DEBUG [scheduler] request_id=f0f23bad Slow query detected: 612ms for request_type
2024-01-01 00:59:47.459 INFO [worker] request_id=da9d5151 Processed offset connection in 18ms
2024-01-01 00:59:48.431 INFO [cache] request_id=257c2b41 Processed server info in 27ms
2024-01-01 00:59:49.517 INFO [queue] request_id=6619d0e7 Processed status session in 30ms
2024-01-01 00:59:50.960 INFO [api] request_id=3cd1e6cb Processed read start in 10ms
2024-01-01 00:59:51.545 INFO [scheduler] request_id=7f689a23 Processed trace trace in 2ms
2024-01-01 00:59:52.260 INFO [db] request_id=7064b406 Processed init delete in 1ms
2024-01-01 00:59:53.090 INFO [db] request_id=70663265 Processed tree client in 30ms
2024-01-01 00:59:54.181 INFO [scheduler] request_id=edb62ec2 Processed connection update in 48ms
2024-01-01 00:59:55.840 DEBUG [worker] request_id=16a9580d Processed write config in 25ms
2024-01-01 00:59:56.606 INFO [cache] request_id=cc3a799a Processed error cache in 44ms
2024-01-01 00:59:57.929 DEBUG [db] request_id=dc8e80fa Failed to process map: Connection timeout after 5000ms
2024-01-01 00:59:58.702 DEBUG [db] request_id=cce01c54 Failed to process user: Connection timeout after 5000ms
2024-01-01 00:59:59.073 DEBUG [worker] request_id=ca966bba Processed key count in 8ms
2024-01-01 01:00:00.634 INFO [worker] request_id=250fce59 Slow query detected: 506ms for list_info
2024-01-01 01:00:01.762 DEBUG [cache] request_id=7bb26e8a Processed config type in 26ms
2024-01-01 01:00:02.873 INFO [db] request_id=b6216d84 Slow query detected: 654ms for create_update
2024-01-01 01:00:03.503 INFO [worker] request_id=26e8ddc8 Processed request debug in 17ms
2024-01-01 01:00:04.219 INFO [cache] request_id=939066a3 Slow query detected: 199ms for type_list
2024-01-01 01:00:05.042 DEBUG [db] request_id=3b53f29a Processed offset map in 46ms
2024-01-01 01:00:06.120 INFO [api] request_id=79c12398 Processed error info in 47ms
2024-01-01 01:00:07.642 WARN [api] request_id=6caaf008 Processed mode session in 17ms
2024-01-01 01:00:08.608 INFO [api] request_id=61d1a311 Processed total stack in 21ms
2024-01-01 01:00:09.291 INFO [api] request_id=f845186e Processed stack session in 38ms
2024-01-01 01:00:10.080 INFO [api] request_id=c537cebe Processed session user in 42ms
2024-01-01 01:00:11.579 WARN [scheduler] request_id=484354e7 Slow query detected: 967ms for key_debug
2024-01-01 01:00:12.297 ERROR [db] request_id=393a04a3 Processed config server in 14ms
2024-01-01 01:00:13.115 DEBUG [api] request_id=35f33e32 Slow query detected: 467ms for result_index
2024-01-01 01:00:14.513 INFO [api] request_id=72b03a35 Processed create tree in 21ms
2024-01-01 01:00:15.306 INFO [scheduler] request_id=6333a7e1 Processed info init in 39ms
2024-01-01 01:00:16.330 DEBUG [db] request_id=29196b74 Slow query detected: 264ms for trace_delete
2024-01-01 01:00:17.662 INFO [api] request_id=46fbcc9f Failed to process response: Connection timeout after 5000ms
2024-01-01 01:00:18.507 WARN [api] request_id=0d9a3197 Processed update status in 10ms
2024-01-01 01:00:19.954 INFO [queue] request_id=fa5a5f5c Processed stack stack in 30ms
2024-01-01 01:00:20.073 INFO [worker] request_id=e2aa0a78 Failed to process length: Connection timeout after 5000ms
2024-01-01 01:00:21.804 DEBUG [worker] request_id=2a232704 Slow query detected: 392ms for index_user
2024-01-01 01:00:22.886 INFO [db] request_id=fed9bd6d Failed to process result: Connection timeout after 5000ms
2024-01-01 01:00:23.642 INFO [queue] request_id=e0b657bc Slow query detected: 830ms for warning_init
2024-01-01 01:00:24.223 INFO [worker] request_id=02c32b41 Slow query detected: 339ms for type_query
2024-01-01 01:00:25.889 WARN [worker] request_id=d76e799f Slow query detected: 573ms for session_list
2024-01-01 01:00:26.854 WARN [queue] request_id=eef11c2b Processed action total in 27ms
2024-01-01 01:00:27.054 ERROR [queue] request_id=262c1381 Slow query detected: 312ms for config_update
2024-01-01 01:00:28.819 ERROR [queue] request_id=f7dbfbed Processed error name in 44ms
2024-01-01 01:00:29.019 INFO [cache] request_id=541b8aa2 Processed offset user in 43ms
2024-01-01 01:00:30.736 DEBUG [cache] request_id=67c2ffcb Processed user stack in 13ms
2024-01-01 01:00:31.321 DEBUG [worker] request_id=fd2d5f05 Processed index user in 39ms
2024-01-01 01:00:32.411 INFO [auth] request_id=3d4b6687 Slow query detected: 853ms for status_list
2024-01-01 01:00:33.599 DEBUG [api] request_id=3e46d48a Processed connection user in 41ms
2024-01-01 01:00:34.396 INFO [db] request_id=7f279751 Processed tree close in 50ms
2024-01-01 01:00:35.352 WARN [worker] request_id=85bc7724 Failed to process user: Connection timeout after 5000ms
2024-01-01 01:00:36.931 INFO [queue] request_id=e7015904 Processed size create in 7ms
2024-01-01 01:00:37.108 ERROR [scheduler] request_id=4c0916c5 Processed start warning in 50ms
2024-01-01 01:00:38.793 INFO [worker] request_id=f8ccaa72 Failed to process warning: Connection timeout after 5000ms
2024-01-01 01:00:39.986 INFO [api] request_id=7f62d855 Failed to process query: Connection timeout after 5000ms
2024-01-01 01:00:40.692 INFO [scheduler] request_id=e30c2a79 Failed to process map: Connection timeout after 5000ms
2024-01-01 01:00:41.173 WARN [queue] request_id=d4f65d33 Processed node connection in 32ms
2024-01-01 01:00:42.725 INFO [db] request_id=ae885381 Failed to process name: Connection timeout after 5000ms
2024-01-01 01:00:43.505 INFO [auth] request_id=62a43862 Processed set read in 19ms
2024-01-01 01:00:44.003 INFO [scheduler] request_id=53057c28 Processed create data in 6ms
2024-01-01 01:00:45.547 WARN [worker] request_id=bfb3343d Slow query detected: 789ms for read_error
2024-01-01 01:00:46.799 ERROR [api] request_id=99c15ef0 Processed read update in 25ms
2024-01-01 01:00:47.985 INFO [queue] request_id=53a8be95 Processed id open in 27ms
2024-01-01 01:00:48.882 DEBUG [auth] request_id=a21819a7 Processed key error in 19ms
2024-01-01 01:00:49.371 ERROR [scheduler] request_id=ee896051 Processed client delete in 4ms
2024-01-01 01:00:50.099 DEBUG [api] request_id=22941068 Processed request set in 15ms
2024-01-01 01:00:51.007 DEBUG [queue] request_id=63cdf0b8 Failed to process mode: Connection timeout after 5000ms
2024-01-01 01:00:52.886 ERROR [worker] request_id=16416518 Processed debug update in 12ms
2024-01-01 01:00:53.160 INFO [worker] request_id=4680886f Failed to process index: Connection timeout after 5000ms
2024-01-01 01:00:54.246 INFO [scheduler] request_id=1e12f03a Processed message user in 17ms
2024-01-01 01:00:55.850 WARN [db] request_id=21e674b6 Processed queue query in 30ms
2024-01-01 01:00:56.926 INFO [cache] request_id=428d7cbf Failed to process start: Connection timeout after 5000ms
2024-01-01 01:00:57.513 ERROR [cache] request_id=0f185655 Processed delete debug in 26ms
2024-01-01 01:00:58.401 ERROR [api] request_id=02387642 Processed name start in 4ms
2024-01-01 01:00:59.082 INFO [auth] request_id=7de8b366 Processed index server in 3ms
2024-01-01 01:01:00.867 INFO [queue] request_id=61e9fade Processed warning total in 5ms
2024-01-01 01:01:01.778 DEBUG [api] request_id=e1d15a58 Failed to process type: Connection timeout after 5000ms
2024-01-01 01:01:02.109 WARN [db] request_id=1dbb2c5b Failed to process stack: Connection timeout after 5000ms
2024-01-01 01:01:03.901 INFO [cache] request_id=da8efabb Processed cache server in 33ms
2024-01-01 01:01:04.459 ERROR [cache] request_id=7761c844 Processed key write in 17ms
2024-01-01 01:01:05.773 WARN [worker] request_id=3fe48503 Processed queue create in 7ms
2024-01-01 01:01:06.330 ERROR [queue] request_id=d62e3331 Processed status list in 41ms
2024-01-01 01:01:07.346 INFO [queue] request_id=2b56af50 Processed stop request in 50ms
2024-01-01 01:01:08.979 INFO [api] request_id=d9b4803a Processed action length in 33ms
2024-01-01 01:01:09.747 INFO [auth] request_id=24251ca2 Processed value data in 3ms
2024-01-01 01:01:10.383 INFO [queue] request_id=0251c916 Slow query detected: 101ms for start_data
2024-01-01 01:01:11.372 INFO [scheduler] request_id=c298806d Processed size list in 14ms
2024-01-01 01:01:12.320 INFO [db] request_id=8a676ecd Processed close message in 41ms
2024-01-01 01:01:13.336 INFO [auth] request_id=4af96fb7 Processed size connection in 50ms
2024-01-01 01:01:14.618 INFO [cache] request_id=6e3248ab Failed to process queue: Connection timeout after 5000ms
2024-01-01 01:01:15.867 INFO [scheduler] request_id=eb192606 Processed session debug in 26ms
2024-01-01 01:01:16.359 INFO [queue] request_id=d0881264 Slow query detected: 805ms for trace_session
2024-01-01 01:01:17.452 ERROR [db] request_id=f7bc76a5 Failed to process message: Connection timeout after 5000ms
2024-01-01 01:01:18.119 WARN [queue] request_id=d37341b1 Processed update connection in 43ms
2024-01-01 01:01:19.957 INFO [auth] request_id=3ee51b34 Processed type type in 7ms
2024-01-01 01:01:20.834 DEBUG [scheduler] request_id=ea6e8e58 Processed create name in 12ms
2024-01-01 01:01:21.725 INFO [auth] request_id=40719dfe Processed transaction buffer in 47ms
2024-01-01 01:01:22.514 WARN [scheduler] request_id=68bf32e4 Processed init map in 12ms
2024-01-01 01:01:23.531 DEBUG [db] request_id=7b088762 Processed mode error in 19ms
2024-01-01 01:01:24.468 WARN [cache] request_id=473a4c68 Processed key request in 45ms
2024-01-01 01:01:25.038 WARN [db] request_id=a94a25af Failed to process update: Connection timeout after 5000ms
2024-01-01 01:01:26.014 ERROR [auth] request_id=9db22205 Processed map client in 9ms
2024-01-01 01:01:27.212 ERROR [auth] request_id=cfeb1fac Processed user user in 32ms
2024-01-01 01:01:28.157 WARN [queue] request_id=8eb221ed Processed size query in 5ms
2024-01-01 01:01:29.623 INFO [worker] request_id=122f8386 Processed status size in 26ms
2024-01-01 01:01:30.411 DEBUG [db] request_id=ba26cc87 Failed to process type: Connection timeout after 5000ms
2024-01-01 01:01:31.373 INFO [worker] request_id=0bdf5211 Failed to process query: Connection timeout after 5000ms
2024-01-01 01:01:32.497 DEBUG [cache] request_id=2c89c708 Processed node index in 31ms
2024-01-01 01:01:33.106 INFO [worker] request_id=cfc5d5eb Processed error transaction in 1ms
2024-01-01 01:01:34.863 INFO [cache] request_id=8e90ea90 Processed read config in 3ms
2024-01-01 01:01:35.634 INFO [scheduler] request_id=dfd1c713 Processed read start in 19ms
2024-01-01 01:01:36.686 INFO [scheduler] request_id=7f968b42 Failed to process client: Connection timeout after 5000ms
2024-01-01 01:01:37.069 INFO [queue] request_id=0ce20dd5 Processed start stack in 13ms
2024-01-01 01:01:38.961 INFO [queue] request_id=fe75492f Processed debug start in 26ms
2024-01-01 01:01:39.042 INFO [db] request_id=8fe6205d Processed total length in 23ms
2024-01-01 01:01:40.780 DEBUG [queue] request_id=8e8d7faf Slow query detected: 338ms for config_read
2024-01-01 01:01:41.831 INFO [scheduler] request_id=6de6ec06 Processed server transaction in 5ms
2024-01-01 01:01:42.544 DEBUG [db] request_id=b99973bd Processed length index in 11ms
2024-01-01 01:01:43.122 ERROR [scheduler] request_id=f60a0db8 Processed error key in 25ms
2024-01-01 01:01:44.069 INFO [cache] request_id=a25a5071 Slow query detected: 615ms for queue_id
2024-01-01 01:01:45.608 ERROR [auth] request_id=bc3a896d Processed trace name in 21ms
2024-01-01 01:01:46.573 INFO [worker] request_id=2a6601da Processed action key in 24ms
2024-01-01 01:01:47.415 WARN [db] request_id=4cbcf36c Processed mode init in 3ms
2024-01-01 01:01:48.271 ERROR [cache] request_id=88e5ba21 Processed tree close in 24ms
2024-01-01 01:01:49.967 DEBUG [cache] request_id=501e318d Processed trace init in 45ms
2024-01-01 01:01:50.188 INFO [cache] request_id=b98f1726 Slow query detected: 100ms for mode_queue
2024-01-01 01:01:51.092 INFO [worker] request_id=25e9257d Processed create stop in 27ms
2024-01-01 01:01:52.031 INFO [api] request_id=a8bba862 Processed total value in 47ms
2024-01-01 01:01:53.195 WARN [api] request_id=787d43ec Slow query detected: 698ms for create_name
2024-01-01 01:01:54.082 INFO [scheduler] request_id=d3943dc6 Processed index warning in 4ms
2024-01-01 01:01:55.936 INFO [worker] request_id=d59384a5 Slow query detected: 829ms for index_client
2024-01-01 01:01:56.298 INFO [api] request_id=861b52f2 Failed to process action: Connection timeout after 5000ms
2024-01-01 01:01:57.532 DEBUG [scheduler] request_id=cb748bec Failed to process session: Connection timeout after 5000ms
2024-01-01 01:01:58.823 INFO [auth] request_id=6fee0b53 Failed to process stop: Connection timeout after 5000ms
2024-01-01 01:01:59.070 INFO [api] request_id=c20e3ea4 Slow query detected: 493ms for name_key
2024-01-01 01:02:00.564 INFO [queue] request_id=cb2c396c Processed set update in 26ms
2024-01-01 01:02:01.082 DEBUG [scheduler] request_id=237ed4d6 Failed to process list: Connection timeout after 5000ms
2024-01-01 01:02:02.520 ERROR [db] request_id=94e6d55c Processed update total in 39ms
2024-01-01 01:02:03.583 INFO [cache] request_id=4c2a5e98 Processed update total in 25ms
2024-01-01 01:02:04.833 DEBUG [worker] request_id=b1887b05 Processed transaction user in 17ms
2024-01-01 01:02:05.608 DEBUG [scheduler] request_id=f281e7f2 Processed server session in 23ms
2024-01-01 01:02:06.656 DEBUG [api] request_id=86084d51 Processed config message in 39ms
2024-01-01 01:02:07.297 INFO [api] request_id=c8a5557f Slow query detected: 938ms for map_result
2024-01-01 01:02:08.104 INFO [cache] request_id=08f227ef Failed to process transaction: Connection timeout after 5000ms
2024-01-01 01:02:09.508 WARN [worker] request_id=0bf35218 Processed write error in 35ms
2024-01-01 01:02:10.161 INFO [db] request_id=5fde10ba Processed create action in 11ms
2024-01-01 01:02:11.120 DEBUG [api] request_id=72247786 Processed debug key in 21ms
2024-01-01 01:02:12.295 INFO [queue] request_id=d0b4ec4e Processed index client in 26ms
2024-01-01 01:02:13.521 INFO [queue] request_id=4528dee4 Slow query detected: 447ms for client_map
2024-01-01 01:02:14.253 WARN [scheduler] request_id=a367fd39 Processed set user in 40ms
2024-01-01 01:02:15.804 INFO [cache] request_id=db30dab0 Slow query detected: 575ms for stop_query
2024-01-01 01:02:16.616 INFO [worker] request_id=3c9cac7a Processed debug connection in 41ms
2024-01-01 01:02:17.344 ERROR [scheduler] request_id=19ebcbe3 Processed user count in 5ms
2024-01-01 01:02:18.869 ERROR [auth] request_id=06eb9f9e Processed init map in 24ms
2024-01-01 01:02:19.359 INFO [scheduler] request_id=f9e141bc Processed list open in 21ms
2024-01-01 01:02:20.348 WARN [db] request_id=d4723f64 Failed to process map: Connection timeout after 5000ms
2024-01-01 01:02:21.974 DEBUG [api] request_id=2c1e53ed Processed write status in 49ms
2024-01-01 01:02:22.207 INFO [api] request_id=7b76ae35 Processed query warning in 37ms
2024-01-01 01:02:23.035 WARN [queue] request_id=fdf02255 Processed query write in 3ms
2024-01-01 01:02:24.705 INFO [api] request_id=40cc3f56 Processed info create in 48ms
2024-01-01 01:02:25.935 INFO [cache] request_id=818c70ec Processed list update in 2ms
2024-01-01 01:02:26.626 INFO [auth] request_id=eabd2fcf Failed to process update: Connection timeout after 5000ms
2024-01-01 01:02:27.055 DEBUG [worker] request_id=1fef1af8 Processed id write in 5ms
2024-01-01 01:02:28.630 INFO [queue] request_id=36188e9a Processed mode response in 37ms
2024-01-01 01:02:29.535 WARN [scheduler] request_id=5611089d Slow query detected: 939ms for set_transaction
2024-01-01 01:02:30.098 INFO [db] request_id=367dea6e Failed to process buffer: Connection timeout after 5000ms
2024-01-01 01:02:31.976 ERROR [scheduler] request_id=10c33d93 Failed to process type: Connection timeout after 5000ms
2024-01-01 01:02:32.589 DEBUG [db] request_id=932599ad Slow query detected: 648ms for config_transaction
2024-01-01 01:02:33.787 INFO [db] request_id=0ea45a16 Processed client init in 4ms
2024-01-01 01:02:34.131 ERROR [queue] request_id=fe501acb Processed key tree in 23ms
2024-01-01 01:02:35.637 DEBUG [db] request_id=ca2eedb9 Failed to process warning: Connection timeout after 5000ms
2024-01-01 01:02:36.566 DEBUG [cache] request_id=1ae71c47 Processed connection list in 41ms
2024-01-01 01:02:37.190 DEBUG [worker] request_id=20a517bc Processed buffer open in 24ms
2024-01-01 01:02:38.734 ERROR [db] request_id=3f73421c Processed count create in 43ms
2024-01-01 01:02:39.232 INFO [auth] request_id=c5ba5a74 Processed read transaction in 36ms
2024-01-01 01:02:40.896 ERROR [scheduler] request_id=f0c93c61 Slow query detected: 837ms for create_value
2024-01-01 01:02:41.191 INFO [cache] request_id=5fad891a Processed connection list in 38ms
2024-01-01 01:02:42.926 DEBUG [queue] request_id=ebbf7145 Slow query detected: 622ms for read_action
2024-01-01 01:02:43.958 DEBUG [api] request_id=a49151a3 Processed action total in 28ms
2024-01-01 01:02:44.191 WARN [api] request_id=2d5ca9b1 Processed id info in 44ms
2024-01-01 01:02:45.845 DEBUG [worker] request_id=453ee290 Processed name server in 1ms
2024-01-01 01:02:46.420 INFO [api] request_id=244f863d Processed open mode in 9ms
2024-01-01 01:02:47.849 INFO [api] request_id=cae4f1ed Failed to process name: Connection timeout after 5000ms
2024-01-01 01:02:48.103 WARN [cache] request_id=e69d76a6 Failed to process update: Connection timeout after 5000ms
2024-01-01 01:02:49.144 INFO [db] request_id=d2d1b628 Slow query detected: 134ms for length_offset
2024-01-01 01:02:50.807 DEBUG [auth] request_id=fa26742a Processed debug buffer in 12ms
2024-01-01 01:02:51.236 DEBUG [queue] request_id=bd519a18 Processed cache client in 28ms
2024-01-01 01:02:52.057 INFO [scheduler] request_id=b0b8e4ac Processed name delete in 23ms
2024-01-01 01:02:53.584 DEBUG [api] request_id=fcdbd652 Slow query detected: 750ms for value_offset
2024-01-01 01:02:54.378 DEBUG [cache] request_id=3e10de57 Processed count map in 39ms
2024-01-01 01:02:55.779 INFO [auth] request_id=04b88b75 Failed to process map: Connection timeout after 5000ms
2024-01-01 01:02:56.469 INFO [scheduler] request_id=b3af44d6 Processed name type in 30ms
2024-01-01 01:02:57.581 INFO [cache] request_id=b73d7a33 Slow query detected: 914ms for data_init
2024-01-01 01:02:58.886 DEBUG [db] request_id=3687e46b Processed connection create in 47ms
2024-01-01 01:02:59.678 INFO [db] request_id=b65b7aa2 Processed trace cache in 42ms
2024-01-01 01:03:00.225 INFO [db] request_id=cc26365f Processed index list in 37ms
2024-01-01 01:03:01.934 WARN [cache] request_id=f92520f1 Slow query detected: 311ms for offset_read
2024-01-01 01:03:02.825 INFO [worker] request_id=78fab256 Processed user stack in 26ms
2024-01-01 01:03:03.129 INFO [cache] request_id=c50f5289 Slow query detected: 305ms for result_index
2024-01-01 01:03:04.520 WARN [cache] request_id=1f8d35c1 Processed read write in 31ms
2024-01-01 01:03:05.702 WARN [worker] request_id=56fd4e59 Failed to process node: Connection timeout after 5000ms
2024-01-01 01:03:06.899 INFO [api] request_id=06061416 Slow query detected: 824ms for start_user
2024-01-01 01:03:07.199 INFO [queue] request_id=beabc456 Processed set error in 37ms
2024-01-01 01:03:08.777 INFO [queue] request_id=715fabc4 Processed message open in 8ms
2024-01-01 01:03:09.426 INFO [scheduler] request_id=4ea0fa89 Failed to process mode: Connection timeout after 5000ms
2024-01-01 01:03:10.148 WARN [cache] request_id=a2307a88 Processed read key in 35ms
2024-01-01 01:03:11.591 INFO [auth] request_id=b6c1d8a4 Processed action error in 10ms
2024-01-01 01:03:12.487 INFO [queue] request_id=b3295c3f Processed name info in 9ms
2024-01-01 01:03:13.034 DEBUG [worker] request_id=4e9f94df Processed length value in 36ms
2024-01-01 01:03:14.967 INFO [db] request_id=adcf146c Processed tree set in 31ms
2024-01-01 01:03:15.482 INFO [queue] request_id=c36fb4e0 Processed size length in 9ms
2024-01-01 01:03:16.783 INFO [api] request_id=70187fe7 Processed node user in 18ms
2024-01-01 01:03:17.418 INFO [scheduler] request_id=5bc5bc70 Slow query detected: 252ms for count_open
2024-01-01 01:03:18.547 INFO [auth] request_id=a9b32c58 Processed close cache in 21ms
2024-01-01 01:03:19.543 WARN [scheduler] request_id=f81f562e Processed list list in 18ms
2024-01-01 01:03:20.461 ERROR [worker] request_id=94ef548c Processed data result in 43ms
2024-01-01 01:03:21.298 WARN [cache] request_id=a94b28d3 Processed update create in 18ms
2024-01-01 01:03:22.516 INFO [db] request_id=08aa6490 Processed tree message in 22ms
2024-01-01 01:03:23.291 ERROR [cache] request_id=00bfe79c Processed list stack in 29ms
2024-01-01 01:03:24.010 DEBUG [queue] request_id=3f6a74d2 Slow query detected: 305ms for warning_index
2024-01-01 01:03:25.118 DEBUG [queue] request_id=51f0ee80 Processed count request in 46ms
2024-01-01 01:03:26.104 INFO [auth] request_id=6f2ccec9 Processed status buffer in 32ms
2024-01-01 01:03:27.985 INFO [db] request_id=af9ed6fa Failed to process update: Connection timeout after 5000ms
2024-01-01 01:03:28.713 ERROR [queue] request_id=920d76b4 Processed start data in 35ms
2024-01-01 01:03:29.853 WARN [queue] request_id=b82ef3fd Slow query detected: 367ms for count_stack
2024-01-01 01:03:30.379 ERROR [worker] request_id=f3cf547c Processed map user in 8ms
2024-01-01 01:03:31.977 INFO [db] request_id=c5c6ccd4 Processed result status in 3ms
2024-01-01 01:03:32.804 WARN [db] request_id=3a8fe56b Processed info write in 39ms
2024-01-01 01:03:33.390 INFO [scheduler] request_id=f55be347 Failed to process set: Connection timeout after 5000ms
2024-01-01 01:03:34.204 ERROR [scheduler] request_id=bd625783 Processed map init in 45ms
2024-01-01 01:03:35.794 INFO [worker] request_id=26f832db Slow query detected: 561ms for start_stack
2024-01-01 01:03:36.502 INFO [cache] request_id=6baf547a Processed buffer status in 3ms
2024-01-01 01:03:37.053 WARN [worker] request_id=3f303e36 Processed client action in 16ms
2024-01-01 01:03:38.755 INFO [queue] request_id=d56ca59a Processed info update in 49ms
2024-01-01 01:03:39.543 ERROR [queue] request_id=1055bac0 Failed to process offset: Connection timeout after 5000ms
2024-01-01 01:03:40.632 INFO [worker] request_id=9f33c3e2 Processed total error in 3ms
2024-01-01 01:03:41.066 DEBUG [api] request_id=ecce5075 Processed connection map in 27ms
2024-01-01 01:03:42.636 INFO [cache] request_id=0f646e25 Failed to process user: Connection timeout after 5000ms
2024-01-01 01:03:43.289 INFO [auth] request_id=2a60d5b8 Processed cache connection in 36ms
2024-01-01 01:03:44.987 INFO [api] request_id=5c33dac9 Processed start error in 23ms
2024-01-01 01:03:45.457 ERROR [cache] request_id=1b2318b6 Processed response result in 9ms
2024-01-01 01:03:46.092 ERROR [worker] request_id=b75c24d3 Slow query detected: 181ms for server_id
2024-01-01 01:03:47.887 WARN [api] request_id=502c3668 Processed query mode in 6ms
2024-01-01 01:03:48.845 DEBUG [worker] request_id=813fe3be Slow query detected: 993ms for server_connection
2024-01-01 01:03:49.779 INFO [auth] request_id=5fbf4727 Processed size init in 15ms
2024-01-01 01:03:50.671 INFO [scheduler] request_id=5d3ed5b5 Processed count config in 2ms
2024-01-01 01:03:51.053 DEBUG [worker] request_id=d35aefd5 Processed error user in 34ms
2024-01-01 01:03:52.754 INFO [cache] request_id=ef3cb9f8 Processed server tree in 1ms
2024-01-01 01:03:53.335 ERROR [db] request_id=0247ddcc Slow query detected: 879ms for trace_result
2024-01-01 01:03:54.747 ERROR [cache] request_id=d8845be9 Slow query detected: 659ms for warning_key
2024-01-01 01:03:55.745 ERROR [scheduler] request_id=26ceeb68 Processed size type in 2ms
2024-01-01 01:03:56.052 INFO [auth] request_id=5556e6bf Slow query detected: 542ms for cache_offset
2024-01-01 01:03:57.116 INFO [api] request_id=d7a7c061 Processed mode client in 38ms
2024-01-01 01:03:58.882 ERROR [api] request_id=80feafa5 Failed to process update: Connection timeout after 5000ms
2024-01-01 01:03:59.478 INFO [api] request_id=bd391ea5 Failed to process start: Connection timeout after 5000ms
2024-01-01 01:04:00.182 DEBUG [db] request_id=39399fdc Failed to process tree: Connection timeout after 5000ms
2024-01-01 01:04:01.596 ERROR [api] request_id=6c91c52e Processed map action in 7ms
2024-01-01 01:04:02.009 ERROR [api] request_id=787d14b1 Failed to process buffer: Connection timeout after 5000ms
2024-01-01 01:04:03.955 ERROR [api] request_id=08ed6e43 Failed to process config: Connection timeout after 5000ms
2024-01-01 01:04:04.949 INFO [db] request_id=ab50a0ad Processed value total in 20ms
2024-01-01 01:04:05.655 INFO [db] request_id=9f4177af Processed open mode in 3ms
2024-01-01 01:04:06.659 DEBUG [queue] request_id=1c234056 Processed query message in 7ms
2024-01-01 01:04:07.848 ERROR [cache] request_id=530b1786 Processed create tree in 34ms
2024-01-01 01:04:08.841 ERROR [queue] request_id=6afec9f8 Failed to process debug: Connection timeout after 5000ms
2024-01-01 01:04:09.400 WARN [api] request_id=4a6990e6 Processed write set in 21ms
2024-01-01 01:04:10.039 ERROR [worker] request_id=7453eb8b Failed to process length: Connection timeout after 5000ms
2024-01-01 01:04:11.110 ERROR [worker] request_id=d8cd5e82 Processed session total in 8ms
2024-01-01 01:04:12.066 INFO [queue] request_id=9cd7e723 Processed session delete in 1ms
2024-01-01 01:04:13.460 ERROR [scheduler] request_id=f68adb34 Processed trace session in 11ms
2024-01-01 01:04:14.911 INFO [auth] request_id=ed15bcf2 Failed to process index: Connection timeout after 5000ms
2024-01-01 01:04:15.257 ERROR [worker] request_id=29c9dccc Processed response list in 20ms
2024-01-01 01:04:16.930 DEBUG [auth] request_id=338f2723 Processed queue count in 15ms
2024-01-01 01:04:17.079 ERROR [auth] request_id=4c5c9e2e Processed message length in 32ms
2024-01-01 01:04:18.216 WARN [db] request_id=903aff78 Processed data stack in 41ms
2024-01-01 01:04:19.908 INFO [api] request_id=ba9ad060 Processed buffer result in 44ms
2024-01-01 01:04:20.114 INFO [api] request_id=f18bfd84 Processed total response in 34ms
2024-01-01 01:04:21.652 INFO [db] request_id=9d7a1780 Slow query detected: 294ms for index_message
2024-01-01 01:04:22.403 INFO [worker] request_id=170004c5 Failed to process warning: Connection timeout after 5000ms
2024-01-01 01:04:23.129 INFO [scheduler] request_id=566b3058 Processed size query in 30ms
2024-01-01 01:04:24.823 DEBUG [scheduler] request_id=2fe5a738 Processed map tree in 18ms
2024-01-01 01:04:25.410 INFO [worker] request_id=ec297c05 Processed count request in 32ms
2024-01-01 01:04:26.864 DEBUG [auth] request_id=6487c89b Processed update mode in 28ms
2024-01-01 01:04:27.926 INFO [cache] request_id=866f1165 Processed action total in 33ms
2024-01-01 01:04:28.066 ERROR [api] request_id=2c5d662c Slow query detected: 461ms for response_transaction
2024-01-01 01:04:29.544 INFO [api] request_id=20320b18 Processed open connection in 12ms
2024-01-01 01:04:30.456 ERROR [api] request_id=9b6ab919 Processed transaction node in 43ms
2024-01-01 01:04:31.370 INFO [auth] request_id=674c2bb0 Failed to process value: Connection timeout after 5000ms
2024-01-01 01:04:32.972 INFO [cache] request_id=94d3107d Processed name data in 42ms
2024-01-01 01:04:33.447 INFO [db] request_id=9a364ac8 Processed debug create in 12ms
2024-01-01 01:04:34.824 ERROR [auth] request_id=d1ad4e94 Processed result offset in 30ms
2024-01-01 01:04:35.848 DEBUG [db] request_id=4787018b Processed result debug in 40ms
2024-01-01 01:04:36.505 INFO [queue] request_id=8fc2e046 Processed node client in 50ms
2024-01-01 01:04:37.452 ERROR [scheduler] request_id=ec97efda Processed action connection in 46ms
2024-01-01 01:04:38.753 INFO [worker] request_id=04c9c941 Processed connection count in 45ms
2024-01-01 01:04:39.445 INFO [scheduler] request_id=0a3ef32d Slow query detected: 664ms for data_mode
2024-01-01 01:04:40.596 DEBUG [worker] request_id=ea7e4fe5 Processed mode transaction in 16ms
2024-01-01 01:04:41.159 INFO [auth] request_id=1f5d19c0 Processed id set in 15ms
2024-01-01 01:04:42.846 WARN [queue] request_id=503f43d0 Processed config transaction in 10ms
2024-01-01 01:04:43.953 INFO [queue] request_id=6e9cdb5b Processed transaction tree in 15ms
2024-01-01 01:04:44.946 DEBUG [worker] request_id=4605b106 Failed to process create: Connection timeout after 5000ms
2024-01-01 01:04:45.399 DEBUG [scheduler] request_id=25e53951 Processed session status in 1ms
2024-01-01 01:04:46.856 DEBUG [cache] request_id=24d88e3a Slow query detected: 789ms for count_cache
2024-01-01 01:04:47.255 WARN [api] request_id=61b7d27d Processed mode delete in 9ms
2024-01-01 01:04:48.699 INFO [worker] request_id=e240ccc9 Processed create trace in 14ms
2024-01-01 01:04:49.047 INFO [worker] request_id=f3c623af Slow query detected: 262ms for count_node
2024-01-01 01:04:50.392 INFO [cache] request_id=18effdc2 Failed to process init: Connection timeout after 5000ms
2024-01-01 01:04:51.804 ERROR [api] request_id=5730a74e Failed to process queue: Connection timeout after 5000ms
2024-01-01 01:04:52.582 INFO [queue] request_id=fdd61e7e Processed server stack in 31ms
2024-01-01 01:04:53.829 INFO [api] request_id=860a141f Slow query detected: 217ms for index_stack
2024-01-01 01:04:54.238 INFO [db] request_id=80522d69 Processed size response in 48ms
2024-01-01 01:04:55.374 INFO [auth] request_id=15b8cbab Processed server id in 40ms
2024-01-01 01:04:56.858 ERROR [worker] request_id=5d633f39 Processed update name in 6ms
2024-01-01 01:04:57.719 DEBUG [db] request_id=5c1af8ba Processed trace stack in 47ms
2024-01-01 01:04:58.573 INFO [auth] request_id=156f27f9 Processed trace set in 38ms
2024-01-01 01:04:59.286 INFO [auth] request_id=1b88f1c6 Processed key node in 38ms
2024-01-01 01:05:00.260 ERROR [api] request_id=25978a8e Processed cache result in 6ms
2024-01-01 01:05:01.473 ERROR [db] request_id=f3330a79 Slow query detected: 846ms for length_info
2024-01-01 01:05:02.882 DEBUG [queue] request_id=e2bb06b1 Processed status offset in 41ms
2024-01-01 01:05:03.753 INFO [worker] request_id=63bdca53 Slow query detected: 938ms for request_trace
2024-01-01 01:05:04.952 INFO [cache] request_id=aebd7513 Processed init init in 8ms
2024-01-01 01:05:05.859 WARN [cache] request_id=ff6e1730 Processed buffer transaction in 1ms
2024-01-01 01:05:06.513 WARN [api] request_id=fca34d00 Processed cache index in 9ms
2024-01-01 01:05:07.622 INFO [queue] request_id=f3a8811f Processed write init in 33ms
2024-01-01 01:05:08.697 INFO [cache] request_id=f8ded075 Processed connection stop in 17ms
2024-01-01 01:05:09.846 INFO [worker] request_id=b0702153 Slow query detected: 745ms for type_count
2024-01-01 01:05:10.202 DEBUG [worker] request_id=3933c5b9 Slow query detected: 475ms for status_type
2024-01-01 01:05:11.274 ERROR [queue] request_id=e39779df Processed read size in 36ms
2024-01-01 01:05:12.645 WARN [auth] request_id=e3ed381b Slow query detected: 849ms for transaction_size
2024-01-01 01:05:13.985 DEBUG [queue] request_id=c271b2ec Processed write node in 16ms
2024-01-01 01:05:14.789 DEBUG [cache] request_id=93f7b9b7 Processed set action in 28ms
2024-01-01 01:05:15.651 DEBUG [queue] request_id=e818ada0 Slow query detected: 372ms for total_update
2024-01-01 01:05:16.167 INFO [cache] request_id=b53ecf7e Failed to process message: Connection timeout after 5000ms
2024-01-01 01:05:17.305 ERROR [db] request_id=285ca74f Processed node config in 35ms
2024-01-01 01:05:18.917 INFO [cache] request_id=4256cd1b Processed set write in 10ms
2024-01-01 01:05:19.392 INFO [api] request_id=5aaa3e20 Processed status warning in 11ms
2024-01-01 01:05:20.457 WARN [cache] request_id=a9d633aa Processed init result in 41ms
2024-01-01 01:05:21.368 WARN [queue] request_id=9ffb072c Processed query connection in 39ms
2024-01-01 01:05:22.762 DEBUG [db] request_id=4c3b0870 Failed to process warning: Connection timeout after 5000ms
2024-01-01 01:05:23.239 INFO [queue] request_id=a3811518 Processed key cache in 28ms
2024-01-01 01:05:24.039 INFO [api] request_id=05e07a58 Processed query value in 8ms
2024-01-01 01:05:25.928 ERROR [auth] request_id=9a633f4f Processed stop server in 8ms
2024-01-01 01:05:26.802 INFO [scheduler] request_id=b233d2be Processed size cache in 8ms
2024-01-01 01:05:27.658 DEBUG [auth] request_id=54621325 Processed action size in 15ms
2024-01-01 01:05:28.212 INFO [scheduler] request_id=1ec21e50 Slow query detected: 598ms for config_response
2024-01-01 01:05:29.713 DEBUG [queue] request_id=64cfc43d Processed result message in 49ms
2024-01-01 01:05:30.667 WARN [db] request_id=041ed754 Slow query detected: 865ms for open_status
2024-01-01 01:05:31.810 INFO [scheduler] request_id=09e58629 Failed to process connection: Connection timeout after 5000ms
2024-01-01 01:05:32.706 INFO [queue] request_id=22c82a02 Failed to process request: Connection timeout after 5000ms
2024-01-01 01:05:33.242 INFO [cache] request_id=b8ddfb63 Processed buffer list in 27ms
2024-01-01 01:05:34.435 INFO [auth] request_id=4e64f993 Slow query detected: 116ms for total_transaction
2024-01-01 01:05:35.985 INFO [queue] request_id=6e24249f Failed to process delete: Connection timeout after 5000ms
2024-01-01 01:05:36.557 INFO [cache] request_id=5267edb7 Processed session action in 39ms
2024-01-01 01:05:37.936 WARN [auth] request_id=44a127ef Failed to process length: Connection timeout after 5000ms
2024-01-01 01:05:38.569 DEBUG [worker] request_id=8067405a Slow query detected: 535ms for warning_connection
2024-01-01 01:05:39.941 WARN [worker] request_id=d30844d4 Processed create debug in 7ms
2024-01-01 01:05:40.004 INFO [cache] request_id=28ae1d95 Processed name delete in 35ms
2024-01-01 01:05:41.385 DEBUG [worker] request_id=cbe5701e Processed debug list in 14ms
2024-01-01 01:05:42.067 INFO [db] request_id=0faf93c0 Processed cache server in 43ms
2024-01-01 01:05:43.630 ERROR [worker] request_id=2c6c5547 Slow query detected: 500ms for open_tree
2024-01-01 01:05:44.795 INFO [db] request_id=32aa7400 Processed offset cache in 20ms
2024-01-01 01:05:45.345 DEBUG [api] request_id=e8b55ee4 Processed action update in 39ms
2024-01-01 01:05:46.127 WARN [worker] request_id=2b4ba89a Processed count trace in 8ms
2024-01-01 01:05:47.056 INFO [scheduler] request_id=53a42419 Failed to process node: Connection timeout after 5000ms
2024-01-01 01:05:48.281 INFO [db] request_id=76382c44 Failed to process client: Connection timeout after 5000ms
2024-01-01 01:05:49.612 INFO [cache] request_id=baf31822 Processed status name in 18ms
2024-01-01 01:05:50.278 DEBUG [auth] request_id=b710c23d Processed map client in 28ms
2024-01-01 01:05:51.893 INFO [queue] request_id=77373044 Processed id session in 36ms
2024-01-01 01:05:52.625 DEBUG [scheduler] request_id=46e251dd Processed offset read in 29ms
2024-01-01 01:05:53.803 DEBUG [cache] request_id=eb0e640d Processed start map in 34ms
2024-01-01 01:05:54.635 WARN [cache] request_id=9f3bd0ca Processed connection warning in 38ms
2024-01-01 01:05:55.009 INFO [scheduler] request_id=54e5489e Processed error server in 47ms
2024-01-01 01:05:56.690 DEBUG [scheduler] request_id=bdde2f4d Failed to process name: Connection timeout after 5000ms
2024-01-01 01:05:57.660 INFO [queue] request_id=1b32b3b8 Slow query detected: 634ms for mode_id
2024-01-01 01:05:58.225 INFO [scheduler] request_id=da414ed5 Processed session request in 14ms
2024-01-01 01:05:59.329 INFO [auth] request_id=e7464b1e Slow query detected: 202ms for value_tree
2024-01-01 01:06:00.953 ERROR [cache] request_id=31a32dcd Processed warning list in 26ms
2024-01-01 01:06:01.342 INFO [api] request_id=40dfa71c Failed to process stop: Connection timeout after 5000ms
2024-01-01 01:06:02.025 DEBUG [api] request_id=b4c86275 Slow query detected: 154ms for buffer_action
2024-01-01 01:06:03.335 INFO [worker] request_id=c73edf74 Processed set delete in 39ms
2024-01-01 01:06:04.245 INFO [db] request_id=20f34ad4 Processed list close in 5ms
2024-01-01 01:06:05.342 ERROR [api] request_id=2c7240f5 Slow query detected: 726ms for config_trace
2024-01-01 01:06:06.352 INFO [worker] request_id=c421c03c Processed user response in 31ms
2024-01-01 01:06:07.926 WARN [api] request_id=002b0687 Failed to process data: Connection timeout after 5000ms
2024-01-01 01:06:08.374 INFO [worker] request_id=fac5a313 Processed session type in 13ms
2024-01-01 01:06:09.068 WARN [cache] request_id=b7c39209 Slow query detected: 477ms for id_name
2024-01-01 01:06:10.753 INFO [queue] request_id=7b00edf1 Processed cache size in 3ms
2024-01-01 01:06:11.540 INFO [queue] request_id=aaa44e8e Processed open data in 25ms
2024-01-01 01:06:12.938 WARN [api] request_id=2f72e8b5 Processed index node in 23ms
2024-01-01 01:06:13.170 DEBUG [queue] request_id=d9b694cc Processed count result in 1ms
2024-01-01 01:06:14.570 WARN [api] request_id=57d7669a Processed total debug in 13ms
2024-01-01 01:06:15.222 DEBUG [api] request_id=39b1dba5 Processed connection session in 10ms
2024-01-01 01:06:16.278 INFO [worker] request_id=bf23b5b0 Processed server queue in 8ms
2024-01-01 01:06:17.721 INFO [queue] request_id=c97909eb Failed to process mode: Connection timeout after 5000ms
2024-01-01 01:06:18.474 INFO [worker] request_id=2578ad36 Slow query detected: 658ms for close_node
2024-01-01 01:06:19.636 INFO [worker] request_id=a6d3f3f6 Processed status action in 10ms
2024-01-01 01:06:20.707 WARN [auth] request_id=a918cf94 Processed key delete in 17ms
2024-01-01 01:06:21.960 INFO [queue] request_id=a043c8ea Processed stack action in 34ms
2024-01-01 01:06:22.887 WARN [scheduler] request_id=b8e3b7b3 Slow query detected: 704ms for key_start
2024-01-01 01:06:23.071 INFO [scheduler] request_id=5fc60196 Processed total config in 27ms
2024-01-01 01:06:24.648 ERROR [auth] request_id=05012578 Processed trace user in 40ms
2024-01-01 01:06:25.563 INFO [scheduler] request_id=dbf1379c Processed buffer create in 44ms
2024-01-01 01:06:26.917 INFO [scheduler] request_id=8a299768 Failed to process query: Connection timeout after 5000ms
2024-01-01 01:06:27.926 INFO [worker] request_id=0527843d Slow query detected: 698ms for message_debug
2024-01-01 01:06:28.515 WARN [cache] request_id=df4cabf6 Processed action node in 30ms
2024-01-01 01:06:29.113 INFO [worker] request_id=fbe6044b Slow query detected: 543ms for buffer_message
2024-01-01 01:06:30.726 ERROR [worker] request_id=e2c452e4 Failed to process message: Connection timeout after 5000ms
2024-01-01 01:06:31.754 INFO [db] request_id=5da720b6 Processed name tree in 21ms
2024-01-01 01:06:32.283 ERROR [cache] request_id=2c8ebd88 Failed to process error: Connection timeout after 5000ms
2024-01-01 01:06:33.100 INFO [auth] request_id=8208f536 Processed user message in 43ms
2024-01-01 01:06:34.168 ERROR [auth] request_id=357ac1d0 Processed config request in 15ms
2024-01-01 01:06:35.120 INFO [api] request_id=fc238478 Processed transaction tree in 29ms
2024-01-01 01:06:36.550 INFO [scheduler] request_id=a73bb260 Processed set error in 3ms
2024-01-01 01:06:37.600 DEBUG [queue] request_id=6b82a54f Slow query detected: 418ms for map_trace
2024-01-01 01:06:38.888 INFO [cache] request_id=0d30a624 Failed to process close: Connection timeout after 5000ms
2024-01-01 01:06:39.509 WARN [api] request_id=db373748 Processed config response in 44ms
2024-01-01 01:06:40.999 INFO [db] request_id=e48683d7 Processed warning node in 2ms
2024-01-01 01:06:41.051 INFO [api] request_id=f991777b Processed connection response in 31ms
2024-01-01 01:06:42.040 DEBUG [worker] request_id=7d8bb0b8 Processed write transaction in 42ms
2024-01-01 01:06:43.220 WARN [cache] request_id=c478897c Slow query detected: 164ms for server_length
2024-01-01 01:06:44.973 INFO [api] request_id=f8b2352d Processed tree init in 50ms
2024-01-01 01:06:45.969 INFO [auth] request_id=c8e7e65f Processed start close in 2ms
2024-01-01 01:06:46.181 WARN [scheduler] request_id=818c054d Processed info stop in 14ms
2024-01-01 01:06:47.682 ERROR [db] request_id=2001839d Processed info type in 40ms
2024-01-01 01:06:48.652 INFO [cache] request_id=da57fd8b Processed list config in 30ms
2024-01-01 01:06:49.300 WARN [scheduler] request_id=fdd74fe3 Processed delete status in 3ms
2024-01-01 01:06:50.080 INFO [auth] request_id=976ad60f Processed total stop in 24ms
2024-01-01 01:06:51.664 INFO [api] request_id=eb1a0b54 Processed status status in 39ms
2024-01-01 01:06:52.703 INFO [queue] request_id=d4d33f33 Slow query detected: 939ms for session_stop
2024-01-01 01:06:53.857 DEBUG [queue] request_id=e643c856 Processed id client in 31ms
2024-01-01 01:06:54.508 WARN [auth] request_id=4598ab6c Slow query detected: 717ms for read_map
2024-01-01 01:06:55.672 INFO [auth] request_id=29582226 Slow query detected: 428ms for write_id
2024-01-01 01:06:56.153 INFO [scheduler] request_id=22a4fe13 Processed result result in 17ms
2024-01-01 01:06:57.469 DEBUG [scheduler] request_id=7f738584 Processed map open in 3ms
2024-01-01 01:06:58.042 ERROR [queue] request_id=4355c420 Processed map stack in 14ms
2024-01-01 01:06:59.666 INFO [api] request_id=b9d5896a Slow query detected: 931ms for id_session
2024-01-01 01:07:00.034 INFO [auth] request_id=17c163b8 Processed client index in 38ms
2024-01-01 01:07:01.311 ERROR [worker] request_id=4db9a3ee Processed index create in 32ms
2024-01-01 01:07:02.800 DEBUG [worker] request_id=6f209dac Failed to process open: Connection timeout after 5000ms
2024-01-01 01:07:03.053 DEBUG [cache] request_id=c34233c9 Processed map config in 29ms
2024-01-01 01:07:04.104 INFO [scheduler] request_id=e111d5b9 Processed list update in 40ms
2024-01-01 01:07:05.320 INFO [db] request_id=c77f336c Processed type open in 40ms
2024-01-01 01:07:06.658 WARN [queue] request_id=40f8466b Processed open write in 18ms
2024-01-01 01:07:07.336 INFO [db] request_id=44dadf70 Slow query detected: 491ms for action_query
2024-01-01 01:07:08.931 WARN [worker] request_id=77cde2b9 Processed cache map in 3ms
2024-01-01 01:07:09.116 INFO [db] request_id=70bcef77 Processed list node in 2ms
2024-01-01 01:07:10.149 WARN [queue] request_id=f318535d Processed delete message in 12ms
2024-01-01 01:07:11.480 INFO [auth] request_id=a94d9e82 Failed to process write: Connection timeout after 5000ms
2024-01-01 01:07:12.458 INFO [worker] request_id=6ecf7b83 Processed start open in 40ms
2024-01-01 01:07:13.480 INFO [auth] request_id=3591f225 Processed queue error in 38ms
2024-01-01 01:07:14.925 INFO [queue] request_id=d369e250 Processed type list in 48ms
2024-01-01 01:07:15.907 WARN [db] request_id=947cabe7 Processed trace write in 6ms
2024-01-01 01:07:16.006 INFO [worker] request_id=924f9877 Processed update stack in 21ms
2024-01-01 01:07:17.621 INFO [auth] request_id=84fa1dc8 Processed debug message in 48ms
2024-01-01 01:07:18.320 DEBUG [api] request_id=35b5e3b0 Processed session data in 43ms
2024-01-01 01:07:19.549 INFO [db] request_id=7f718e8f Processed offset response in 22ms
2024-01-01 01:07:20.983 ERROR [queue] request_id=53ea1fcd Slow query detected: 440ms for config_id
2024-01-01 01:07:21.528 INFO [worker] request_id=ab74e64e Slow query detected: 711ms for write_message
2024-01-01 01:07:22.030 INFO [db] request_id=39a9ea98 Failed to process queue: Connection timeout after 5000ms
2024-01-01 01:07:23.069 INFO [auth] request_id=170cb2a9 Processed size create in 7ms
2024-01-01 01:07:24.863 DEBUG [queue] request_id=581fac84 Processed delete data in 38ms
2024-01-01 01:07:25.568 DEBUG [queue] request_id=e1a3cfa1 Failed to process error: Connection timeout after 5000ms
2024-01-01 01:07:26.593 DEBUG [api] request_id=c5b89f55 Processed debug key in 5ms
2024-01-01 01:07:27.699 DEBUG [cache] request_id=ed80c660 Processed start debug in 13ms
2024-01-01 01:07:28.232 INFO [cache] request_id=9d34ac4b Slow query detected: 250ms for message_warning
2024-01-01 01:07:29.270 INFO [auth] request_id=3688d1d4 Processed trace server in 22ms
2024-01-01 01:07:30.495 ERROR [auth] request_id=d405099f Processed tree update in 11ms
2024-01-01 01:07:31.171 ERROR [worker] request_id=95f5a86b Processed action index in 49ms
2024-01-01 01:07:32.377 INFO [db] request_id=946a6899 Slow query detected: 225ms for list_open
2024-01-01 01:07:33.086 INFO [worker] request_id=32fcdc5b Processed update length in 23ms
2024-01-01 01:07:34.006 WARN [db] request_id=f25a20f9 Processed result offset in 32ms
2024-01-01 01:07:35.783 DEBUG [queue] request_id=b12dfb65 Processed trace action in 10ms
2024-01-01 01:07:36.272 DEBUG [scheduler] request_id=c8fd8811 Processed open create in 19ms
2024-01-01 01:07:37.705 ERROR [scheduler] request_id=58f14fb5 Processed set transaction in 9ms
2024-01-01 01:07:38.078 DEBUG [db] request_id=7aa16c20 Processed node mode in 33ms
2024-01-01 01:07:39.324 WARN [scheduler] request_id=ee230c62 Processed cache query in 1ms
2024-01-01 01:07:40.554 DEBUG [auth] request_id=33719ad9 Processed close message in 48ms
2024-01-01 01:07:41.504 ERROR [queue] request_id=d42f6f6c Slow query detected: 455ms for message_transaction
2024-01-01 01:07:42.958 WARN [scheduler] request_id=7aafd41c Processed map start in 20ms
2024-01-01 01:07:43.946 INFO [cache] request_id=2e1458b4 Failed to process queue: Connection timeout after 5000ms
2024-01-01 01:07:44.288 WARN [queue] request_id=378fbf90 Processed request delete in 30ms
2024-01-01 01:07:45.166 WARN [scheduler] request_id=e4eb2bd6 Processed mode queue in 49ms
2024-01-01 01:07:46.159 ERROR [api] request_id=e599906f Processed error count in 5ms
2024-01-01 01:07:47.704 INFO [scheduler] request_id=46ffca57 Slow query detected: 361ms for buffer_response
2024-01-01 01:07:48.324 ERROR [auth] request_id=8f46bf93 Processed index stack in 21ms
2024-01-01 01:07:49.674 INFO [cache] request_id=8b39d73b Failed to process total: Connection timeout after 5000ms
2024-01-01 01:07:50.326 WARN [queue] request_id=8646a3e5 Slow query detected: 977ms for info_key
2024-01-01 01:07:51.796 DEBUG [api] request_id=15a3b8ab Processed request stack in 43ms
2024-01-01 01:07:52.878 INFO [api] request_id=1f4e43e1 Processed id request in 33ms
2024-01-01 01:07:53.208 INFO [cache] request_id=a150968e Failed to process stop: Connection timeout after 5000ms
2024-01-01 01:07:54.341 ERROR [auth] request_id=df3feb28 Slow query detected: 791ms for transaction_update
2024-01-01 01:07:55.278 WARN [cache] request_id=3a6b1561 Processed stop set in 7ms
2024-01-01 01:07:56.339 ERROR [queue] request_id=129a00cf Failed to process type: Connection timeout after 5000ms
2024-01-01 01:07:57.442 INFO [cache] request_id=0dda92c4 Processed tree response in 8ms
2024-01-01 01:07:58.696 ERROR [queue] request_id=c267f588 Processed size trace in 20ms
2024-01-01 01:07:59.825 DEBUG [worker] request_id=f23cd42b Processed debug trace in 24ms
2024-01-01 01:08:00.618 DEBUG [worker] request_id=d75bff24 Processed trace connection in 32ms
2024-01-01 01:08:01.460 INFO [cache] request_id=777639dd Failed to process session: Connection timeout after 5000ms
2024-01-01 01:08:02.756 INFO [api] request_id=cafcb9af Processed type write in 16ms
2024-01-01 01:08:03.232 ERROR [scheduler] request_id=0f07c498 Slow query detected: 910ms for offset_start
2024-01-01 01:08:04.912 INFO [auth] request_id=ff94c4a5 Failed to process length: Connection timeout after 5000ms
2024-01-01 01:08:05.737 INFO [api] request_id=bea7565b Processed trace warning in 14ms
2024-01-01 01:08:06.420 INFO [queue] request_id=882158e7 Processed length list in 13ms
2024-01-01 01:08:07.252 DEBUG [scheduler] request_id=1a2bf44e Processed queue server in 47ms
2024-01-01 01:08:08.797 INFO [cache] request_id=dbbabd34 Processed server status in 39ms
2024-01-01 01:08:09.449 INFO [queue] request_id=9752824a Failed to process open: Connection timeout after 5000ms
2024-01-01 01:08:10.292 ERROR [worker] request_id=2c81c449 Slow query detected: 577ms for config_tree
2024-01-01 01:08:11.421 WARN [api] request_id=6d234c28 Processed request name in 40ms
2024-01-01 01:08:12.928 INFO [db] request_id=6f41bb71 Processed write name in 19ms
2024-01-01 01:08:13.367 INFO [auth] request_id=ca976dbf Processed id id in 41ms
2024-01-01 01:08:14.643 WARN [api] request_id=70021a19 Processed mode connection in 46ms
2024-01-01 01:08:15.586 DEBUG [scheduler] request_id=09aebd14 Failed to process tree: Connection timeout after 5000ms
2024-01-01 01:08:16.358 WARN [scheduler] request_id=45236048 Processed total connection in 46ms
2024-01-01 01:08:17.759 DEBUG [auth] request_id=6b0040b6 Processed id message in 45ms
2024-01-01 01:08:18.358 WARN [auth] request_id=46ac79b6 Processed stop server in 1ms
2024-01-01 01:08:19.869 WARN [db] request_id=da6bcee6 Processed queue count in 25ms
2024-01-01 01:08:20.423 DEBUG [scheduler] request_id=f8cc1670 Failed to process close: Connection timeout after 5000ms
2024-01-01 01:08:21.940 WARN [db] request_id=97860b78 Processed client delete in 38ms
2024-01-01 01:08:22.024 ERROR [api] request_id=7c9d3b3e Slow query detected: 423ms for stop_set
2024-01-01 01:08:23.579 INFO [scheduler] request_id=0e197d98 Slow query detected: 731ms for map_buffer
2024-01-01 01:08:24.268 ERROR [worker] request_id=2ec27156 Processed result tree in 8ms
2024-01-01 01:08:25.780 ERROR [db] request_id=a57a9217 Failed to process client: Connection timeout after 5000ms
2024-01-01 01:08:26.968 ERROR [cache] request_id=56e5a0a5 Failed to process index: Connection timeout after 5000ms
2024-01-01 01:08:27.396 DEBUG [auth] request_id=310fcf65 Processed count type in 50ms
2024-01-01 01:08:28.911 INFO [api] request_id=79b6829a Slow query detected: 505ms for data_mode
2024-01-01 01:08:29.380 WARN [cache] request_id=e34c470d Processed connection server in 5ms
2024-01-01 01:08:30.320 INFO [worker] request_id=80708d9a Processed status session in 48ms
2024-01-01 01:08:31.117 WARN [api] request_id=6fe515e2 Processed info query in 16ms
2024-01-01 01:08:32.176 DEBUG [auth] request_id=4889f34c Processed close status in 8ms
2024-01-01 01:08:33.420 INFO [cache] request_id=deb84b7a Processed query queue in 12ms
2024-01-01 01:08:34.177 INFO [queue] request_id=9831aa70 Processed update session in 38ms
2024-01-01 01:08:35.160 INFO [cache] request_id=00d6ab88 Failed to process mode: Connection timeout after 5000ms
2024-01-01 01:08:36.004 DEBUG [db] request_id=e3a80989 Processed debug close in 18ms
2024-01-01 01:08:37.294 INFO [auth] request_id=a4a8e72d Processed debug length in 50ms
2024-01-01 01:08:38.724 WARN [queue] request_id=27849802 Processed data server in 12ms
2024-01-01 01:08:39.924 ERROR [api] request_id=06cf384c Processed data config in 7ms
2024-01-01 01:08:40.159 WARN [api] request_id=4f705747 Slow query detected: 110ms for update_total
2024-01-01 01:08:41.613 INFO [cache] request_id=a92a7142 Slow query detected: 597ms for read_data
2024-01-01 01:08:42.057 DEBUG [auth] request_id=09dac859 Processed warning user in 14ms
2024-01-01 01:08:43.682 INFO [queue] request_id=46e835bf Failed to process data: Connection timeout after 5000ms
2024-01-01 01:08:44.101 ERROR [worker] request_id=61d33f66 Processed message count in 5ms
2024-01-01 01:08:45.344 INFO [worker] request_id=fc2539c5 Slow query detected: 893ms for key_action
2024-01-01 01:08:46.201 INFO [scheduler] request_id=f1af595e Failed to process stack: Connection timeout after 5000ms
2024-01-01 01:08:47.392 WARN [auth] request_id=2ae296a3 Processed offset type in 10ms
2024-01-01 01:08:48.924 INFO [api] request_id=abf7777d Slow query detected: 707ms for info_response
2024-01-01 01:08:49.289 WARN [auth] request_id=751a88b3 Processed action queue in 42ms
2024-01-01 01:08:50.000 INFO [worker] request_id=ea9b6ede Slow query detected: 300ms for session_close
2024-01-01 01:08:51.541 INFO [api] request_id=0549fdd0 Slow query detected: 508ms for count_status
2024-01-01 01:08:52.338 WARN [api] request_id=a055dcba Slow query detected: 760ms for debug_debug
2024-01-01 01:08:53.412 INFO [cache] request_id=b9db41c8 Failed to process error: Connection timeout after 5000ms
2024-01-01 01:08:54.375 INFO [scheduler] request_id=742d275b Processed warning error in 28ms
2024-01-01 01:08:55.065 INFO [db] request_id=ca89aeb8 Processed type write in 47ms
2024-01-01 01:08:56.016 INFO [auth] request_id=22e53a55 Processed server mode in 25ms
2024-01-01 01:08:57.824 ERROR [auth] request_id=7b3fb11a Slow query detected: 844ms for init_mode
2024-01-01 01:08:58.402 WARN [queue] request_id=60e8da4f Processed info client in 39ms
2024-01-01 01:08:59.615 INFO [auth] request_id=deaf3fda Processed stop length in 37ms
2024-01-01 01:09:00.965 WARN [db] request_id=b3b805d2 Failed to process action: Connection timeout after 5000ms
2024-01-01 01:09:01.581 DEBUG [worker] request_id=95750afa Processed error index in 18ms
2024-01-01 01:09:02.843 WARN [queue] request_id=0c27c591 Failed to process query: Connection timeout after 5000ms
2024-01-01 01:09:03.166 INFO [cache] request_id=378f007e Processed info count in 43ms
2024-01-01 01:09:04.621 INFO [queue] request_id=f2094e49 Processed message key in 36ms
2024-01-01 01:09:05.671 ERROR [cache] request_id=9a085c76 Processed error error in 45ms
2024-01-01 01:09:06.536 DEBUG [auth] request_id=99609ce5 Failed to process key: Connection timeout after 5000ms
2024-01-01 01:09:07.195 INFO [queue] request_id=fb9bfb21 Processed connection session in 26ms
2024-01-01 01:09:08.757 INFO [db] request_id=09a26810 Processed query name in 49ms
2024-01-01 01:09:09.188 INFO [auth] request_id=5292e70e Processed user cache in 32ms
2024-01-01 01:09:10.717 WARN [auth] request_id=df4f8068 Processed map transaction in 38ms
2024-01-01 01:09:11.028 ERROR [scheduler] request_id=94ea58d4 Failed to process id: Connection timeout after 5000ms
2024-01-01 01:09:12.929 INFO [queue] request_id=5c1755fc Failed to process tree: Connection timeout after 5000ms
2024-01-01 01:09:13.915 DEBUG [api] request_id=7b757ac8 Processed message size in 12ms
2024-01-01 01:09:14.399 DEBUG [scheduler] request_id=30cd70b0 Processed delete update in 32ms
2024-01-01 01:09:15.867 WARN [scheduler] request_id=b42d1ade Processed count action in 49ms
2024-01-01 01:09:16.536 INFO [worker] request_id=a20766d3 Processed debug size in 42ms
2024-01-01 01:09:17.775 INFO [auth] request_id=aa9a8047 Failed to process status: Connection timeout after 5000ms
2024-01-01 01:09:18.253 DEBUG [scheduler] request_id=a440fc7e Slow query detected: 690ms for trace_type
2024-01-01 01:09:19.502 ERROR [cache] request_id=c5d55008 Failed to process stop: Connection timeout after 5000ms
2024-01-01 01:09:20.577 INFO [scheduler] request_id=d07833ef Processed close create in 4ms
2024-01-01 01:09:21.858 INFO [cache] request_id=e4be34d1 Processed user connection in 45ms
2024-01-01 01:09:22.606 INFO [worker] request_id=d4848dec Processed result result in 33ms
2024-01-01 01:09:23.297 INFO [queue] request_id=647b6fa6 Slow query detected: 443ms for response_id
2024-01-01 01:09:24.033 ERROR [db] request_id=aa2ec721 Processed message name in 40ms
2024-01-01 01:09:25.096 INFO [queue] request_id=a3a643ab Processed total query in 6ms
2024-01-01 01:09:26.200 INFO [scheduler] request_id=f8a32c51 Slow query detected: 533ms for action_delete
2024-01-01 01:09:27.050 INFO [api] request_id=3c8f6938 Processed open response in 50ms
2024-01-01 01:09:28.561 DEBUG [api] request_id=941593b6 Failed to process read: Connection timeout after 5000ms
2024-01-01 01:09:29.674 INFO [db] request_id=e2bd6af5 Processed offset set in 12ms
2024-01-01 01:09:30.412 INFO [db] request_id=29d21a61 Processed key close in 18ms
2024-01-01 01:09:31.539 INFO [worker] request_id=71cc7521 Slow query detected: 856ms for queue_map
2024-01-01 01:09:32.621 INFO [worker] request_id=3b220b28 Failed to process debug: Connection timeout after 5000ms
2024-01-01 01:09:33.494 ERROR [scheduler] request_id=784064ec Processed id start in 44ms
2024-01-01 01:09:34.830 ERROR [db] request_id=76dcb3cd Failed to process server: Connection timeout after 5000ms
2024-01-01 01:09:35.378 DEBUG [auth] request_id=48a733a1 Processed write config in 28ms
2024-01-01 01:09:36.205 INFO [api] request_id=71afb976 Processed delete warning in 35ms
2024-01-01 01:09:37.563 ERROR [queue] request_id=5a292b2f Processed start value in 38ms
2024-01-01 01:09:38.333 INFO [db] request_id=1a7d7814 Slow query detected: 911ms for response_query
2024-01-01 01:09:39.687 INFO [cache] request_id=3dc24a7e Processed name map in 4ms
2024-01-01 01:09:40.340 INFO [auth] request_id=14f292c9 Processed node config in 41ms
2024-01-01 01:09:41.316 WARN [api] request_id=c0260d21 Processed type set in 45ms
2024-01-01 01:09:42.266 INFO [worker] request_id=5793ac8f Processed cache warning in 26ms
2024-01-01 01:09:43.758 WARN [db] request_id=aeb1a9d2 Processed value info in 32ms
2024-01-01 01:09:44.554 INFO [auth] request_id=4ac8502a Slow query detected: 330ms for data_size
2024-01-01 01:09:45.454 WARN [db] request_id=28ac0b85 Failed to process close: Connection timeout after 5000ms
2024-01-01 01:09:46.129 DEBUG [auth] request_id=b2c7d151 Processed total read in 21ms
2024-01-01 01:09:47.506 WARN [worker] request_id=d5981e9c Processed key connection in 50ms
2024-01-01 01:09:48.042 ERROR [worker] request_id=bb29e918 Processed warning index in 38ms
2024-01-01 01:09:49.905 ERROR [auth] request_id=bdf763d0 Failed to process type: Connection timeout after 5000ms
2024-01-01 01:09:50.020 INFO [db] request_id=fe03f05c Processed update action in 49ms
2024-01-01 01:09:51.923 DEBUG [db] request_id=f17516d9 Processed config message in 8ms
2024-01-01 01:09:52.422 INFO [scheduler] request_id=22ecc0e1 Processed error cache in 37ms
2024-01-01 01:09:53.701 INFO [db] request_id=22ea2d12 Processed id index in 23ms
2024-01-01 01:09:54.403 INFO [auth] request_id=437f0182 Processed id set in 7ms
2024-01-01 01:09:55.931 INFO [auth] request_id=91211791 Processed write size in 17ms
2024-01-01 01:09:56.323 INFO [auth] request_id=49d25b8e Processed cache offset in 31ms
2024-01-01 01:09:57.860 INFO [scheduler] request_id=d463c5f4 Processed message action in 11ms
2024-01-01 01:09:58.640 WARN [queue] request_id=35bed10f Failed to process user: Connection timeout after 5000ms
2024-01-01 01:09:59.047 DEBUG [worker] request_id=022b9158 Processed response key in 21ms
2024-01-01 01:10:00.238 WARN [db] request_id=6af4a45f Processed connection start in 25ms
2024-01-01 01:10:01.391 INFO [queue] request_id=9a114932 Processed update open in 3ms
2024-01-01 01:10:02.970 INFO [scheduler] request_id=6ad5dd5b Processed value client in 38ms
2024-01-01 01:10:03.491 INFO [queue] request_id=875d1991 Failed to process queue: Connection timeout after 5000ms
2024-01-01 01:10:04.903 ERROR [scheduler] request_id=5e008b62 Processed open list in 35ms
2024-01-01 01:10:05.661 ERROR [auth] request_id=813303b8 Processed close length in 7ms
2024-01-01 01:10:06.308 INFO [api] request_id=033d5afd Processed trace value in 49ms
2024-01-01 01:10:07.367 INFO [worker] request_id=97d3e742 Processed status action in 2ms
2024-01-01 01:10:08.044 ERROR [db] request_id=2cb3f5f0 Processed user stack in 42ms
2024-01-01 01:10:09.507 INFO [queue] request_id=51e97b88 Processed trace trace in 3ms
2024-01-01 01:10:10.325 INFO [db] request_id=181f10c8 Processed type transaction in 50ms
2024-01-01 01:10:11.620 INFO [cache] request_id=2ebcb018 Failed to process map: Connection timeout after 5000ms
2024-01-01 01:10:12.431 WARN [scheduler] request_id=7d7bb268 Slow query detected: 135ms for open_node
2024-01-01 01:10:13.059 WARN [api] request_id=231d0e77 Processed result list in 19ms
2024-01-01 01:10:14.336 ERROR [queue] request_id=153cbb8b Processed list offset in 37ms
2024-01-01 01:10:15.118 ERROR [auth] request_id=2618fcf7 Processed key length in 17ms
2024-01-01 01:10:16.168 ERROR [cache] request_id=1ca30620 Slow query detected: 917ms for request_info
2024-01-01 01:10:17.321 ERROR [auth] request_id=fd7141da Processed map node in 28ms
2024-01-01 01:10:18.790 ERROR [worker] request_id=471b4964 Processed action value in 18ms
2024-01-01 01:10:19.055 DEBUG [worker] request_id=88139b48 Processed read read in 47ms
2024-01-01 01:10:20.961 INFO [db] request_id=54be3610 Processed update warning in 24ms
2024-01-01 01:10:21.214 WARN [worker] request_id=c6dc3248 Processed session query in 21ms
2024-01-01 01:10:22.602 INFO [scheduler] request_id=5ecef126 Processed query info in 18ms
2024-01-01 01:10:23.485 ERROR [scheduler] request_id=f9765807 Slow query detected: 646ms for action_user
2024-01-01 01:10:24.906 ERROR [api] request_id=b390dd48 Processed count buffer in 35ms
2024-01-01 01:10:25.020 INFO [db] request_id=21fed2fc Slow query detected: 172ms for total_buffer
2024-01-01 01:10:26.011 DEBUG [cache] request_id=7dd25524 Slow query detected: 218ms for offset_trace
2024-01-01 01:10:27.779 INFO [auth] request_id=a43e0ebe Slow query detected: 685ms for query_data
2024-01-01 01:10:28.752 DEBUG [scheduler] request_id=e623abd8 Processed status transaction in 21ms
2024-01-01 01:10:29.570 ERROR [queue] request_id=e7051fb3 Failed to process open: Connection timeout after 5000ms
2024-01-01 01:10:30.401 ERROR [cache] request_id=c22324b2 Processed map query in 8ms
2024-01-01 01:10:31.359 WARN [db] request_id=61c70e84 Slow query detected: 628ms for info_value
2024-01-01 01:10:32.147 ERROR [db] request_id=09ebaa96 Processed user close in 30ms
2024-01-01 01:10:33.561 ERROR [api] request_id=95926b9c Processed server server in 47ms
2024-01-01 01:10:34.982 DEBUG [auth] request_id=74f584ae Processed type stack in 39ms
2024-01-01 01:10:35.081 DEBUG [cache] request_id=101b38ad Processed queue client in 31ms
2024-01-01 01:10:36.321 ERROR [queue] request_id=02bc41be Failed to process action: Connection timeout after 5000ms
2024-01-01 01:10:37.329 ERROR [scheduler] request_id=b34d732c Failed to process type: Connection timeout after 5000ms
2024-01-01 01:10:38.392 ERROR [queue] request_id=c73d6897 Failed to process error: Connection timeout after 5000ms
2024-01-01 01:10:39.680 ERROR [auth] request_id=2e8eff1f Processed name data in 15ms
2024-01-01 01:10:40.412 INFO [worker] request_id=623788ca Processed cache update in 33ms
2024-01-01 01:10:41.519 INFO [scheduler] request_id=e9f92d70 Processed debug map in 29ms
2024-01-01 01:10:42.370 WARN [auth] request_id=96313ff1 Processed index client in 15ms
2024-01-01 01:10:43.606 INFO [auth] request_id=6ac8a518 Processed value type in 27ms
2024-01-01 01:10:44.939 DEBUG [api] request_id=391e1f55 Processed warning trace in 20ms
2024-01-01 01:10:45.629 ERROR [auth] request_id=6ae5c4fb Processed data offset in 35ms
2024-01-01 01:10:46.059 INFO [queue] request_id=50a11d37 Slow query detected: 941ms for user_info
2024-01-01 01:10:47.190 ERROR [worker] request_id=56c0211e Processed stop user in 2ms
2024-01-01 01:10:48.552 INFO [db] request_id=ee7a8905 Slow query detected: 546ms for list_init
2024-01-01 01:10:49.425 INFO [auth] request_id=65cc3c27 Processed data buffer in 10ms
2024-01-01 01:10:50.066 INFO [worker] request_id=32529efb Slow query detected: 193ms for warning_read
2024-01-01 01:10:51.621 DEBUG [api] request_id=40d89696 Slow query detected: 795ms for index_init
2024-01-01 01:10:52.139 ERROR [queue] request_id=92cffbca Processed value type in 17ms
2024-01-01 01:10:53.519 INFO [worker] request_id=404d44c9 Slow query detected: 601ms for mode_tree
2024-01-01 01:10:54.660 WARN [queue] request_id=d9f5bd88 Processed key map in 29ms
2024-01-01 01:10:55.220 INFO [db] request_id=ac24efd9 Slow query detected: 160ms for close_queue
2024-01-01 01:10:56.392 INFO [api] request_id=d9e24260 Failed to process client: Connection timeout after 5000ms
2024-01-01 01:10:57.475 INFO [api] request_id=4366864a Slow query detected: 977ms for status_stack
2024-01-01 01:10:58.116 WARN [db] request_id=362a7246 Processed start session in 39ms
2024-01-01 01:10:59.341 WARN [db] request_id=e6a9af8a Failed to process user: Connection timeout after 5000ms
2024-01-01 01:11:00.373 INFO [cache] request_id=1d255cd4 Processed close index in 13ms
2024-01-01 01:11:01.520 ERROR [scheduler] request_id=6e36fc61 Processed map close in 37ms
2024-01-01 01:11:02.551 ERROR [db] request_id=0e28baea Processed name map in 23ms
2024-01-01 01:11:03.083 DEBUG [worker] request_id=916b264a Slow query detected: 916ms for debug_connection
2024-01-01 01:11:04.479 DEBUG [api] request_id=8c91df42 Processed id value in 42ms
2024-01-01 01:11:05.831 INFO [queue] request_id=d2f79eef Slow query detected: 270ms for connection_connection
2024-01-01 01:11:06.343 WARN [api] request_id=1e486bd8 Processed type result in 34ms
2024-01-01 01:11:07.326 ERROR [queue] request_id=1819562d Processed read debug in 5ms
2024-01-01 01:11:08.714 INFO [db] request_id=d64cd7b9 Processed data list in 16ms
2024-01-01 01:11:09.242 INFO [db] request_id=280a8991 Processed trace mode in 50ms
2024-01-01 01:11:10.781 ERROR [db] request_id=27a0cf5a Processed response mode in 15ms
2024-01-01 01:11:11.950 DEBUG [cache] request_id=249c1803 Processed set debug in 11ms
2024-01-01 01:11:12.565 INFO [db] request_id=ace83055 Failed to process server: Connection timeout after 5000ms
2024-01-01 01:11:13.012 ERROR [api] request_id=28defe42 Processed trace total in 17ms
2024-01-01 01:11:14.166 WARN [api] request_id=7d6e9cd5 Processed create create in 17ms
2024-01-01 01:11:15.316 INFO [queue] request_id=46d14138 Failed to process index: Connection timeout after 5000ms
2024-01-01 01:11:16.872 ERROR [db] request_id=34f7666c Processed error id in 34ms
2024-01-01 01:11:17.046 INFO [worker] request_id=237e36c6 Processed set client in 27ms
2024-01-01 01:11:18.349 INFO [queue] request_id=ce397ead Slow query detected: 415ms for delete_response
2024-01-01 01:11:19.980 INFO [scheduler] request_id=bd4b16ac Slow query detected: 842ms for mode_response
2024-01-01 01:11:20.681 WARN [auth] request_id=16eb8409 Slow query detected: 608ms for node_user
2024-01-01 01:11:21.219 ERROR [auth] request_id=d3f9b394 Slow query detected: 863ms for map_queue
2024-01-01 01:11:22.266 ERROR [db] request_id=da88a365 Failed to process node: Connection timeout after 5000ms
2024-01-01 01:11:23.484 DEBUG [api] request_id=f818a481 Slow query detected: 222ms for size_map
2024-01-01 01:11:24.080 DEBUG [scheduler] request_id=64669dcf Processed delete index in 32ms
2024-01-01 01:11:25.787 WARN [db] request_id=d930d17a Processed status key in 14ms
2024-01-01 01:11:26.492 INFO [api] request_id=9bb2b50a Slow query detected: 801ms for buffer_cache
2024-01-01 01:11:27.845 DEBUG [scheduler] request_id=b3e3c1bd Processed debug start in 8ms
2024-01-01 01:11:28.230 INFO [cache] request_id=6af4598c Processed stack offset in 28ms
2024-01-01 01:11:29.953 INFO [scheduler] request_id=ad22a51e Processed server offset in 14ms
2024-01-01 01:11:30.735 DEBUG [scheduler] request_id=a573003d Processed name config in 10ms
2024-01-01 01:11:31.178 ERROR [auth] request_id=3916184f Failed to process read: Connection timeout after 5000ms
2024-01-01 01:11:32.020 WARN [queue] request_id=3a072b6c Processed value client in 1ms
2024-01-01 01:11:33.754 INFO [queue] request_id=23bcd6ca Processed create size in 21ms
2024-01-01 01:11:34.214 INFO [scheduler] request_id=78e05495 Slow query detected: 361ms for set_request
2024-01-01 01:11:35.836 INFO [db] request_id=7dd10fcf Failed to process list: Connection timeout after 5000ms
2024-01-01 01:11:36.205 INFO [worker] request_id=14d1e1b2 Processed user key in 32ms
2024-01-01 01:11:37.375 INFO [queue] request_id=51f87b5e Processed open stop in 40ms
2024-01-01 01:11:38.880 INFO [worker] request_id=552e1d8e Processed update response in 6ms
2024-01-01 01:11:39.965 DEBUG [queue] request_id=2a00b3aa Processed queue client in 32ms
2024-01-01 01:11:40.268 INFO [auth] request_id=f5c82b1c Processed connection list in 37ms
2024-01-01 01:11:41.140 INFO [cache] request_id=60c36a05 Slow query detected: 599ms for server_map
2024-01-01 01:11:42.965 WARN [scheduler] request_id=eae8878b Processed info total in 9ms
2024-01-01 01:11:43.539 DEBUG [worker] request_id=00088538 Processed session action in 4ms
2024-01-01 01:11:44.298 WARN [cache] request_id=e0596dbb Processed size server in 40ms
2024-01-01 01:11:45.797 INFO [db] request_id=033d9652 Processed config set in 5ms
2024-01-01 01:11:46.164 DEBUG [api] request_id=bb89e3d8 Processed request status in 14ms
2024-01-01 01:11:47.352 ERROR [queue] request_id=119178b0 Processed queue data in 23ms
2024-01-01 01:11:48.370 INFO [scheduler] request_id=ad7e595c Processed connection status in 29ms
2024-01-01 01:11:49.114 WARN [api] request_id=b4d51616 Processed index init in 14ms
2024-01-01 01:11:50.636 INFO [api] request_id=bfa1a6c6 Processed session offset in 34ms
2024-01-01 01:11:51.594 INFO [auth] request_id=d1edd2cb Processed length size in 4ms
2024-01-01 01:11:52.392 WARN [cache] request_id=7fe9d2e0 Slow query detected: 712ms for session_length
2024-01-01 01:11:53.411 INFO [worker] request_id=1b9a8560 Processed response connection in 29ms
2024-01-01 01:11:54.172 INFO [queue] request_id=c1ca6dfd Failed to process tree: Connection timeout after 5000ms
2024-01-01 01:11:55.931 INFO [worker] request_id=43fa210f Slow query detected: 847ms for warning_buffer
2024-01-01 01:11:56.486 DEBUG [worker] request_id=b7a082a1 Slow query detected: 880ms for data_write
2024-01-01 01:11:57.047 INFO [api] request_id=2a135b8d Failed to process warning: Connection timeout after 5000ms
2024-01-01 01:11:58.268 DEBUG [db] request_id=daccb1cb Slow query detected: 764ms for read_cache
2024-01-01 01:11:59.764 INFO [queue] request_id=98c60a47 Processed size user in 18ms
2024-01-01 01:12:00.007 INFO [cache] request_id=81958e02 Processed response delete in 48ms
2024-01-01 01:12:01.454 INFO [cache] request_id=046557d3 Processed tree node in 37ms
2024-01-01 01:12:02.587 INFO [scheduler] request_id=7161590a Processed debug key in 17ms
2024-01-01 01:12:03.522 INFO [auth] request_id=13dbb880 Processed name result in 22ms
2024-01-01 01:12:04.106 INFO [scheduler] request_id=3540d85d Processed tree debug in 33ms
2024-01-01 01:12:05.016 INFO [auth] request_id=dbf44873 Processed user user in 23ms
2024-01-01 01:12:06.674 INFO [cache] request_id=5aa26d84 Processed tree mode in 47ms
2024-01-01 01:12:07.310 INFO [cache] request_id=638a071f Slow query detected: 639ms for message_value
2024-01-01 01:12:08.904 WARN [worker] request_id=8081327f Failed to process id: Connection timeout after 5000ms
2024-01-01 01:12:09.860 INFO [queue] request_id=1fac667a Processed create set in 19ms
2024-01-01 01:12:10.871 INFO [db] request_id=29671a4f Processed node close in 45ms
2024-01-01 01:12:11.080 DEBUG [scheduler] request_id=bac11050 Processed key update in 45ms
2024-01-01 01:12:12.036 WARN [api] request_id=b9629a89 Processed create action in 21ms
2024-01-01 01:12:13.309 DEBUG [scheduler] request_id=8954af6f Processed stack read in 35ms
2024-01-01 01:12:14.477 INFO [db] request_id=5d124a02 Processed index user in 26ms
2024-01-01 01:12:15.996 INFO [auth] request_id=44ab8742 Slow query detected: 884ms for response_config
2024-01-01 01:12:16.772 ERROR [api] request_id=181f19f3 Processed buffer connection in 48ms
2024-01-01 01:12:17.009 INFO [worker] request_id=1906cb14 Processed data open in 42ms
2024-01-01 01:12:18.130 DEBUG [worker] request_id=3535bff0 Failed to process session: Connection timeout after 5000ms
2024-01-01 01:12:19.056 INFO [worker] request_id=98107cd8 Processed warning stop in 17ms
2024-01-01 01:12:20.583 INFO [auth] request_id=59134737 Processed create query in 33ms
2024-01-01 01:12:21.349 INFO [api] request_id=8984abf7 Processed type tree in 7ms
2024-01-01 01:12:22.045 INFO [scheduler] request_id=5dd31aaf Processed data init in 5ms
2024-01-01 01:12:23.650 DEBUG [cache] request_id=437b7eda Processed connection trace in 46ms
2024-01-01 01:12:24.313 DEBUG [auth] request_id=f82691c0 Processed index key in 46ms
2024-01-01 01:12:25.027 ERROR [cache] request_id=ad75b7ad Processed read read in 35ms
2024-01-01 01:12:26.937 WARN [scheduler] request_id=84d277ee Processed delete update in 14ms
2024-01-01 01:12:27.480 INFO [cache] request_id=fc2607da Slow query detected: 815ms for info_action
2024-01-01 01:12:28.554 INFO [cache] request_id=ed7ae7d7 Slow query detected: 302ms for buffer_query
2024-01-01 01:12:29.733 INFO [worker] request_id=e99f8861 Processed transaction name in 7ms
2024-01-01 01:12:30.360 INFO [cache] request_id=ecb1cadd Processed read read in 42ms
2024-01-01 01:12:31.692 ERROR [db] request_id=04c6dbf7 Failed to process total: Connection timeout after 5000ms
2024-01-01 01:12:32.782 INFO [worker] request_id=47d37a25 Slow query detected: 116ms for queue_open
2024-01-01 01:12:33.229 INFO [api] request_id=1c6bb564 Processed size node in 17ms
2024-01-01 01:12:34.078 ERROR [scheduler] request_id=90f474d9 Slow query detected: 327ms for create_offset
2024-01-01 01:12:35.023 INFO [cache] request_id=b634bb73 Processed tree transaction in 12ms
2024-01-01 01:12:36.426 INFO [scheduler] request_id=fd13ddf1 Processed cache update in 22ms
2024-01-01 01:12:37.514 INFO [queue] request_id=55fbc7cb Slow query detected: 285ms for warning_client
2024-01-01 01:12:38.767 INFO [api] request_id=877619b9 Processed user node in 20ms
2024-01-01 01:12:39.686 INFO [worker] request_id=13cbc23f Processed key server in 29ms
2024-01-01 01:12:40.678 INFO [scheduler] request_id=979c932c Processed close offset in 45ms
2024-01-01 01:12:41.794 INFO [queue] request_id=e8531afa Processed node id in 14ms
2024-01-01 01:12:42.953 INFO [cache] request_id=a48aa042 Processed buffer connection in 27ms
2024-01-01 01:12:43.811 WARN [db] request_id=8e0061d9 Processed session action in 47ms
2024-01-01 01:12:44.091 ERROR [cache] request_id=931c5caf Slow query detected: 861ms for status_map
2024-01-01 01:12:45.468 INFO [api] request_id=e596590e Failed to process trace: Connection timeout after 5000ms
2024-01-01 01:12:46.483 ERROR [worker] request_id=52aacfa8 Processed query node in 45ms
2024-01-01 01:12:47.106 INFO [worker] request_id=2df51db4 Processed response request in 3ms
2024-01-01 01:12:48.989 INFO [auth] request_id=ee4c62af Processed message map in 37ms
2024-01-01 01:12:49.572 WARN [db] request_id=6e39b853 Processed open status in 23ms
2024-01-01 01:12:50.447 INFO [scheduler] request_id=77726d1f Processed session read in 49ms
2024-01-01 01:12:51.407 INFO [queue] request_id=3903ba09 Processed delete total in 12ms
2024-01-01 01:12:52.959 WARN [worker] request_id=25b5dbfe Processed start count in 38ms
2024-01-01 01:12:53.742 WARN [db] request_id=fd50cac2 Processed set write in 2ms
2024-01-01 01:12:54.060 DEBUG [auth] request_id=f3b2dddb Slow query detected: 687ms for stop_close
2024-01-01 01:12:55.407 WARN [worker] request_id=564f686c Processed stop queue in 31ms
2024-01-01 01:12:56.756 INFO [cache] request_id=d3fed632 Processed request stop in 18ms
2024-01-01 01:12:57.093 WARN [queue] request_id=a397abb0 Processed result user in 18ms
2024-01-01 01:12:58.583 INFO [cache] request_id=34f43c63 Processed length read in 4ms
2024-01-01 01:12:59.097 INFO [worker] request_id=6745e10d Failed to process key: Connection timeout after 5000ms
2024-01-01 01:13:00.655 WARN [queue] request_id=a5099da6 Processed transaction length in 14ms
2024-01-01 01:13:01.381 WARN [db] request_id=0e931ddc Processed message index in 1ms
2024-01-01 01:13:02.165 INFO [queue] request_id=e88de365 Processed client index in 5ms
2024-01-01 01:13:03.528 WARN [db] request_id=c04abe6c Processed update request in 45ms
2024-01-01 01:13:04.681 DEBUG [auth] request_id=d7e83cab Processed buffer map in 48ms
2024-01-01 01:13:05.198 ERROR [queue] request_id=383ba141 Processed debug transaction in 6ms
2024-01-01 01:13:06.670 ERROR [db] request_id=871aaa7d Processed config key in 33ms
2024-01-01 01:13:07.606 WARN [auth] request_id=3d6ec8e8 Processed tree user in 34ms
2024-01-01 01:13:08.056 INFO [scheduler] request_id=fcf2193c Processed error transaction in 48ms
2024-01-01 01:13:09.204 DEBUG [worker] request_id=cccb4180 Processed length offset in 41ms
2024-01-01 01:13:10.851 WARN [cache] request_id=ee2260fd Processed size stop in 3ms
2024-01-01 01:13:11.806 WARN [cache] request_id=097e1de1 Processed read warning in 14ms
2024-01-01 01:13:12.207 INFO [db] request_id=8b3a7f5c Processed data trace in 45ms
2024-01-01 01:13:13.928 ERROR [db] request_id=025121b1 Processed status name in 28ms
2024-01-01 01:13:14.638 ERROR [db] request_id=9eb193ce Failed to process response: Connection timeout after 5000ms
2024-01-01 01:13:15.083 INFO [api] request_id=be4c69c0 Processed init open in 21ms
2024-01-01 01:13:16.757 DEBUG [scheduler] request_id=1c5c0bc1 Processed read tree in 36ms
2024-01-01 01:13:17.798 INFO [cache] request_id=befd16da Processed action result in 43ms
2024-01-01 01:13:18.353 INFO [auth] request_id=08d49f36 Processed response error in 20ms
2024-01-01 01:13:19.819 ERROR [api] request_id=c80e55e3 Processed map info in 15ms
2024-01-01 01:13:20.901 INFO [scheduler] request_id=9d1be427 Failed to process id: Connection timeout after 5000ms
2024-01-01 01:13:21.127 ERROR [auth] request_id=c890e24c Processed index cache in 39ms
2024-01-01 01:13:22.793 ERROR [auth] request_id=5794fe0b Processed query status in 36ms
2024-01-01 01:13:23.268 DEBUG [worker] request_id=b6aad390 Processed cache trace in 19ms
2024-01-01 01:13:24.489 INFO [auth] request_id=d01345e5 Slow query detected: 275ms for response_user
2024-01-01 01:13:25.460 INFO [db] request_id=3b941d80 Failed to process message: Connection timeout after 5000ms
2024-01-01 01:13:26.090 INFO [db] request_id=e4dbfca4 Failed to process init: Connection timeout after 5000ms
2024-01-01 01:13:27.291 DEBUG [db] request_id=cd343ba7 Processed total length in 8ms
2024-01-01 01:13:28.535 DEBUG [worker] request_id=895907e7 Processed list server in 42ms
2024-01-01 01:13:29.340 INFO [queue] request_id=c7c42965 Slow query detected: 164ms for map_cache
2024-01-01 01:13:30.169 INFO [auth] request_id=3292724c Processed index buffer in 44ms
2024-01-01 01:13:31.595 ERROR [api] request_id=b2c52d38 Processed trace mode in 29ms
2024-01-01 01:13:32.841 INFO [db] request_id=a8d41406 Processed init action in 47ms
2024-01-01 01:13:33.604 INFO [scheduler] request_id=9b591b51 Processed server set in 38ms
2024-01-01 01:13:34.004 INFO [queue] request_id=c1c48dac Processed cache map in 35ms
2024-01-01 01:13:35.611 INFO [cache] request_id=e21c3c84 Failed to process transaction: Connection timeout after 5000ms
2024-01-01 01:13:36.760 INFO [worker] request_id=2cd6bc5d Slow query detected: 221ms for query_value
2024-01-01 01:13:37.228 ERROR [worker] request_id=d064cf67 Slow query detected: 108ms for debug_read
2024-01-01 01:13:38.625 INFO [worker] request_id=9cbecd3b Processed total close in 18ms
2024-01-01 01:13:39.510 INFO [queue] request_id=188f9c60 Processed data server in 35ms
2024-01-01 01:13:40.469 INFO [queue] request_id=3ac9af57 Processed node delete in 11ms
2024-01-01 01:13:41.435 INFO [db] request_id=7fe2c771 Processed status queue in 4ms
2024-01-01 01:13:42.941 INFO [cache] request_id=60467d06 Processed info size in 41ms
2024-01-01 01:13:43.072 INFO [db] request_id=005afad6 Processed update init in 7ms
2024-01-01 01:13:44.298 INFO [queue] request_id=8aad1a70 Processed data update in 47ms
2024-01-01 01:13:45.734 INFO [auth] request_id=0c5b66ce Processed warning connection in 38ms
2024-01-01 01:13:46.813 WARN [cache] request_id=4ddd0be2 Failed to process close: Connection timeout after 5000ms
2024-01-01 01:13:47.127 INFO [db] request_id=1d6b2e01 Slow query detected: 375ms for total_action
2024-01-01 01:13:48.008 WARN [api] request_id=54b107b8 Processed info debug in 29ms
2024-01-01 01:13:49.369 INFO [scheduler] request_id=092465d9 Failed to process close: Connection timeout after 5000ms
2024-01-01 01:13:50.007 INFO [worker] request_id=4729d46f Failed to process request: Connection timeout after 5000ms
2024-01-01 01:13:51.952 INFO [queue] request_id=f2013131 Failed to process data: Connection timeout after 5000ms
2024-01-01 01:13:52.748 ERROR [auth] request_id=e5bdb9e6 Processed user buffer in 35ms
2024-01-01 01:13:53.301 INFO [worker] request_id=a5dccc8f Processed offset type in 30ms
2024-01-01 01:13:54.890 INFO [db] request_id=f94d404f Processed offset debug in 43ms
2024-01-01 01:13:55.911 INFO [cache] request_id=12da1b9d Failed to process offset: Connection timeout after 5000ms
2024-01-01 01:13:56.270 ERROR [db] request_id=cb9d835c Failed to process cache: Connection timeout after 5000ms
2024-01-01 01:13:57.338 DEBUG [cache] request_id=0f30460f Processed size size in 3ms
2024-01-01 01:13:58.561 DEBUG [scheduler] request_id=22c1669f Processed user map in 30ms
2024-01-01 01:13:59.916 INFO [queue] request_id=3e57c154 Processed tree length in 14ms
2024-01-01 01:14:00.883 INFO [api] request_id=f212feed Processed start type in 49ms
2024-01-01 01:14:01.621 INFO [worker] request_id=6d7a729e Processed transaction tree in 36ms
2024-01-01 01:14:02.713 INFO [scheduler] request_id=a644b824 Failed to process message: Connection timeout after 5000ms
2024-01-01 01:14:03.822 INFO [cache] request_id=08ee7ee4 Failed to process action: Connection timeout after 5000ms
2024-01-01 01:14:04.297 DEBUG [worker] request_id=3582b7de Processed name buffer in 29ms
2024-01-01 01:14:05.676 INFO [db] request_id=3d6ffb60 Processed id size in 41ms
2024-01-01 01:14:06.883 WARN [db] request_id=151c1dff Processed result buffer in 30ms
2024-01-01 01:14:07.547 ERROR [db] request_id=24c48566 Processed response type in 35ms
2024-01-01 01:14:08.218 WARN [auth] request_id=9ed74eeb Processed mode read in 37ms
2024-01-01 01:14:09.896 INFO [cache] request_id=39732f39 Processed connection result in 40ms
2024-01-01 01:14:10.898 WARN [scheduler] request_id=41ee3834 Failed to process query: Connection timeout after 5000ms
2024-01-01 01:14:11.568 INFO [queue] request_id=7c1fe3fe Slow query detected: 449ms for index_user
2024-01-01 01:14:12.749 INFO [scheduler] request_id=e14d6319 Processed result id in 11ms
2024-01-01 01:14:13.679 INFO [queue] request_id=718dabc7 Processed config close in 48ms
2024-01-01 01:14:14.666 INFO [api] request_id=eb73a618 Processed close close in 14ms
2024-01-01 01:14:15.004 INFO [worker] request_id=03848b8b Processed stack count in 44ms
2024-01-01 01:14:16.733 INFO [api] request_id=393ee15d Processed map update in 16ms
2024-01-01 01:14:17.859 INFO [queue] request_id=81d701a7 Processed action queue in 36ms
2024-01-01 01:14:18.012 WARN [scheduler] request_id=b6d10651 Processed stop query in 6ms
2024-01-01 01:14:19.667 ERROR [queue] request_id=9da22fc0 Failed to process length: Connection timeout after 5000ms
2024-01-01 01:14:20.837 INFO [cache] request_id=1bd7cf25 Failed to process transaction: Connection timeout after 5000ms
2024-01-01 01:14:21.611 INFO [queue] request_id=f7d46506 Processed result connection in 42ms
2024-01-01 01:14:22.036 INFO [scheduler] request_id=2830d454 Processed error cache in 32ms
2024-01-01 01:14:23.959 INFO [api] request_id=5dab12ba Processed list config in 29ms
2024-01-01 01:14:24.055 WARN [db] request_id=ae8d633e Processed info error in 32ms
2024-01-01 01:14:25.105 INFO [auth] request_id=2b6ca305 Processed size data in 50ms
2024-01-01 01:14:26.794 DEBUG [queue] request_id=a45bf24f Processed query start in 22ms
2024-01-01 01:14:27.131 DEBUG [auth] request_id=0af8ff84 Failed to process config: Connection timeout after 5000ms
2024-01-01 01:14:28.913 WARN [auth] request_id=4fc81851 Slow query detected: 636ms for set_delete
2024-01-01 01:14:29.942 INFO [queue] request_id=ccf9f271 Processed user client in 11ms
2024-01-01 01:14:30.148 ERROR [api] request_id=20ae6c8d Processed node query in 42ms
2024-01-01 01:14:31.314 INFO [queue] request_id=01c71e59 Slow query detected: 143ms for action_id
2024-01-01 01:14:32.715 INFO [cache] request_id=0a46fab0 Processed response data in 17ms
2024-01-01 01:14:33.124 ERROR [scheduler] request_id=496cd69b Failed to process read: Connection timeout after 5000ms
2024-01-01 01:14:34.636 WARN [queue] request_id=dcd5bb87 Processed delete tree in 21ms
2024-01-01 01:14:35.259 INFO [db] request_id=e3d2de00 Processed connection tree in 35ms
2024-01-01 01:14:36.453 WARN [cache] request_id=1958e09c Processed trace init in 6ms
2024-01-01 01:14:37.468 ERROR [queue] request_id=901c1af2 Processed set cache in 37ms
2024-01-01 01:14:38.417 ERROR [auth] request_id=5dc5cd86 Processed action index in 5ms
2024-01-01 01:14:39.877 INFO [api] request_id=ad534a2b Processed mode list in 34ms
2024-01-01 01:14:40.092 INFO [auth] request_id=2239cb80 Processed action error in 38ms
2024-01-01 01:14:41.286 INFO [scheduler] request_id=46c47d93 Failed to process node: Connection timeout after 5000ms
2024-01-01 01:14:42.050 INFO [db] request_id=c7854b7e Processed session update in 35ms
2024-01-01 01:14:43.064 INFO [queue] request_id=22e3f83e Slow query detected: 492ms for read_length
2024-01-01 01:14:44.430 INFO [cache] request_id=9d072708 Failed to process tree: Connection timeout after 5000ms
2024-01-01 01:14:45.938 INFO [queue] request_id=4a897c3e Processed length response in 12ms
2024-01-01 01:14:46.256 ERROR [api] request_id=fdf6914b Processed result cache in 46ms
2024-01-01 01:14:47.575 WARN [worker] request_id=c0feb639 Slow query detected: 210ms for init_transaction
2024-01-01 01:14:48.629 INFO [auth] request_id=5dc406a7 Processed offset key in 42ms
2024-01-01 01:14:49.220 WARN [api] request_id=d3137448 Failed to process server: Connection timeout after 5000ms
2024-01-01 01:14:50.771 DEBUG [auth] request_id=7dd5e0c0 Processed close cache in 15ms
2024-01-01 01:14:51.249 INFO [cache] request_id=75db098b Failed to process info: Connection timeout after 5000ms
2024-01-01 01:14:52.624 ERROR [db] request_id=582957aa Failed to process write: Connection timeout after 5000ms
2024-01-01 01:14:53.680 ERROR [auth] request_id=9bb3da34 Processed tree delete in 47ms
2024-01-01 01:14:54.432 WARN [scheduler] request_id=e5137f33 Slow query detected: 641ms for debug_error
2024-01-01 01:14:55.199 INFO [auth] request_id=0a5b1f6c Processed list server in 13ms
2024-01-01 01:14:56.957 ERROR [scheduler] request_id=bae52fc0 Processed key total in 20ms
2024-01-01 01:14:57.409 INFO [auth] request_id=ded77753 Failed to process stack: Connection timeout after 5000ms
2024-01-01 01:14:58.424 INFO [worker] request_id=2ca8de3a Processed error queue in 13ms
2024-01-01 01:14:59.675 INFO [api] request_id=ff4f6272 Failed to process set: Connection timeout after 5000ms
2024-01-01 01:15:00.338 INFO [worker] request_id=a8152b53 Processed config result in 20ms
2024-01-01 01:15:01.809 INFO [auth] request_id=b111a7b7 Slow query detected: 159ms for info_status
2024-01-01 01:15:02.147 WARN [auth] request_id=e60c3c78 Processed info key in 10ms
2024-01-01 01:15:03.714 WARN [api] request_id=d5bc2aef Processed set query in 14ms
2024-01-01 01:15:04.255 ERROR [queue] request_id=ad59a58e Processed client value in 24ms
2024-01-01 01:15:05.770 WARN [worker] request_id=a3bb4533 Processed map set in 25ms
2024-01-01 01:15:06.043 INFO [queue] request_id=5c995916 Processed length queue in 19ms
2024-01-01 01:15:07.233 ERROR [api] request_id=3a23b6f8 Failed to process type: Connection timeout after 5000ms
2024-01-01 01:15:08.039 WARN [db] request_id=deec0594 Processed connection type in 36ms
2024-01-01 01:15:09.635 DEBUG [db] request_id=442e4ce9 Processed count message in 19ms
2024-01-01 01:15:10.331 ERROR [queue] request_id=0c961fcc Processed cache status in 46ms
2024-01-01 01:15:11.915 ERROR [db] request_id=357fda97 Processed map node in 38ms
2024-01-01 01:15:12.578 WARN [api] request_id=28c9d9b7 Processed read close in 12ms
2024-01-01 01:15:13.093 DEBUG [queue] request_id=4d712106 Processed stack server in 32ms
2024-01-01 01:15:14.185 ERROR [api] request_id=3311b872 Processed key user in 19ms
2024-01-01 01:15:15.371 INFO [queue] request_id=5bde231b Processed type data in 33ms
2024-01-01 01:15:16.353 ERROR [api] request_id=afbc284c Processed response query in 15ms
2024-01-01 01:15:17.778 INFO [api] request_id=79c74cd8 Failed to process server: Connection timeout after 5000ms
2024-01-01 01:15:18.017 INFO [db] request_id=07ff52e2 Processed status trace in 48ms
2024-01-01 01:15:19.404 WARN [cache] request_id=ee0ef635 Processed delete queue in 22ms
2024-01-01 01:15:20.363 INFO [queue] request_id=5676b9ab Failed to process tree: Connection timeout after 5000ms
2024-01-01 01:15:21.802 DEBUG [queue] request_id=88b27fe4 Processed user update in 24ms
2024-01-01 01:15:22.717 INFO [db] request_id=b7b1ed32 Processed info write in 46ms
2024-01-01 01:15:23.344 ERROR [auth] request_id=3849e15b Processed user tree in 45ms
2024-01-01 01:15:24.325 WARN [cache] request_id=901126cc Failed to process key: Connection timeout after 5000ms
2024-01-01 01:15:25.363 INFO [scheduler] request_id=a8d029b6 Processed info init in 34ms
2024-01-01 01:15:26.240 ERROR [api] request_id=d37236d8 Processed debug warning in 8ms
2024-01-01 01:15:27.174 INFO [queue] request_id=9428ec9e Processed close update in 1ms
2024-01-01 01:15:28.437 DEBUG [cache] request_id=e0e35bf8 Processed queue info in 25ms
2024-01-01 01:15:29.317 DEBUG [api] request_id=31a31e89 Processed user size in 42ms
2024-01-01 01:15:30.438 WARN [api] request_id=e46dface Failed to process warning: Connection timeout after 5000ms
2024-01-01 01:15:31.902 WARN [queue] request_id=4b92cd6a Processed close message in 41ms
2024-01-01 01:15:32.344 INFO [worker] request_id=f3057d90 Processed mode response in 50ms
2024-01-01 01:15:33.300 DEBUG [auth] request_id=ea9588a4 Slow query detected: 738ms for value_list
2024-01-01 01:15:34.901 INFO [cache] request_id=5b85f410 Processed debug key in 11ms
2024-01-01 01:15:35.231 ERROR [cache] request_id=d22c917e Processed init mode in 38ms
2024-01-01 01:15:36.800 INFO [auth] request_id=453ac07c Slow query detected: 777ms for value_write
2024-01-01 01:15:37.028 WARN [queue] request_id=624fe687 Failed to process server: Connection timeout after 5000ms
2024-01-01 01:15:38.347 INFO [queue] request_id=c13b7854 Processed transaction id in 37ms
2024-01-01 01:15:39.202 INFO [auth] request_id=862dee29 Processed name response in 34ms
2024-01-01 01:15:40.686 INFO [queue] request_id=eff07f3d Processed key info in 10ms
2024-01-01 01:15:41.527 DEBUG [auth] request_id=66108de7 Processed response map in 15ms
2024-01-01 01:15:42.536 INFO [api] request_id=b301b720 Slow query detected: 820ms for cache_read
2024-01-01 01:15:43.043 INFO [worker] request_id=acd5a0b0 Processed stop read in 5ms
2024-01-01 01:15:44.487 INFO [api] request_id=89b69859 Slow query detected: 348ms for debug_session
2024-01-01 01:15:45.559 DEBUG [auth] request_id=6478642c Processed total set in 25ms
2024-01-01 01:15:46.833 DEBUG [scheduler] request_id=1bbc3e7a Processed write create in 38ms
2024-01-01 01:15:47.837 DEBUG [cache] request_id=705e7b31 Slow query detected: 881ms for message_error
2024-01-01 01:15:48.921 INFO [auth] request_id=c904cbdf Processed warning query in 28ms
2024-01-01 01:15:49.116 INFO [auth] request_id=71197839 Processed type config in 19ms
2024-01-01 01:15:50.471 ERROR [cache] request_id=76dc4563 Processed delete list in 4ms
2024-01-01 01:15:51.035 DEBUG [queue] request_id=51420b63 Processed set message in 32ms
2024-01-01 01:15:52.978 ERROR [queue] request_id=47d29702 Failed to process index: Connection timeout after 5000ms
2024-01-01 01:15:53.435 INFO [cache] request_id=f585ee67 Processed delete data in 40ms
2024-01-01 01:15:54.521 ERROR [queue] request_id=061668cd Processed data value in 41ms
2024-01-01 01:15:55.698 INFO [api] request_id=8dd2be04 Processed mode data in 29ms
2024-01-01 01:15:56.583 DEBUG [queue] request_id=959b3525 Processed queue total in 13ms
2024-01-01 01:15:57.995 INFO [worker] request_id=9e17c918 Processed config map in 21ms
2024-01-01 01:15:58.574 INFO [api] request_id=afc06351 Processed error result in 29ms
2024-01-01 01:15:59.686 INFO [worker] request_id=3bc35cac Processed read status in 22ms
2024-01-01 01:16:00.330 INFO [queue] request_id=6628258f Processed create init in 33ms
2024-01-01 01:16:01.884 INFO [db] request_id=c363e858 Slow query detected: 131ms for value_start
2024-01-01 01:16:02.273 INFO [api] request_id=399c741d Slow query detected: 362ms for size_buffer
2024-01-01 01:16:03.117 INFO [scheduler] request_id=d79ace16 Processed response type in 30ms
2024-01-01 01:16:04.064 INFO [queue] request_id=1fa90d9a Processed config set in 20ms
2024-01-01 01:16:05.739 INFO [db] request_id=26649a2a Processed delete action in 29ms
2024-01-01 01:16:06.620 DEBUG [cache] request_id=6de40713 Processed length data in 17ms
2024-01-01 01:16:07.188 INFO [api] request_id=ba36772a Processed connection stop in 14ms
2024-01-01 01:16:08.574 INFO [api] request_id=8fdaf11a Slow query detected: 316ms for request_id
2024-01-01 01:16:09.058 INFO [db] request_id=fac6d0bf Failed to process buffer: Connection timeout after 5000ms
2024-01-01 01:16:10.311 INFO [api] request_id=189732ac Processed write request in 6ms
2024-01-01 01:16:11.220 ERROR [auth] request_id=6ce2cec3 Processed info count in 36ms
2024-01-01 01:16:12.640 INFO [scheduler] request_id=52c0677d Processed start write in 48ms
2024-01-01 01:16:13.331 WARN [queue] request_id=6a48cfe8 Failed to process total: Connection timeout after 5000ms
2024-01-01 01:16:14.720 WARN [cache] request_id=31d312a6 Failed to process count: Connection timeout after 5000ms
2024-01-01 01:16:15.125 INFO [scheduler] request_id=3e680bcf Processed map total in 35ms
2024-01-01 01:16:16.918 INFO [scheduler] request_id=e10aa0d9 Processed config init in 31ms
2024-01-01 01:16:17.273 DEBUG [worker] request_id=e14dcaee Processed server session in 8ms
2024-01-01 01:16:18.336 WARN [cache] request_id=5ac754c2 Slow query detected: 718ms for count_list
2024-01-01 01:16:19.377 INFO [api] request_id=aec8ff2e Processed read message in 19ms
2024-01-01 01:16:20.272 DEBUG [api] request_id=f64c3035 Slow query detected: 636ms for error_request
2024-01-01 01:16:21.564 INFO [db] request_id=37a98cf7 Failed to process delete: Connection timeout after 5000ms
2024-01-01 01:16:22.108 WARN [cache] request_id=d97603b4 Failed to process delete: Connection timeout after 5000ms
2024-01-01 01:16:23.386 WARN [db] request_id=ab01059e Processed warning result in 18ms
2024-01-01 01:16:24.097 INFO [api] request_id=15195318 Failed to process delete: Connection timeout after 5000ms
2024-01-01 01:16:25.759 INFO [auth] request_id=0b3edd3c Processed user stop in 23ms
2024-01-01 01:16:26.095 WARN [auth] request_id=7c0eb31b Slow query detected: 248ms for buffer_list
2024-01-01 01:16:27.274 INFO [scheduler] request_id=bb39fb7c Processed message session in 7ms
2024-01-01 01:16:28.044 DEBUG [queue] request_id=d7356603 Slow query detected: 476ms for stop_offset
2024-01-01 01:16:29.504 ERROR [db] request_id=d355a5e2 Processed request debug in 38ms
2024-01-01 01:16:30.426 INFO [db] request_id=58d1afdb Processed status server in 27ms
2024-01-01 01:16:31.487 INFO [api] request_id=9f73932d Slow query detected: 390ms for session_result
2024-01-01 01:16:32.526 INFO [db] request_id=c367d350 Processed data delete in 12ms
2024-01-01 01:16:33.387 INFO [auth] request_id=9d9cd846 Failed to process info: Connection timeout after 5000ms
2024-01-01 01:16:34.022 INFO [auth] request_id=075799f8 Processed response update in 17ms
2024-01-01 01:16:35.280 INFO [queue] request_id=06af4fd1 Failed to process map: Connection timeout after 5000ms
2024-01-01 01:16:36.639 WARN [worker] request_id=02206956 Slow query detected: 658ms for query_delete
2024-01-01 01:16:37.705 INFO [worker] request_id=f0d6d359 Processed trace open in 9ms
2024-01-01 01:16:38.130 WARN [api] request_id=3c049dc6 Slow query detected: 443ms for total_count
2024-01-01 01:16:39.435 INFO [cache] request_id=69ca264d Failed to process query: Connection timeout after 5000ms
2024-01-01 01:16:40.997 ERROR [api] request_id=20ac50e8 Processed read session in 45ms
2024-01-01 01:16:41.572 INFO [cache] request_id=208b2413 Failed to process start: Connection timeout after 5000ms
2024-01-01 01:16:42.878 DEBUG [scheduler] request_id=7be8e43d Failed to process response: Connection timeout after 5000ms
2024-01-01 01:16:43.079 WARN [api] request_id=5926855e Processed key status in 47ms
2024-01-01 01:16:44.170 INFO [auth] request_id=d255b798 Processed length debug in 24ms
2024-01-01 01:16:45.352 INFO [scheduler] request_id=ed3eec91 Slow query detected: 461ms for queue_write
2024-01-01 01:16:46.350 DEBUG [auth] request_id=666bd2a8 Failed to process open: Connection timeout after 5000ms
2024-01-01 01:16:47.697 DEBUG [queue] request_id=2d4828a5 Processed size count in 39ms
2024-01-01 01:16:48.107 DEBUG [scheduler] request_id=39099f26 Slow query detected: 277ms for error_tree
2024-01-01 01:16:49.497 WARN [db] request_id=e4f2fa91 Processed init size in 28ms
2024-01-01 01:16:50.160 INFO [api] request_id=daed49f3 Processed query connection in 37ms
2024-01-01 01:16:51.506 WARN [cache] request_id=ce7d9b30 Slow query detected: 812ms for count_set
2024-01-01 01:16:52.920 WARN [queue] request_id=3fed1a42 Processed map init in 37ms
2024-01-01 01:16:53.395 WARN [db] request_id=c991e398 Processed create error in 18ms
2024-01-01 01:16:54.278 WARN [auth] request_id=d28fa91b Processed open action in 35ms
2024-01-01 01:16:55.392 INFO [api] request_id=6ab86a76 Processed config init in 28ms
2024-01-01 01:16:56.559 ERROR [api] request_id=04b781ee Slow query detected: 225ms for length_update
2024-01-01 01:16:57.935 INFO [queue] request_id=330fb519 Processed session delete in 29ms
2024-01-01 01:16:58.610 INFO [worker] request_id=5fb8b606 Processed request queue in 20ms
2024-01-01 01:16:59.396 ERROR [worker] request_id=ea96fe8e Processed stop type in 26ms
2024-01-01 01:17:00.943 INFO [queue] request_id=7543904f Processed type config in 8ms
2024-01-01 01:17:01.595 INFO [cache] request_id=62d27070 Processed status count in 50ms
2024-01-01 01:17:02.965 ERROR [worker] request_id=5e0d332c Failed to process message: Connection timeout after 5000ms
2024-01-01 01:17:03.310 ERROR [api] request_id=7d63bcf1 Failed to process error: Connection timeout after 5000ms
2024-01-01 01:17:04.674 INFO [api] request_id=c58e2ac4 Failed to process create: Connection timeout after 5000ms
2024-01-01 01:17:05.496 INFO [queue] request_id=6795869f Processed data map in 18ms
2024-01-01 01:17:06.237 ERROR [db] request_id=7691c06c Processed start read in 29ms
2024-01-01 01:17:07.294 WARN [worker] request_id=2e3a27f9 Processed client info in 1ms
2024-01-01 01:17:08.649 DEBUG [api] request_id=f40070e6 Processed offset name in 34ms
2024-01-01 01:17:09.176 DEBUG [api] request_id=3b582832 Processed debug set in 21ms
2024-01-01 01:17:10.764 INFO [cache] request_id=1d6def14 Processed transaction total in 22ms
2024-01-01 01:17:11.446 INFO [auth] request_id=73858db0 Processed warning start in 46ms
2024-01-01 01:17:12.911 INFO [queue] request_id=c5b8309f Processed total client in 5ms
2024-01-01 01:17:13.147 WARN [db] request_id=bef762f3 Slow query detected: 240ms for result_map
2024-01-01 01:17:14.066 INFO [worker] request_id=6fd4ca1b Processed query transaction in 34ms
2024-01-01 01:17:15.848 ERROR [cache] request_id=37b14938 Processed write query in 1ms
2024-01-01 01:17:16.757 INFO [queue] request_id=d676fecb Failed to process read: Connection timeout after 5000ms
2024-01-01 01:17:17.087 DEBUG [queue] request_id=9491bc6a Slow query detected: 911ms for stop_trace
2024-01-01 01:17:18.313 ERROR [auth] request_id=b88ecb20 Processed cache map in 10ms
2024-01-01 01:17:19.771 WARN [auth] request_id=b9f2b092 Processed node create in 15ms
2024-01-01 01:17:20.927 INFO [auth] request_id=a85c91fc Slow query detected: 878ms for create_mode
2024-01-01 01:17:21.087 INFO [api] request_id=07129ec6 Processed transaction type in 29ms
2024-01-01 01:17:22.354 WARN [cache] request_id=e9f83b8b Slow query detected: 869ms for length_open
2024-01-01 01:17:23.272 WARN [auth] request_id=bed83a3d Processed message message in 39ms
2024-01-01 01:17:24.332 DEBUG [scheduler] request_id=c3777c40 Processed query update in 19ms
2024-01-01 01:17:25.214 INFO [cache] request_id=95c31fd7 Processed type close in 7ms
2024-01-01 01:17:26.487 INFO [scheduler] request_id=34d525f9 Failed to process read: Connection timeout after 5000ms
2024-01-01 01:17:27.582 INFO [worker] request_id=3b432f43 Processed list value in 18ms
2024-01-01 01:17:28.237 INFO [worker] request_id=fbb58e65 Processed action server in 7ms
2024-01-01 01:17:29.971 ERROR [db] request_id=56b5d1c8 Processed close node in 10ms
2024-01-01 01:17:30.913 INFO [db] request_id=55619c96 Slow query detected: 407ms for count_mode
2024-01-01 01:17:31.366 ERROR [cache] request_id=1d02f8cc Processed trace node in 4ms
2024-01-01 01:17:32.410 DEBUG [api] request_id=252f8090 Processed info open in 4ms
2024-01-01 01:17:33.697 INFO [auth] request_id=a5b40119 Processed config key in 2ms
2024-01-01 01:17:34.871 INFO [db] request_id=b41ce616 Processed stack write in 5ms
2024-01-01 01:17:35.117 DEBUG [auth] request_id=5164ae3d Failed to process query: Connection timeout after 5000ms
2024-01-01 01:17:36.680 ERROR [worker] request_id=0f6ca409 Processed type key in 2ms
2024-01-01 01:17:37.355 ERROR [cache] request_id=5a7940bb Slow query detected: 334ms for size_index
2024-01-01 01:17:38.507 INFO [api] request_id=a59aeec6 Processed stack tree in 28ms
2024-01-01 01:17:39.093 INFO [queue] request_id=9936e649 Failed to process create: Connection timeout after 5000ms
2024-01-01 01:17:40.940 DEBUG [queue] request_id=8a2ea40a Failed to process action: Connection timeout after 5000ms
2024-01-01 01:17:41.636 WARN [worker] request_id=418c0cbd Slow query detected: 845ms for map_transaction
2024-01-01 01:17:42.306 INFO [scheduler] request_id=a020d0a8 Processed type index in 33ms
2024-01-01 01:17:43.484 DEBUG [api] request_id=6722890a Processed read trace in 7ms
2024-01-01 01:17:44.680 WARN [cache] request_id=58dcf8bf Slow query detected: 875ms for status_create
2024-01-01 01:17:45.395 INFO [queue] request_id=5f80052f Slow query detected: 948ms for trace_user
2024-01-01 01:17:46.633 INFO [cache] request_id=b3b61ce1 Processed delete tree in 17ms
2024-01-01 01:17:47.471 INFO [worker] request_id=e4ffc64f Failed to process response: Connection timeout after 5000ms
2024-01-01 01:17:48.420 INFO [db] request_id=74b0151d Slow query detected: 618ms for create_list
2024-01-01 01:17:49.499 INFO [auth] request_id=2fab019c Processed config node in 34ms
2024-01-01 01:17:50.861 INFO [db] request_id=2be5aa52 Failed to process connection: Connection timeout after 5000ms
2024-01-01 01:17:51.549 INFO [queue] request_id=40c52b7e Processed server name in 23ms
2024-01-01 01:17:52.550 INFO [db] request_id=aa252459 Processed map config in 28ms
2024-01-01 01:17:53.382 DEBUG [queue] request_id=451dc671 Processed user key in 6ms
2024-01-01 01:17:54.992 WARN [queue] request_id=3a1a8e7a Failed to process client: Connection timeout after 5000ms
2024-01-01 01:17:55.613 INFO [api] request_id=6f73d329 Processed transaction error in 32ms
2024-01-01 01:17:56.582 DEBUG [worker] request_id=54d9a2d0 Slow query detected: 203ms for map_queue
2024-01-01 01:17:57.521 INFO [cache] request_id=b97aa588 Failed to process start: Connection timeout after 5000ms
2024-01-01 01:17:58.606 ERROR [db] request_id=9e24e158 Failed to process query: Connection timeout after 5000ms
2024-01-01 01:17:59.868 ERROR [db] request_id=a991edd3 Failed to process trace: Connection timeout after 5000ms
2024-01-01 01:18:00.547 DEBUG [api] request_id=0e1384ff Processed trace read in 44ms
2024-01-01 01:18:01.337 INFO [auth] request_id=7dd2423e Failed to process buffer: Connection timeout after 5000ms
2024-01-01 01:18:02.736 INFO [auth] request_id=cfdd85ec Processed node name in 50ms
2024-01-01 01:18:03.807 DEBUG [worker] request_id=a33895d7 Slow query detected: 182ms for update_close
2024-01-01 01:18:04.706 WARN [scheduler] request_id=aab20973 Processed queue start in 50ms
2024-01-01 01:18:05.824 INFO [cache] request_id=69d45825 Processed stop list in 8ms
2024-01-01 01:18:06.049 INFO [scheduler] request_id=c1e1ba61 Processed trace read in 29ms
2024-01-01 01:18:07.912 INFO [scheduler] request_id=77bdeb1a Processed queue error in 24ms
2024-01-01 01:18:08.032 INFO [scheduler] request_id=da60822c Failed to process id: Connection timeout after 5000ms
2024-01-01 01:18:09.383 INFO [api] request_id=ddacccf1 Slow query detected: 544ms for start_config
2024-01-01 01:18:10.012 ERROR [api] request_id=c8cb5721 Slow query detected: 877ms for request_info
2024-01-01 01:18:11.639 DEBUG [auth] request_id=5354b540 Processed set result in 30ms
2024-01-01 01:18:12.201 INFO [cache] request_id=2d9d0499 Processed offset stack in 1ms
2024-01-01 01:18:13.853 DEBUG [auth] request_id=6747fcd6 Processed length trace in 17ms
2024-01-01 01:18:14.045 ERROR [queue] request_id=14e3f087 Processed type list in 15ms
2024-01-01 01:18:15.256 WARN [worker] request_id=ffacbf1f Processed start buffer in 29ms
2024-01-01 01:18:16.664 ERROR [queue] request_id=1c392f6a Processed close map in 33ms
2024-01-01 01:18:17.049 INFO [db] request_id=00a5a152 Processed session mode in 11ms
2024-01-01 01:18:18.615 INFO [cache] request_id=60300dc2 Processed value index in 13ms
2024-01-01 01:18:19.279 ERROR [auth] request_id=47ef75aa Failed to process user: Connection timeout after 5000ms
2024-01-01 01:18:20.029 INFO [queue] request_id=5d6cab15 Slow query detected: 319ms for map_node
2024-01-01 01:18:21.803 WARN [queue] request_id=75272216 Slow query detected: 109ms for init_transaction
2024-01-01 01:18:22.388 INFO [api] request_id=ef5a4c28 Slow query detected: 436ms for status_response
2024-01-01 01:18:23.862 INFO [db] request_id=08e382fc Failed to process read: Connection timeout after 5000ms
2024-01-01 01:18:24.967 INFO [db] request_id=04904bb7 Slow query detected: 844ms for list_name
2024-01-01 01:18:25.271 ERROR [queue] request_id=571fb87d Processed error queue in 25ms
2024-01-01 01:18:26.900 DEBUG [queue] request_id=60e0f6a8 Failed to process trace: Connection timeout after 5000ms
2024-01-01 01:18:27.962 DEBUG [cache] request_id=be119f13 Processed count result in 46ms
2024-01-01 01:18:28.018 INFO [api] request_id=054acaac Slow query detected: 312ms for write_status
2024-01-01 01:18:29.375 INFO [scheduler] request_id=c3a19fb3 Processed message action in 40ms
2024-01-01 01:18:30.246 INFO [worker] request_id=afb15669 Processed name status in 50ms
2024-01-01 01:18:31.527 WARN [worker] request_id=ab5e7b7d Slow query detected: 844ms for error_count
2024-01-01 01:18:32.599 WARN [db] request_id=90cbf105 Processed session server in 24ms
2024-01-01 01:18:33.708 INFO [api] request_id=d960fb2b Processed result size in 34ms
2024-01-01 01:18:34.678 INFO [cache] request_id=73a1df9e Slow query detected: 641ms for name_error
2024-01-01 01:18:35.657 WARN [db] request_id=b1fd81f5 Processed tree message in 2ms
2024-01-01 01:18:36.188 INFO [scheduler] request_id=7ebd04a6 Processed connection stack in 3ms
2024-01-01 01:18:37.335 DEBUG [queue] request_id=7eace422 Processed mode index in 29ms
2024-01-01 01:18:38.970 WARN [api] request_id=99897c5f Processed tree cache in 35ms
2024-01-01 01:18:39.051 INFO [auth] request_id=70ba65de Processed name info in 18ms
2024-01-01 01:18:40.628 INFO [db] request_id=a2a344b9 Slow query detected: 130ms for map_mode
2024-01-01 01:18:41.323 INFO [worker] request_id=546e4fdc Processed stop total in 34ms
2024-01-01 01:18:42.991 INFO [auth] request_id=932353ca Slow query detected: 239ms for open_query
2024-01-01 01:18:43.149 INFO [db] request_id=27b6448f Processed queue key in 9ms
2024-01-01 01:18:44.015 ERROR [auth] request_id=4d9e930d Processed length delete in 22ms
2024-01-01 01:18:45.508 ERROR [db] request_id=5eb64408 Failed to process action: Connection timeout after 5000ms
2024-01-01 01:18:46.451 INFO [api] request_id=304d852d Slow query detected: 242ms for start_request
2024-01-01 01:18:47.214 DEBUG [api] request_id=9d603a23 Processed node create in 17ms
2024-01-01 01:18:48.685 ERROR [scheduler] request_id=a1f443a5 Failed to process cache: Connection timeout after 5000ms
2024-01-01 01:18:49.033 INFO [db] request_id=26d3c48e Slow query detected: 823ms for open_total
2024-01-01 01:18:50.713 INFO [auth] request_id=2bdc7dc0 Processed write cache in 29ms
2024-01-01 01:18:51.438 WARN [scheduler] request_id=e8954182 Processed warning message in 23ms
2024-01-01 01:18:52.586 INFO [api] request_id=87cecc5d Processed trace init in 18ms
2024-01-01 01:18:53.106 WARN [db] request_id=434ad621 Slow query detected: 581ms for mode_server
2024-01-01 01:18:54.112 WARN [queue] request_id=d8029588 Processed index response in 11ms
2024-01-01 01:18:55.289 INFO [db] request_id=b29d1687 Processed query user in 29ms
2024-01-01 01:18:56.130 DEBUG [cache] request_id=11c91eb3 Failed to process id: Connection timeout after 5000ms
2024-01-01 01:18:57.541 INFO [worker] request_id=c9260fa1 Slow query detected: 867ms for node_action
2024-01-01 01:18:58.569 INFO [auth] request_id=9d3bb7b2 Slow query detected: 534ms for total_error
2024-01-01 01:18:59.757 DEBUG [queue] request_id=a9f739cb Processed server info in 41ms
2024-01-01 01:19:00.829 INFO [db] request_id=2d04264b Failed to process index: Connection timeout after 5000ms
2024-01-01 01:19:01.386 INFO [api] request_id=28275bf1 Processed update result in 12ms
2024-01-01 01:19:02.764 INFO [cache] request_id=bfbe0642 Processed cache transaction in 14ms
2024-01-01 01:19:03.305 INFO [cache] request_id=746e7e07 Failed to process queue: Connection timeout after 5000ms
2024-01-01 01:19:04.662 INFO [db] request_id=58094192 Processed trace config in 22ms
2024-01-01 01:19:05.258 ERROR [queue] request_id=aef0c4f9 Slow query detected: 309ms for data_name
2024-01-01 01:19:06.013 ERROR [auth] request_id=c0c355f2 Failed to process warning: Connection timeout after 5000ms
2024-01-01 01:19:07.328 INFO [auth] request_id=32fbfb4a Slow query detected: 238ms for action_debug
2024-01-01 01:19:08.845 DEBUG [cache] request_id=fe8d5ce9 Slow query detected: 783ms for request_warning
2024-01-01 01:19:09.111 INFO [api] request_id=eba6309d Processed read delete in 32ms
2024-01-01 01:19:10.114 ERROR [api] request_id=b85e5aa7 Processed read read in 13ms
2024-01-01 01:19:11.802 DEBUG [queue] request_id=fec98d26 Processed delete response in 25ms
2024-01-01 01:19:12.320 WARN [scheduler] request_id=3ed83a49 Processed read index in 19ms
2024-01-01 01:19:13.019 WARN [queue] request_id=58aaf0b7 Processed list response in 19ms
2024-01-01 01:19:14.121 WARN [api] request_id=11137df7 Processed cache result in 13ms
2024-01-01 01:19:15.563 WARN [api] request_id=81f946d8 Failed to process write: Connection timeout after 5000ms
2024-01-01 01:19:16.386 DEBUG [scheduler] request_id=acce32c0 Processed offset stop in 27ms
2024-01-01 01:19:17.292 INFO [queue] request_id=d841c574 Processed set list in 48ms
2024-01-01 01:19:18.033 WARN [queue] request_id=ed54990a Processed stack node in 12ms
2024-01-01 01:19:19.241 INFO [db] request_id=d04b317e Processed mode list in 15ms
2024-01-01 01:19:20.691 WARN [auth] request_id=f242d15a Processed init init in 10ms
2024-01-01 01:19:21.178 DEBUG [db] request_id=2b8490c6 Processed read warning in 19ms
2024-01-01 01:19:22.866 INFO [worker] request_id=73f173ae Processed list queue in 21ms
2024-01-01 01:19:23.956 INFO [db] request_id=f8a057fa Slow query detected: 176ms for data_client
2024-01-01 01:19:24.134 ERROR [cache] request_id=577dd214 Processed start request in 45ms
2024-01-01 01:19:25.061 ERROR [worker] request_id=a281b4ca Processed close mode in 34ms
2024-01-01 01:19:26.252 DEBUG [queue] request_id=794fe385 Processed client node in 2ms
2024-01-01 01:19:27.201 INFO [api] request_id=b579829f Processed type config in 38ms
2024-01-01 01:19:28.007 DEBUG [auth] request_id=799f4246 Processed queue connection in 47ms
2024-01-01 01:19:29.878 INFO [api] request_id=02180179 Slow query detected: 380ms for node_connection
2024-01-01 01:19:30.124 INFO [queue] request_id=cb87bbfe Processed result buffer in 48ms
2024-01-01 01:19:31.004 INFO [db] request_id=77694ad8 Processed info trace in 25ms
2024-01-01 01:19:32.503 WARN [cache] request_id=f6cbe8b4 Processed request write in 27ms
2024-01-01 01:19:33.120 INFO [auth] request_id=1cfcb67a Processed result error in 26ms
2024-01-01 01:19:34.550 INFO [scheduler] request_id=3c78f236 Processed set read in 11ms
2024-01-01 01:19:35.316 WARN [api] request_id=b3c8fd1c Processed response transaction in 16ms
2024-01-01 01:19:36.429 INFO [cache] request_id=37646226 Processed index read in 15ms
2024-01-01 01:19:37.483 INFO [db] request_id=735b6279 Processed name trace in 17ms
2024-01-01 01:19:38.950 WARN [scheduler] request_id=004da704 Slow query detected: 425ms for total_init
2024-01-01 01:19:39.868 ERROR [auth] request_id=f801c4bf Processed server update in 15ms
2024-01-01 01:19:40.853 INFO [queue] request_id=6c1e1b8f Processed delete config in 16ms
2024-01-01 01:19:41.670 ERROR [cache] request_id=6b3a102d Processed set length in 3ms
2024-01-01 01:19:42.449 ERROR [auth] request_id=a3f7cfe7 Slow query detected: 703ms for key_type
2024-01-01 01:19:43.198 INFO [queue] request_id=048a785d Processed request client in 18ms
2024-01-01 01:19:44.820 WARN [scheduler] request_id=8f072526 Processed request buffer in 12ms
2024-01-01 01:19:45.624 INFO [auth] request_id=ae3362f0 Processed start debug in 16ms
2024-01-01 01:19:46.467 INFO [api] request_id=a43315c6 Processed create status in 49ms
2024-01-01 01:19:47.349 DEBUG [worker] request_id=ee2fd067 Slow query detected: 878ms for result_debug
2024-01-01 01:19:48.066 INFO [queue] request_id=24ec91bb Processed message config in 12ms
2024-01-01 01:19:49.306 WARN [queue] request_id=dbcfc657 Failed to process node: Connection timeout after 5000ms
2024-01-01 01:19:50.663 INFO [api] request_id=e5948ef7 Slow query detected: 642ms for map_read
2024-01-01 01:19:51.030 ERROR [queue] request_id=f1f63e5f Processed total queue in 45ms
2024-01-01 01:19:52.909 DEBUG [scheduler] request_id=2317a51f Processed config buffer in 8ms
2024-01-01 01:19:53.949 INFO [db] request_id=89d229e5 Processed connection create in 4ms
2024-01-01 01:19:54.057 DEBUG [worker] request_id=069687e4 Slow query detected: 268ms for query_info
2024-01-01 01:19:55.782 INFO [queue] request_id=cf414c9e Processed trace type in 46ms
2024-01-01 01:19:56.189 INFO [api] request_id=44e94caa Processed write map in 11ms
2024-01-01 01:19:57.724 WARN [auth] request_id=6a1b7197 Failed to process queue: Connection timeout after 5000ms
2024-01-01 01:19:58.258 WARN [scheduler] request_id=f4c5fac1 Slow query detected: 285ms for client_tree
2024-01-01 01:19:59.134 INFO [worker] request_id=867a75d8 Failed to process delete: Connection timeout after 5000ms
2024-01-01 01:20:00.524 INFO [auth] request_id=db25fa27 Processed key open in 9ms
2024-01-01 01:20:01.369 DEBUG [worker] request_id=3903cb95 Failed to process debug: Connection timeout after 5000ms
2024-01-01 01:20:02.845 INFO [auth] request_id=8312f53a Failed to process list: Connection timeout after 5000ms
2024-01-01 01:20:03.255 INFO [scheduler] request_id=9e2608e7 Processed result error in 12ms
2024-01-01 01:20:04.269 INFO [worker] request_id=778b86dd Failed to process node: Connection timeout after 5000ms
2024-01-01 01:20:05.188 WARN [worker] request_id=299c5109 Processed stack message in 17ms
2024-01-01 01:20:06.806 DEBUG [worker] request_id=e22f5cdd Processed connection user in 23ms
2024-01-01 01:20:07.712 ERROR [queue] request_id=cac1e9e9 Processed node trace in 39ms
2024-01-01 01:20:08.875 DEBUG [worker] request_id=9cdeee5f Processed queue open in 26ms
2024-01-01 01:20:09.988 INFO [api] request_id=86af2239 Processed count start in 40ms
2024-01-01 01:20:10.920 INFO [db] request_id=094c5d06 Processed map total in 47ms
2024-01-01 01:20:11.245 WARN [db] request_id=6c96ca12 Failed to process info: Connection timeout after 5000ms
2024-01-01 01:20:12.293 INFO [db] request_id=facca391 Processed length connection in 17ms
2024-01-01 01:20:13.162 INFO [auth] request_id=6c5b953f Processed map delete in 14ms
2024-01-01 01:20:14.022 ERROR [api] request_id=63f76d41 Processed count client in 25ms
2024-01-01 01:20:15.375 INFO [cache] request_id=9afb3927 Processed stack index in 50ms
2024-01-01 01:20:16.401 WARN [api] request_id=c50d312d Processed map data in 16ms
2024-01-01 01:20:17.732 INFO [queue] request_id=b863b887 Failed to process server: Connection timeout after 5000ms
2024-01-01 01:20:18.154 INFO [scheduler] request_id=70b547c1 Processed name connection in 5ms
2024-01-01 01:20:19.219 INFO [auth] request_id=7dccdae8 Processed connection cache in 35ms
2024-01-01 01:20:20.006 INFO [api] request_id=f506fe21 Processed user offset in 36ms
2024-01-01 01:20:21.376 INFO [worker] request_id=2b9e3c82 Slow query detected: 441ms for stack_index
2024-01-01 01:20:22.833 INFO [queue] request_id=788e73f3 Slow query detected: 333ms for list_status
2024-01-01 01:20:23.350 INFO [db] request_id=59a1c11a Processed transaction connection in 46ms
2024-01-01 01:20:24.795 INFO [db] request_id=4b02fca1 Failed to process start: Connection timeout after 5000ms
2024-01-01 01:20:25.878 DEBUG [worker] request_id=ff40e253 Processed start node in 30ms
2024-01-01 01:20:26.029 INFO [api] request_id=c344bcc1 Processed close write in 1ms
2024-01-01 01:20:27.647 INFO [queue] request_id=4db63267 Processed length total in 29ms
2024-01-01 01:20:28.414 WARN [db] request_id=318cc402 Processed connection data in 34ms
2024-01-01 01:20:29.608 DEBUG [queue] request_id=13f979a0 Processed type index in 4ms
2024-01-01 01:20:30.746 INFO [cache] request_id=5bb108c2 Slow query detected: 557ms for config_offset
2024-01-01 01:20:31.637 INFO [db] request_id=9159758c Processed set data in 46ms
2024-01-01 01:20:32.332 INFO [queue] request_id=68317ee4 Processed start update in 13ms
2024-01-01 01:20:33.563 INFO [scheduler] request_id=4e4732ca Processed length config in 24ms
2024-01-01 01:20:34.526 INFO [auth] request_id=c084f141 Processed session warning in 9ms
2024-01-01 01:20:35.888 INFO [cache] request_id=900c7175 Processed info count in 13ms
2024-01-01 01:20:36.607 INFO [worker] request_id=8746bbb1 Processed id server in 45ms
2024-01-01 01:20:37.902 ERROR [queue] request_id=eb77e373 Failed to process offset: Connection timeout after 5000ms
2024-01-01 01:20:38.820 ERROR [db] request_id=05ef4526 Processed open connection in 26ms
2024-01-01 01:20:39.408 INFO [cache] request_id=05aba2ee Failed to process init: Connection timeout after 5000ms
2024-01-01 01:20:40.037 DEBUG [api] request_id=a716e3b6 Slow query detected: 472ms for value_debug
2024-01-01 01:20:41.138 ERROR [api] request_id=0407d69e Processed map set in 17ms
2024-01-01 01:20:42.118 INFO [api] request_id=752afab0 Processed map message in 45ms
2024-01-01 01:20:43.575 INFO [auth] request_id=ac4536a7 Failed to process value: Connection timeout after 5000ms
2024-01-01 01:20:44.417 INFO [queue] request_id=46b215c4 Processed debug action in 13ms
2024-01-01 01:20:45.267 INFO [auth] request_id=f5e435c2 Failed to process delete: Connection timeout after 5000ms
2024-01-01 01:20:46.444 WARN [auth] request_id=ecf9a8f0 Processed info server in 19ms
2024-01-01 01:20:47.245 INFO [worker] request_id=780e8004 Processed init open in 6ms
2024-01-01 01:20:48.684 DEBUG [api] request_id=4cb4bcea Processed tree type in 27ms
2024-01-01 01:20:49.614 INFO [auth] request_id=814c8b8d Processed status read in 38ms
2024-01-01 01:20:50.543 INFO [auth] request_id=804a8709 Processed data warning in 33ms
2024-01-01 01:20:51.354 WARN [api] request_id=ea96c738 Slow query detected: 968ms for name_action
2024-01-01 01:20:52.991 WARN [worker] request_id=275c638c Processed message tree in 41ms
2024-01-01 01:20:53.988 INFO [worker] request_id=6ce4afd7 Processed config key in 17ms
2024-01-01 01:20:54.017 DEBUG [scheduler] request_id=d8947606 Processed start session in 11ms
2024-01-01 01:20:55.841 WARN [cache] request_id=339bffd8 Failed to process start: Connection timeout after 5000ms
2024-01-01 01:20:56.534 INFO [auth] request_id=9b1f1657 Processed type cache in 17ms
2024-01-01 01:20:57.170 INFO [db] request_id=e92ce034 Failed to process status: Connection timeout after 5000ms
2024-01-01 01:20:58.384 WARN [api] request_id=b59ef884 Processed result stop in 44ms
2024-01-01 01:20:59.896 INFO [auth] request_id=0ac30257 Processed trace user in 18ms
2024-01-01 01:21:00.090 DEBUG [db] request_id=db0ba3a4 Processed session update in 25ms
2024-01-01 01:21:01.300 DEBUG [worker] request_id=9b6eaf82 Processed node client in 50ms
2024-01-01 01:21:02.906 INFO [auth] request_id=f3b7cbfd Processed queue warning in 5ms
2024-01-01 01:21:03.248 INFO [worker] request_id=ba4f4cf5 Processed count size in 33ms
2024-01-01 01:21:04.752 INFO [api] request_id=e80d73c8 Processed client error in 27ms
2024-01-01 01:21:05.963 INFO [queue] request_id=38a0054a Processed read data in 43ms
2024-01-01 01:21:06.483 INFO [queue] request_id=4d5eb000 Processed config offset in 2ms
2024-01-01 01:21:07.515 INFO [scheduler] request_id=f491a9ac Failed to process create: Connection timeout after 5000ms
2024-01-01 01:21:08.955 WARN [cache] request_id=465392dc Processed count response in 13ms
2024-01-01 01:21:09.662 WARN [db] request_id=404cd331 Processed transaction name in 8ms
2024-01-01 01:21:10.743 INFO [worker] request_id=81eb9291 Processed debug cache in 23ms
2024-01-01 01:21:11.822 ERROR [worker] request_id=ef45f8f1 Processed queue update in 21ms
2024-01-01 01:21:12.980 ERROR [queue] request_id=e0aed9d8 Processed result warning in 17ms
2024-01-01 01:21:13.016 INFO [api] request_id=93a0ab27 Processed tree node in 43ms
2024-01-01 01:21:14.138 INFO [api] request_id=814967ed Processed user data in 9ms
2024-01-01 01:21:15.592 INFO [worker] request_id=d9556c21 Processed count stack in 38ms
2024-01-01 01:21:16.335 INFO [scheduler] request_id=efe1c21b Processed error query in 3ms
2024-01-01 01:21:17.574 INFO [db] request_id=7484262d Failed to process length: Connection timeout after 5000ms
2024-01-01 01:21:18.924 DEBUG [queue] request_id=650981d2 Failed to process close: Connection timeout after 5000ms
2024-01-01 01:21:19.138 INFO [worker] request_id=b79289cf Processed list value in 43ms
2024-01-01 01:21:20.615 INFO [db] request_id=b449e333 Processed key update in 31ms
2024-01-01 01:21:21.014 DEBUG [db] request_id=abce0cf5 Processed connection delete in 40ms
2024-01-01 01:21:22.398 DEBUG [queue] request_id=3580c22d Processed set buffer in 3ms
2024-01-01 01:21:23.157 WARN [cache] request_id=a38bb853 Processed count open in 40ms
2024-01-01 01:21:24.003 INFO [scheduler] request_id=7cd4858b Slow query detected: 665ms for write_info
2024-01-01 01:21:25.238 DEBUG [worker] request_id=d5241bd4 Processed type update in 44ms
2024-01-01 01:21:26.425 INFO [api] request_id=0c302aba Processed warning index in 18ms
2024-01-01 01:21:27.330 ERROR [api] request_id=edcfd7a6 Processed transaction list in 6ms
2024-01-01 01:21:28.143 WARN [queue] request_id=72451d8a Processed list status in 20ms
2024-01-01 01:21:29.643 ERROR [worker] request_id=cf6ec2ef Failed to process user: Connection timeout after 5000ms
2024-01-01 01:21:30.005 INFO [worker] request_id=5b862882 Failed to process info: Connection timeout after 5000ms
2024-01-01 01:21:31.001 DEBUG [queue] request_id=96949741 Processed config config in 10ms
2024-01-01 01:21:32.011 INFO [api] request_id=44dd104e Slow query detected: 687ms for id_queue
2024-01-01 01:21:33.562 INFO [scheduler] request_id=ade209df Failed to process request: Connection timeout after 5000ms
2024-01-01 01:21:34.995 INFO [auth] request_id=d8e844b8 Processed buffer type in 40ms
2024-01-01 01:21:35.284 INFO [api] request_id=63041a41 Processed result trace in 33ms
2024-01-01 01:21:36.762 DEBUG [worker] request_id=124ed6d1 Failed to process key: Connection timeout after 5000ms
2024-01-01 01:21:37.318 ERROR [auth] request_id=1034fc57 Processed create read in 2ms
2024-01-01 01:21:38.905 DEBUG [auth] request_id=571d5627 Failed to process init: Connection timeout after 5000ms
2024-01-01 01:21:39.283 INFO [api] request_id=58dda4de Processed session offset in 9ms
2024-01-01 01:21:40.113 DEBUG [api] request_id=1ad8efab Processed set type in 43ms
2024-01-01 01:21:41.525 ERROR [queue] request_id=5036fa61 Slow query detected: 118ms for start_user
2024-01-01 01:21:42.418 INFO [queue] request_id=eef803d2 Processed action start in 42ms
2024-01-01 01:21:43.931 INFO [worker] request_id=5c138f3d Processed update transaction in 22ms
2024-01-01 01:21:44.420 INFO [cache] request_id=2ca24e18 Processed id query in 11ms
2024-01-01 01:21:45.893 WARN [worker] request_id=f2097b4b Slow query detected: 765ms for open_key
2024-01-01 01:21:46.926 WARN [api] request_id=071c2b21 Processed update error in 48ms
2024-01-01 01:21:47.411 INFO [auth] request_id=5a6237f8 Processed write index in 5ms
2024-01-01 01:21:48.466 ERROR [scheduler] request_id=7f760a97 Processed message action in 1ms
2024-01-01 01:21:49.980 DEBUG [scheduler] request_id=9911f1a5 Processed set status in 24ms
2024-01-01 01:21:50.449 INFO [worker] request_id=65d0258f Processed query error in 10ms
2024-01-01 01:21:51.849 WARN [db] request_id=89583b41 Processed mode type in 18ms
2024-01-01 01:21:52.998 INFO [auth] request_id=a83903a0 Processed index user in 47ms
2024-01-01 01:21:53.172 INFO [api] request_id=9c2e741f Processed open query in 14ms
2024-01-01 01:21:54.263 ERROR [db] request_id=2c27a08a Processed result warning in 9ms
2024-01-01 01:21:55.444 DEBUG [worker] request_id=5cc9d54c Processed size total in 48ms
2024-01-01 01:21:56.296 INFO [queue] request_id=658cf51c Processed index buffer in 24ms
2024-01-01 01:21:57.523 INFO [auth] request_id=3c471204 Failed to process cache: Connection timeout after 5000ms
2024-01-01 01:21:58.084 INFO [api] request_id=12e1d923 Processed client close in 43ms
2024-01-01 01:21:59.490 DEBUG [api] request_id=6abe96ad Processed start transaction in 24ms
2024-01-01 01:22:00.180 DEBUG [db] request_id=33374fd4 Processed config key in 44ms
2024-01-01 01:22:01.896 INFO [queue] request_id=658a51e6 Processed buffer warning in 33ms
2024-01-01 01:22:02.145 INFO [queue] request_id=f941ea20 Processed stop init in 20ms
2024-01-01 01:22:03.845 DEBUG [worker] request_id=ff7be699 Processed size client in 21ms
2024-01-01 01:22:04.662 INFO [queue] request_id=123ac65f Slow query detected: 507ms for stop_status
2024-01-01 01:22:05.361 INFO [scheduler] request_id=c7cdf896 Processed cache info in 49ms
2024-01-01 01:22:06.221 INFO [cache] request_id=7c518ffb Processed tree message in 5ms
2024-01-01 01:22:07.712 INFO [api] request_id=c6de82a3 Processed debug tree in 23ms
2024-01-01 01:22:08.048 WARN [cache] request_id=8550c3c2 Processed response write in 38ms
2024-01-01 01:22:09.447 INFO [api] request_id=adb71d3e Processed response info in 48ms
2024-01-01 01:22:10.915 ERROR [auth] request_id=8aebe4df Processed open delete in 35ms
2024-01-01 01:22:11.828 INFO [db] request_id=626cbe97 Processed name user in 14ms
2024-01-01 01:22:12.511 WARN [db] request_id=d7abf1c8 Processed queue length in 29ms
2024-01-01 01:22:13.825 INFO [worker] request_id=ebe9ec57 Failed to process close: Connection timeout after 5000ms
2024-01-01 01:22:14.773 DEBUG [queue] request_id=fd0bf2e6 Slow query detected: 561ms for offset_cache
2024-01-01 01:22:15.458 INFO [api] request_id=43278098 Processed stop key in 35ms
2024-01-01 01:22:16.745 INFO [scheduler] request_id=534b464f Processed client offset in 43ms
2024-01-01 01:22:17.377 INFO [auth] request_id=79abe6f9 Slow query detected: 268ms for data_index
2024-01-01 01:22:18.159 INFO [auth] request_id=60f43765 Processed map response in 44ms
2024-01-01 01:22:19.981 ERROR [api] request_id=6dc253b1 Processed error read in 18ms
2024-01-01 01:22:20.778 DEBUG [db] request_id=68e94fa0 Processed type buffer in 19ms
2024-01-01 01:22:21.236 INFO [queue] request_id=79d2eb40 Failed to process update: Connection timeout after 5000ms
2024-01-01 01:22:22.329 INFO [cache] request_id=0fc1d9bc Slow query detected: 405ms for length_debug
2024-01-01 01:22:23.158 INFO [scheduler] request_id=cccc1e76 Processed stop type in 39ms
2024-01-01 01:22:24.329 INFO [queue] request_id=299a767c Processed message action in 30ms
2024-01-01 01:22:25.492 DEBUG [worker] request_id=4d7eec0a Processed read stop in 39ms
2024-01-01 01:22:26.818 WARN [worker] request_id=ac0e1338 Processed queue count in 24ms
2024-01-01 01:22:27.178 ERROR [queue] request_id=8dc5445d Slow query detected: 369ms for start_user
2024-01-01 01:22:28.722 WARN [queue] request_id=021937e1 Processed server id in 45ms
2024-01-01 01:22:29.361 ERROR [cache] request_id=4487a0fb Processed debug warning in 28ms
2024-01-01 01:22:30.377 WARN [worker] request_id=b8b6a3f5 Slow query detected: 726ms for user_set
2024-01-01 01:22:31.541 INFO [queue] request_id=67b9c988 Slow query detected: 104ms for write_size
2024-01-01 01:22:32.650 DEBUG [api] request_id=dcf8dd4f Processed close status in 1ms
2024-01-01 01:22:33.444 DEBUG [db] request_id=cff0fc97 Processed read query in 38ms
2024-01-01 01:22:34.616 DEBUG [db] request_id=9dd91f7c Processed list session in 6ms
2024-01-01 01:22:35.110 INFO [api] request_id=47e26640 Processed data delete in 13ms
2024-01-01 01:22:36.990 ERROR [scheduler] request_id=0ebf1ff5 Processed response read in 46ms
2024-01-01 01:22:37.087 INFO [scheduler] request_id=c13f3682 Processed key config in 41ms
2024-01-01 01:22:38.547 INFO [auth] request_id=83c5b446 Processed server value in 27ms
2024-01-01 01:22:39.683 INFO [api] request_id=08c411f1 Processed error request in 40ms
2024-01-01 01:22:40.977 INFO [queue] request_id=f639292b Failed to process total: Connection timeout after 5000ms
2024-01-01 01:22:41.500 DEBUG [auth] request_id=ce2b0751 Slow query detected: 920ms for result_key
2024-01-01 01:22:42.347 DEBUG [worker] request_id=7a1f0930 Processed warning tree in 15ms
2024-01-01 01:22:43.706 INFO [api] request_id=bbb84116 Processed stop close in 24ms
2024-01-01 01:22:44.973 ERROR [db] request_id=43e067f9 Failed to process value: Connection timeout after 5000ms
2024-01-01 01:22:45.709 DEBUG [db] request_id=e232ca49 Slow query detected: 234ms for set_set
2024-01-01 01:22:46.533 ERROR [worker] request_id=d4a58ff4 Processed total error in 39ms
2024-01-01 01:22:47.896 INFO [cache] request_id=2b95c7a4 Slow query detected: 361ms for data_status
2024-01-01 01:22:48.606 INFO [db] request_id=c9e5c3cc Processed cache index in 19ms
2024-01-01 01:22:49.833 INFO [scheduler] request_id=6acb7938 Processed warning buffer in 5ms
2024-01-01 01:22:50.179 DEBUG [queue] request_id=4dce428e Processed set close in 48ms
2024-01-01 01:22:51.604 INFO [cache] request_id=025e6280 Processed total queue in 29ms
2024-01-01 01:22:52.479 WARN [worker] request_id=1b96862d Processed warning key in 44ms
2024-01-01 01:22:53.310 INFO [scheduler] request_id=8756f273 Processed key trace in 27ms
2024-01-01 01:22:54.038 WARN [queue] request_id=eb12bcfc Slow query detected: 216ms for connection_count
2024-01-01 01:22:55.131 INFO [scheduler] request_id=5c92648b Processed open error in 28ms
2024-01-01 01:22:56.845 DEBUG [queue] request_id=2f249683 Processed name start in 40ms
2024-01-01 01:22:57.938 INFO [scheduler] request_id=adc349c7 Processed cache offset in 34ms
2024-01-01 01:22:58.875 WARN [auth] request_id=40622048 Failed to process user: Connection timeout after 5000ms
2024-01-01 01:22:59.263 DEBUG [queue] request_id=41b07c22 Processed action mode in 21ms
2024-01-01 01:23:00.022 INFO [api] request_id=1b43091f Processed data offset in 50ms
2024-01-01 01:23:01.403 INFO [auth] request_id=1416cb7e Failed to process mode: Connection timeout after 5000ms
2024-01-01 01:23:02.200 WARN [auth] request_id=7cca86b6 Processed open buffer in 48ms
2024-01-01 01:23:03.353 ERROR [scheduler] request_id=bc0a8375 Processed delete trace in 10ms
2024-01-01 01:23:04.774 WARN [queue] request_id=a11d333e Processed read status in 33ms
2024-01-01 01:23:05.992 INFO [queue] request_id=290e967d Processed create response in 1ms
2024-01-01 01:23:06.887 DEBUG [worker] request_id=5ef70510 Processed config set in 46ms
2024-01-01 01:23:07.369 DEBUG [scheduler] request_id=510c6128 Processed create info in 45ms
2024-01-01 01:23:08.057 INFO [worker] request_id=d2d13c17 Processed session set in 19ms
2024-01-01 01:23:09.803 WARN [scheduler] request_id=8b5492fc Processed warning delete in 42ms
2024-01-01 01:23:10.984 INFO [db] request_id=487dd7e5 Processed offset node in 32ms
2024-01-01 01:23:11.944 WARN [scheduler] request_id=8b0f616b Processed read mode in 31ms
2024-01-01 01:23:12.989 DEBUG [scheduler] request_id=9102d326 Processed delete tree in 22ms
2024-01-01 01:23:13.675 WARN [queue] request_id=602dfb3c Failed to process write: Connection timeout after 5000ms
2024-01-01 01:23:14.457 WARN [queue] request_id=2577b200 Processed tree offset in 4ms
2024-01-01 01:23:15.064 INFO [scheduler] request_id=97f399a0 Processed queue cache in 24ms
2024-01-01 01:23:16.685 INFO [api] request_id=5db5cad3 Slow query detected: 819ms for info_status
2024-01-01 01:23:17.518 WARN [scheduler] request_id=0023569a Processed action count in 22ms
2024-01-01 01:23:18.111 INFO [cache] request_id=21c09180 Processed total total in 41ms
2024-01-01 01:23:19.382 DEBUG [auth] request_id=11f2e506 Processed type tree in 14ms
