id,name,email,age,salary
1,User1,user1@example.com,62,46067
2,User2,user2@example.com,46,96414
3,User3,user3@example.com,46,47335
4,User4,user4@example.com,40,81924
5,User5,user5@example.com,20,87113
6,User6,user6@example.com,48,39014
7,User7,user7@example.com,30,98954
8,User8,user8@example.com,51,47572
9,User9,user9@example.com,35,88295
10,User10,user10@example.com,37,54706
11,User11,user11@example.com,69,45876
12,User12,user12@example.com,43,61111
13,User13,user13@example.com,69,63213
14,User14,user14@example.com,61,84769
15,User15,user15@example.com,57,86219
16,User16,user16@example.com,42,72880
17,User17,user17@example.com,45,30329
18,User18,user18@example.com,53,69564
19,User19,user19@example.com,59,32376
20,User20,user20@example.com,52,60010
21,User21,user21@example.com,56,39822
22,User22,user22@example.com,47,47519
23,User23,user23@example.com,27,58123
24,User24,user24@example.com,63,35294
25,User25,user25@example.com,63,51677
26,User26,user26@example.com,40,37709
27,User27,user27@example.com,40,71739
28,User28,user28@example.com,56,84499
29,User29,user29@example.com,35,31384
30,User30,user30@example.com,48,35908
31,User31,user31@example.com,36,58630
32,User32,user32@example.com,60,39560
33,User33,user33@example.com,40,92561
34,User34,user34@example.com,43,55720
35,User35,user35@example.com,31,64461
36,User36,user36@example.com,47,91289
37,User37,user37@example.com,54,74553
38,User38,user38@example.com,68,91409
39,User39,user39@example.com,53,66507
40,User40,user40@example.com,28,84491
41,User41,user41@example.com,34,55691
42,User42,user42@example.com,56,34903
43,User43,user43@example.com,52,35490
44,User44,user44@example.com,59,42528
45,User45,user45@example.com,25,58033
46,User46,user46@example.com,47,62547
47,User47,user47@example.com,35,40589
48,User48,user48@example.com,61,72645
49,User49,user49@example.com,31,44339
50,User50,user50@example.com,31,49564
51,User51,user51@example.com,40,85553
52,User52,user52@example.com,57,59275
53,User53,user53@example.com,37,37321
54,User54,user54@example.com,25,79507
55,User55,user55@example.com,65,99438
56,User56,user56@example.com,65,61934
57,User57,user57@example.com,61,68221
58,User58,user58@example.com,60,76139
59,User59,user59@example.com,40,52429
60,User60,user60@example.com,31,85268
61,User61,user61@example.com,59,35436
62,User62,user62@example.com,37,80046
63,User63,user63@example.com,20,37079
64,User64,user64@example.com,35,89992
65,User65,user65@example.com,59,72251
66,User66,user66@example.com,67,57468
67,User67,user67@example.com,56,55020
68,User68,user68@example.com,26,46108
69,User69,user69@example.com,46,57848
70,User70,user70@example.com,30,65496
71,User71,user71@example.com,59,73200
72,User72,user72@example.com,25,62119
73,User73,user73@example.com,55,92382
74,User74,user74@example.com,40,51618
75,User75,user75@example.com,38,70407
76,User76,user76@example.com,42,68082
77,User77,user77@example.com,66,78298
78,User78,user78@example.com,52,81977
79,User79,user79@example.com,36,94553
80,User80,user80@example.com,20,91883
81,User81,user81@example.com,36,67880
82,User82,user82@example.com,33,85947
83,User83,user83@example.com,63,33328
84,User84,user84@example.com,59,42278
85,User85,user85@example.com,22,91325
86,User86,user86@example.com,55,84724
87,User87,user87@example.com,28,34651
88,User88,user88@example.com,57,31109
89,User89,user89@example.com,42,32146
90,User90,user90@example.com,68,38402
91,User91,user91@example.com,68,31662
92,User92,user92@example.com,41,67090
93,User93,user93@example.com,50,94676
94,User94,user94@example.com,45,47510
95,User95,user95@example.com,66,65069
96,User96,user96@example.com,62,90954
97,User97,user97@example.com,62,93870
98,User98,user98@example.com,22,92473
99,User99,user99@example.com,33,45931
100,User100,user100@example.com,26,87394
101,User101,user101@example.com,46,35359
102,User102,user102@example.com,64,39568
103,User103,user103@example.com,29,80172
104,User104,user104@example.com,65,68819
105,User105,user105@example.com,69,94036
106,User106,user106@example.com,44,32870
107,User107,user107@example.com,48,89822
108,User108,user108@example.com,54,41340
109,User109,user109@example.com,31,55260
110,User110,user110@example.com,27,57590
111,User111,user111@example.com,38,78578
112,User112,user112@example.com,69,70571
113,User113,user113@example.com,63,50201
114,User114,user114@example.com,24,37021
115,User115,user115@example.com,60,84388
116,User116,user116@example.com,45,61051
117,User117,user117@example.com,27,84539
118,User118,user118@example.com,69,76595
119,User119,user119@example.com,29,39837
120,User120,user120@example.com,60,81263
121,User121,user121@example.com,51,93766
122,User122,user122@example.com,63,47576
123,User123,user123@example.com,22,98525
124,User124,user124@example.com,28,39104
125,User125,user125@example.com,42,37898
126,User126,user126@example.com,33,95000
127,User127,user127@example.com,45,61692
128,User128,user128@example.com,24,55538
129,User129,user129@example.com,44,81493
130,User130,user130@example.com,21,96602
131,User131,user131@example.com,20,68893
132,User132,user132@example.com,34,70112
133,User133,user133@example.com,62,47161
134,User134,user134@example.com,43,81127
135,User135,user135@example.com,20,84538
136,User136,user136@example.com,57,75183
137,User137,user137@example.com,37,49847
138,User138,user138@example.com,52,33155
139,User139,user139@example.com,34,70077
140,User140,user140@example.com,42,58393
141,User141,user141@example.com,37,64619
142,User142,user142@example.com,53,94070
143,User143,user143@example.com,69,68882
144,User144,user144@example.com,32,38516
145,User145,user145@example.com,62,32775
146,User146,user146@example.com,60,85738
147,User147,user147@example.com,34,89281
148,User148,user148@example.com,23,90555
149,User149,user149@example.com,43,91830
150,User150,user150@example.com,64,59727
151,User151,user151@example.com,26,78272
152,User152,user152@example.com,52,87677
153,User153,user153@example.com,41,56676
154,User154,user154@example.com,65,64041
155,User155,user155@example.com,49,77733
156,User156,user156@example.com,57,93046
157,User157,user157@example.com,65,92390
158,User158,user158@example.com,58,83815
159,User159,user159@example.com,68,39008
160,User160,user160@example.com,26,98981
161,User161,user161@example.com,55,35828
162,User162,user162@example.com,21,70209
163,User163,user163@example.com,51,67941
164,User164,user164@example.com,50,68222
165,User165,user165@example.com,69,86191
166,User166,user166@example.com,66,66920
167,User167,user167@example.com,69,57146
168,User168,user168@example.com,55,83263
169,User169,user169@example.com,20,32978
170,User170,user170@example.com,45,82843
171,User171,user171@example.com,64,48099
172,User172,user172@example.com,48,83993
173,User173,user173@example.com,34,50542
174,User174,user174@example.com,24,99011
175,User175,user175@example.com,33,35142
176,User176,user176@example.com,69,56648
177,User177,user177@example.com,46,78823
178,User178,user178@example.com,49,65094
179,User179,user179@example.com,27,37511
180,User180,user180@example.com,56,36954
181,User181,user181@example.com,47,59208
182,User182,user182@example.com,50,95761
183,User183,user183@example.com,24,61342
184,User184,user184@example.com,57,31241
185,User185,user185@example.com,20,34854
186,User186,user186@example.com,35,75679
187,User187,user187@example.com,37,70911
188,User188,user188@example.com,56,34259
189,User189,user189@example.com,51,72784
190,User190,user190@example.com,69,87056
191,User191,user191@example.com,47,94541
192,User192,user192@example.com,51,32100
193,User193,user193@example.com,54,74239
194,User194,user194@example.com,44,60870
195,User195,user195@example.com,34,73336
196,User196,user196@example.com,52,73970
197,User197,user197@example.com,57,51903
198,User198,user198@example.com,22,44819
199,User199,user199@example.com,61,49173
200,User200,user200@example.com,29,73520
201,User201,user201@example.com,39,39875
202,User202,user202@example.com,48,61712
203,User203,user203@example.com,43,92387
204,User204,user204@example.com,57,92663
205,User205,user205@example.com,49,30077
206,User206,user206@example.com,46,32319
207,User207,user207@example.com,27,62392
208,User208,user208@example.com,40,84360
209,User209,user209@example.com,26,61313
210,User210,user210@example.com,63,37789
211,User211,user211@example.com,51,75169
212,User212,user212@example.com,23,87010
213,User213,user213@example.com,41,72300
214,User214,user214@example.com,22,43187
215,User215,user215@example.com,34,33091
216,User216,user216@example.com,26,77357
217,User217,user217@example.com,46,97679
218,User218,user218@example.com,49,51447
219,User219,user219@example.com,33,88039
220,User220,user220@example.com,28,63378
221,User221,user221@example.com,42,71039
222,User222,user222@example.com,68,62559
223,User223,user223@example.com,29,39834
224,User224,user224@example.com,66,47797
225,User225,user225@example.com,30,65333
226,User226,user226@example.com,53,65997
227,User227,user227@example.com,55,72805
228,User228,user228@example.com,38,91618
229,User229,user229@example.com,43,44647
230,User230,user230@example.com,40,99594
231,User231,user231@example.com,65,75316
232,User232,user232@example.com,55,57824
233,User233,user233@example.com,43,96958
234,User234,user234@example.com,61,61424
235,User235,user235@example.com,64,58203
236,User236,user236@example.com,40,89247
237,User237,user237@example.com,34,49331
238,User238,user238@example.com,28,94367
239,User239,user239@example.com,36,56799
240,User240,user240@example.com,30,51899
241,User241,user241@example.com,45,46317
242,User242,user242@example.com,30,92509
243,User243,user243@example.com,48,47925
244,User244,user244@example.com,60,67707
245,User245,user245@example.com,60,52388
246,User246,user246@example.com,49,81756
247,User247,user247@example.com,32,87437
248,User248,user248@example.com,56,97438
249,User249,user249@example.com,28,92091
250,User250,user250@example.com,32,99715
251,User251,user251@example.com,52,68716
252,User252,user252@example.com,34,76639
253,User253,user253@example.com,52,80720
254,User254,user254@example.com,33,41186
255,User255,user255@example.com,43,87905
256,User256,user256@example.com,44,96921
257,User257,user257@example.com,62,37829
258,User258,user258@example.com,29,81874
259,User259,user259@example.com,57,64989
260,User260,user260@example.com,49,69057
261,User261,user261@example.com,55,39438
262,User262,user262@example.com,37,56214
263,User263,user263@example.com,27,74574
264,User264,user264@example.com,42,33401
265,User265,user265@example.com,61,74985
266,User266,user266@example.com,46,68999
267,User267,user267@example.com,28,74136
268,User268,user268@example.com,24,59557
269,User269,user269@example.com,55,43718
270,User270,user270@example.com,58,91353
271,User271,user271@example.com,22,55049
272,User272,user272@example.com,50,30433
273,User273,user273@example.com,26,61383
274,User274,user274@example.com,36,54347
275,User275,user275@example.com,25,38806
276,User276,user276@example.com,58,65955
277,User277,user277@example.com,62,30275
278,User278,user278@example.com,44,78903
279,User279,user279@example.com,69,53549
280,User280,user280@example.com,23,99165
281,User281,user281@example.com,39,91666
282,User282,user282@example.com,36,63134
283,User283,user283@example.com,27,45793
284,User284,user284@example.com,65,52031
285,User285,user285@example.com,64,50302
286,User286,user286@example.com,21,54978
287,User287,user287@example.com,50,88681
288,User288,user288@example.com,28,64525
289,User289,user289@example.com,28,41957
290,User290,user290@example.com,49,69721
291,User291,user291@example.com,59,71424
292,User292,user292@example.com,37,83897
293,User293,user293@example.com,21,55470
294,User294,user294@example.com,49,71466
295,User295,user295@example.com,33,46388
296,User296,user296@example.com,66,50279
297,User297,user297@example.com,60,97963
298,User298,user298@example.com,55,75035
299,User299,user299@example.com,32,48918
300,User300,user300@example.com,67,81573
301,User301,user301@example.com,28,65903
302,User302,user302@example.com,41,51581
303,User303,user303@example.com,28,82050
304,User304,user304@example.com,68,91991
305,User305,user305@example.com,67,87231
306,User306,user306@example.com,68,69137
307,User307,user307@example.com,35,42601
308,User308,user308@example.com,37,83634
309,User309,user309@example.com,24,52743
310,User310,user310@example.com,48,57394
311,User311,user311@example.com,69,98841
312,User312,user312@example.com,26,97785
313,User313,user313@example.com,32,37097
314,User314,user314@example.com,46,36749
315,User315,user315@example.com,56,96670
316,User316,user316@example.com,60,34555
317,User317,user317@example.com,60,69584
318,User318,user318@example.com,53,63049
319,User319,user319@example.com,38,48366
320,User320,user320@example.com,27,68879
321,User321,user321@example.com,59,82709
322,User322,user322@example.com,47,33480
323,User323,user323@example.com,39,86556
324,User324,user324@example.com,52,41296
325,User325,user325@example.com,21,83532
326,User326,user326@example.com,30,41679
327,User327,user327@example.com,62,60836
328,User328,user328@example.com,67,85004
329,User329,user329@example.com,36,79202
330,User330,user330@example.com,61,41321
331,User331,user331@example.com,43,31298
332,User332,user332@example.com,30,93253
333,User333,user333@example.com,46,72012
334,User334,user334@example.com,25,64011
335,User335,user335@example.com,64,41198
336,User336,user336@example.com,50,49981
337,User337,user337@example.com,33,65693
338,User338,user338@example.com,27,77764
339,User339,user339@example.com,69,96383
340,User340,user340@example.com,41,65241
341,User341,user341@example.com,65,64852
342,User342,user342@example.com,36,35731
343,User343,user343@example.com,22,88845
344,User344,user344@example.com,23,96708
345,User345,user345@example.com,42,81513
346,User346,user346@example.com,29,59877
347,User347,user347@example.com,56,83267
348,User348,user348@example.com,53,69587
349,User349,user349@example.com,28,32489
350,User350,user350@example.com,35,68418
351,User351,user351@example.com,55,39919
352,User352,user352@example.com,60,58503
353,User353,user353@example.com,58,82028
354,User354,user354@example.com,39,70623
355,User355,user355@example.com,25,33567
356,User356,user356@example.com,52,39729
357,User357,user357@example.com,20,61067
358,User358,user358@example.com,45,72639
359,User359,user359@example.com,58,71027
360,User360,user360@example.com,45,85883
361,User361,user361@example.com,57,92674
362,User362,user362@example.com,53,54800
363,User363,user363@example.com,22,85420
364,User364,user364@example.com,28,79690
365,User365,user365@example.com,68,70411
366,User366,user366@example.com,48,76432
367,User367,user367@example.com,36,95767
368,User368,user368@example.com,21,62570
369,User369,user369@example.com,43,54108
370,User370,user370@example.com,44,63259
371,User371,user371@example.com,58,55437
372,User372,user372@example.com,65,75404
373,User373,user373@example.com,46,30209
374,User374,user374@example.com,66,89366
375,User375,user375@example.com,32,97289
376,User376,user376@example.com,65,75884
377,User377,user377@example.com,53,68425
378,User378,user378@example.com,37,71389
379,User379,user379@example.com,59,54482
380,User380,user380@example.com,52,44646
381,User381,user381@example.com,21,61433
382,User382,user382@example.com,68,84321
383,User383,user383@example.com,60,73162
384,User384,user384@example.com,48,53991
385,User385,user385@example.com,53,84536
386,User386,user386@example.com,28,66844
387,User387,user387@example.com,42,81315
388,User388,user388@example.com,53,83828
389,User389,user389@example.com,20,66023
390,User390,user390@example.com,51,87186
391,User391,user391@example.com,54,63170
392,User392,user392@example.com,59,73203
393,User393,user393@example.com,41,42464
394,User394,user394@example.com,32,47567
395,User395,user395@example.com,25,57462
396,User396,user396@example.com,55,49071
397,User397,user397@example.com,62,65707
398,User398,user398@example.com,32,31094
399,User399,user399@example.com,38,53926
400,User400,user400@example.com,54,56482
401,User401,user401@example.com,60,43213
402,User402,user402@example.com,36,69024
403,User403,user403@example.com,49,54067
404,User404,user404@example.com,61,76952
405,User405,user405@example.com,51,93324
406,User406,user406@example.com,22,81826
407,User407,user407@example.com,66,77603
408,User408,user408@example.com,59,94380
409,User409,user409@example.com,30,92114
410,User410,user410@example.com,61,86184
411,User411,user411@example.com,26,38507
412,User412,user412@example.com,39,54606
413,User413,user413@example.com,43,91699
414,User414,user414@example.com,48,59081
415,User415,user415@example.com,44,33823
416,User416,user416@example.com,38,76308
417,User417,user417@example.com,28,84075
418,User418,user418@example.com,50,56499
419,User419,user419@example.com,64,49348
420,User420,user420@example.com,41,54612
421,User421,user421@example.com,22,80975
422,User422,user422@example.com,40,86758
423,User423,user423@example.com,32,80068
424,User424,user424@example.com,37,74217
425,User425,user425@example.com,36,32109
426,User426,user426@example.com,26,34793
427,User427,user427@example.com,64,33586
428,User428,user428@example.com,58,70396
429,User429,user429@example.com,60,63146
430,User430,user430@example.com,63,48430
431,User431,user431@example.com,57,46376
432,User432,user432@example.com,61,52473
433,User433,user433@example.com,67,42752
434,User434,user434@example.com,58,57461
435,User435,user435@example.com,44,68941
436,User436,user436@example.com,20,68439
437,User437,user437@example.com,49,45640
438,User438,user438@example.com,35,88058
439,User439,user439@example.com,59,42913
440,User440,user440@example.com,60,99132
441,User441,user441@example.com,24,36917
442,User442,user442@example.com,42,97751
443,User443,user443@example.com,35,51724
444,User444,user444@example.com,42,97269
445,User445,user445@example.com,41,45152
446,User446,user446@example.com,32,34758
447,User447,user447@example.com,48,52764
448,User448,user448@example.com,29,45907
449,User449,user449@example.com,67,75099
450,User450,user450@example.com,32,63954
451,User451,user451@example.com,24,34331
452,User452,user452@example.com,59,74278
453,User453,user453@example.com,44,92089
454,User454,user454@example.com,27,43826
455,User455,user455@example.com,62,66477
456,User456,user456@example.com,26,36652
457,User457,user457@example.com,52,89713
458,User458,user458@example.com,59,77981
459,User459,user459@example.com,49,78515
460,User460,user460@example.com,37,66807
461,User461,user461@example.com,58,77662
462,User462,user462@example.com,20,54710
463,User463,user463@example.com,56,52050
464,User464,user464@example.com,42,72523
465,User465,user465@example.com,65,54248
466,User466,user466@example.com,64,99851
467,User467,user467@example.com,50,95512
468,User468,user468@example.com,25,32384
469,User469,user469@example.com,25,38116
470,User470,user470@example.com,55,83017
471,User471,user471@example.com,21,81372
472,User472,user472@example.com,25,73468
473,User473,user473@example.com,48,97470
474,User474,user474@example.com,68,94943
475,User475,user475@example.com,67,32852
476,User476,user476@example.com,26,91963
477,User477,user477@example.com,48,74483
478,User478,user478@example.com,38,38018
479,User479,user479@example.com,27,58920
480,User480,user480@example.com,65,59838
481,User481,user481@example.com,38,78016
482,User482,user482@example.com,39,41870
483,User483,user483@example.com,26,93168
484,User484,user484@example.com,48,30325
485,User485,user485@example.com,39,54274
486,User486,user486@example.com,45,33446
487,User487,user487@example.com,32,97466
488,User488,user488@example.com,61,85465
489,User489,user489@example.com,41,53535
490,User490,user490@example.com,51,68213
491,User491,user491@example.com,29,43815
492,User492,user492@example.com,63,99012
493,User493,user493@example.com,31,99657
494,User494,user494@example.com,55,62547
495,User495,user495@example.com,67,90007
496,User496,user496@example.com,51,92939
497,User497,user497@example.com,41,34715
498,User498,user498@example.com,59,70372
499,User499,user499@example.com,52,76131
500,User500,user500@example.com,31,54618
501,User501,user501@example.com,69,85966
502,User502,user502@example.com,38,55112
503,User503,user503@example.com,46,49412
504,User504,user504@example.com,65,78460
505,User505,user505@example.com,31,34223
506,User506,user506@example.com,30,85740
507,User507,user507@example.com,47,58114
508,User508,user508@example.com,26,93413
509,User509,user509@example.com,39,71122
510,User510,user510@example.com,37,44436
511,User511,user511@example.com,60,73240
512,User512,user512@example.com,31,41737
513,User513,user513@example.com,47,32413
514,User514,user514@example.com,51,71898
515,User515,user515@example.com,36,77764
516,User516,user516@example.com,22,47287
517,User517,user517@example.com,44,36373
518,User518,user518@example.com,52,93777
519,User519,user519@example.com,57,91374
520,User520,user520@example.com,52,61546
521,User521,user521@example.com,58,74297
522,User522,user522@example.com,60,66824
523,User523,user523@example.com,33,83210
524,User524,user524@example.com,62,96288
525,User525,user525@example.com,50,91216
526,User526,user526@example.com,63,48712
527,User527,user527@example.com,64,80494
528,User528,user528@example.com,52,90660
529,User529,user529@example.com,47,84694
530,User530,user530@example.com,29,50715
531,User531,user531@example.com,68,79748
532,User532,user532@example.com,38,32116
533,User533,user533@example.com,67,87026
534,User534,user534@example.com,32,88102
535,User535,user535@example.com,50,55268
536,User536,user536@example.com,62,98985
537,User537,user537@example.com,23,75762
538,User538,user538@example.com,36,41476
539,User539,user539@example.com,53,92984
540,User540,user540@example.com,39,77024
541,User541,user541@example.com,40,74076
542,User542,user542@example.com,56,85971
543,User543,user543@example.com,43,79024
544,User544,user544@example.com,34,96503
545,User545,user545@example.com,27,58785
546,User546,user546@example.com,49,89550
547,User547,user547@example.com,21,42726
548,User548,user548@example.com,41,83193
549,User549,user549@example.com,65,79365
550,User550,user550@example.com,49,43346
551,User551,user551@example.com,62,43169
552,User552,user552@example.com,29,80016
553,User553,user553@example.com,33,75659
554,User554,user554@example.com,64,60429
555,User555,user555@example.com,27,51738
556,User556,user556@example.com,40,81296
557,User557,user557@example.com,43,31758
558,User558,user558@example.com,24,77414
559,User559,user559@example.com,26,74516
560,User560,user560@example.com,56,36109
561,User561,user561@example.com,23,90522
562,User562,user562@example.com,68,54262
563,User563,user563@example.com,33,47487
564,User564,user564@example.com,29,95329
565,User565,user565@example.com,55,47425
566,User566,user566@example.com,23,56545
567,User567,user567@example.com,27,74894
568,User568,user568@example.com,26,70994
569,User569,user569@example.com,50,51489
570,User570,user570@example.com,63,63992
571,User571,user571@example.com,57,55600
572,User572,user572@example.com,25,64366
573,User573,user573@example.com,69,86109
574,User574,user574@example.com,58,64633
575,User575,user575@example.com,42,99008
576,User576,user576@example.com,24,90252
577,User577,user577@example.com,49,99497
578,User578,user578@example.com,63,95088
579,User579,user579@example.com,39,46560
580,User580,user580@example.com,47,31363
581,User581,user581@example.com,49,92612
582,User582,user582@example.com,61,70101
583,User583,user583@example.com,32,39217
584,User584,user584@example.com,40,69917
585,User585,user585@example.com,66,57514
586,User586,user586@example.com,53,42826
587,User587,user587@example.com,34,78814
588,User588,user588@example.com,20,56758
589,User589,user589@example.com,64,51311
590,User590,user590@example.com,38,37514
591,User591,user591@example.com,35,69407
592,User592,user592@example.com,41,53043
593,User593,user593@example.com,69,31011
594,User594,user594@example.com,57,41448
595,User595,user595@example.com,36,45535
596,User596,user596@example.com,50,42010
597,User597,user597@example.com,22,87151
598,User598,user598@example.com,29,82860
599,User599,user599@example.com,35,74434
600,User600,user600@example.com,32,53924
601,User601,user601@example.com,34,38609
602,User602,user602@example.com,31,83161
603,User603,user603@example.com,38,60085
604,User604,user604@example.com,54,54309
605,User605,user605@example.com,24,61460
606,User606,user606@example.com,56,61787
607,User607,user607@example.com,39,43901
608,User608,user608@example.com,57,70160
609,User609,user609@example.com,37,86617
610,User610,user610@example.com,32,47482
611,User611,user611@example.com,30,75049
612,User612,user612@example.com,48,63726
613,User613,user613@example.com,60,42885
614,User614,user614@example.com,36,70135
615,User615,user615@example.com,65,73994
616,User616,user616@example.com,32,30895
617,User617,user617@example.com,38,45552
618,User618,user618@example.com,61,34835
619,User619,user619@example.com,48,77767
620,User620,user620@example.com,66,99826
621,User621,user621@example.com,60,61555
622,User622,user622@example.com,64,59278
623,User623,user623@example.com,36,39143
624,User624,user624@example.com,59,52781
625,User625,user625@example.com,45,53643
626,User626,user626@example.com,42,79037
627,User627,user627@example.com,49,62897
628,User628,user628@example.com,64,34137
629,User629,user629@example.com,35,84586
630,User630,user630@example.com,59,72850
631,User631,user631@example.com,46,43346
632,User632,user632@example.com,48,35078
633,User633,user633@example.com,39,97194
634,User634,user634@example.com,50,76923
635,User635,user635@example.com,38,59985
636,User636,user636@example.com,67,48357
637,User637,user637@example.com,50,75682
638,User638,user638@example.com,64,59663
639,User639,user639@example.com,42,81254
640,User640,user640@example.com,60,53323
641,User641,user641@example.com,49,31622
642,User642,user642@example.com,50,41904
643,User643,user643@example.com,48,49685
644,User644,user644@example.com,45,58765
645,User645,user645@example.com,63,56856
646,User646,user646@example.com,22,89660
647,User647,user647@example.com,49,45400
648,User648,user648@example.com,63,31353
649,User649,user649@example.com,62,72872
650,User650,user650@example.com,60,69457
651,User651,user651@example.com,60,67667
652,User652,user652@example.com,42,98437
653,User653,user653@example.com,63,44782
654,User654,user654@example.com,21,90503
655,User655,user655@example.com,52,50987
656,User656,user656@example.com,54,46041
657,User657,user657@example.com,52,73108
658,User658,user658@example.com,35,56147
659,User659,user659@example.com,53,69823
660,User660,user660@example.com,65,78826
661,User661,user661@example.com,69,87562
662,User662,user662@example.com,52,35909
663,User663,user663@example.com,32,45864
664,User664,user664@example.com,32,49860
665,User665,user665@example.com,25,77012
666,User666,user666@example.com,67,35589
667,User667,user667@example.com,26,57151
668,User668,user668@example.com,39,53437
669,User669,user669@example.com,44,64493
670,User670,user670@example.com,49,43357
671,User671,user671@example.com,20,79911
672,User672,user672@example.com,36,71240
673,User673,user673@example.com,54,42674
674,User674,user674@example.com,52,50878
675,User675,user675@example.com,55,46660
676,User676,user676@example.com,23,49927
677,User677,user677@example.com,42,31749
678,User678,user678@example.com,39,54355
679,User679,user679@example.com,23,54138
680,User680,user680@example.com,23,43342
681,User681,user681@example.com,67,91589
682,User682,user682@example.com,28,79981
683,User683,user683@example.com,69,65077
684,User684,user684@example.com,24,53181
685,User685,user685@example.com,50,40465
686,User686,user686@example.com,34,35258
687,User687,user687@example.com,69,85113
688,User688,user688@example.com,62,74652
689,User689,user689@example.com,57,91412
690,User690,user690@example.com,27,92873
691,User691,user691@example.com,53,77635
692,User692,user692@example.com,22,35731
693,User693,user693@example.com,22,77587
694,User694,user694@example.com,42,45579
695,User695,user695@example.com,68,50112
696,User696,user696@example.com,33,57853
697,User697,user697@example.com,35,88453
698,User698,user698@example.com,60,89965
699,User699,user699@example.com,64,51134
700,User700,user700@example.com,65,67724
701,User701,user701@example.com,56,78482
702,User702,user702@example.com,54,82837
703,User703,user703@example.com,39,56103
704,User704,user704@example.com,53,62452
705,User705,user705@example.com,50,31929
706,User706,user706@example.com,47,65729
707,User707,user707@example.com,32,32391
708,User708,user708@example.com,27,50675
709,User709,user709@example.com,50,87870
710,User710,user710@example.com,28,53208
711,User711,user711@example.com,28,35768
712,User712,user712@example.com,26,93358
713,User713,user713@example.com,31,57749
714,User714,user714@example.com,24,97202
715,User715,user715@example.com,41,79790
716,User716,user716@example.com,34,86596
717,User717,user717@example.com,67,66187
718,User718,user718@example.com,39,52721
719,User719,user719@example.com,63,98484
720,User720,user720@example.com,65,39674
721,User721,user721@example.com,46,46065
722,User722,user722@example.com,61,44370
723,User723,user723@example.com,36,89952
724,User724,user724@example.com,55,83599
725,User725,user725@example.com,23,94923
726,User726,user726@example.com,41,39164
727,User727,user727@example.com,37,79018
728,User728,user728@example.com,50,51220
729,User729,user729@example.com,53,95851
730,User730,user730@example.com,45,57858
731,User731,user731@example.com,64,43300
732,User732,user732@example.com,50,48338
733,User733,user733@example.com,34,52301
734,User734,user734@example.com,59,75357
735,User735,user735@example.com,57,83976
736,User736,user736@example.com,48,67929
737,User737,user737@example.com,24,65617
738,User738,user738@example.com,49,34455
739,User739,user739@example.com,24,52295
740,User740,user740@example.com,51,72271
741,User741,user741@example.com,66,85740
742,User742,user742@example.com,21,41984
743,User743,user743@example.com,66,94046
744,User744,user744@example.com,50,74640
745,User745,user745@example.com,64,90096
746,User746,user746@example.com,30,32862
747,User747,user747@example.com,66,30465
748,User748,user748@example.com,43,66900
749,User749,user749@example.com,41,46551
750,User750,user750@example.com,48,60038
751,User751,user751@example.com,36,39237
752,User752,user752@example.com,49,62898
753,User753,user753@example.com,62,34658
754,User754,user754@example.com,67,44441
755,User755,user755@example.com,43,33155
756,User756,user756@example.com,26,83310
757,User757,user757@example.com,40,68256
758,User758,user758@example.com,59,70365
759,User759,user759@example.com,68,74154
760,User760,user760@example.com,23,37180
761,User761,user761@example.com,49,96808
762,User762,user762@example.com,34,97980
763,User763,user763@example.com,28,71018
764,User764,user764@example.com,34,90016
765,User765,user765@example.com,53,42323
766,User766,user766@example.com,27,71857
767,User767,user767@example.com,33,34308
768,User768,user768@example.com,58,93897
769,User769,user769@example.com,40,70981
770,User770,user770@example.com,23,79868
771,User771,user771@example.com,30,46222
772,User772,user772@example.com,69,31004
773,User773,user773@example.com,59,89315
774,User774,user774@example.com,47,82014
775,User775,user775@example.com,52,33783
776,User776,user776@example.com,56,49500
777,User777,user777@example.com,66,39091
778,User778,user778@example.com,67,37852
779,User779,user779@example.com,47,81802
780,User780,user780@example.com,46,61826
781,User781,user781@example.com,44,79843
782,User782,user782@example.com,35,55721
783,User783,user783@example.com,34,61546
784,User784,user784@example.com,34,73939
785,User785,user785@example.com,54,74877
786,User786,user786@example.com,69,40471
787,User787,user787@example.com,47,65029
788,User788,user788@example.com,39,64678
789,User789,user789@example.com,42,58281
790,User790,user790@example.com,27,51274
791,User791,user791@example.com,63,46281
792,User792,user792@example.com,34,79495
793,User793,user793@example.com,27,59521
794,User794,user794@example.com,30,48336
795,User795,user795@example.com,58,86775
796,User796,user796@example.com,45,46266
797,User797,user797@example.com,67,60043
798,User798,user798@example.com,35,63439
799,User799,user799@example.com,53,97652
800,User800,user800@example.com,65,71316
801,User801,user801@example.com,61,80894
802,User802,user802@example.com,55,39216
803,User803,user803@example.com,45,37678
804,User804,user804@example.com,25,85752
805,User805,user805@example.com,51,41442
806,User806,user806@example.com,52,47293
807,User807,user807@example.com,21,70712
808,User808,user808@example.com,55,77434
809,User809,user809@example.com,44,48288
810,User810,user810@example.com,29,58676
811,User811,user811@example.com,26,85177
812,User812,user812@example.com,23,32083
813,User813,user813@example.com,53,75542
814,User814,user814@example.com,54,57952
815,User815,user815@example.com,66,42933
816,User816,user816@example.com,22,46754
817,User817,user817@example.com,67,56542
818,User818,user818@example.com,42,95582
819,User819,user819@example.com,52,77924
820,User820,user820@example.com,62,78537
821,User821,user821@example.com,69,41832
822,User822,user822@example.com,58,54249
823,User823,user823@example.com,60,34306
824,User824,user824@example.com,54,73635
825,User825,user825@example.com,56,72169
826,User826,user826@example.com,40,84005
827,User827,user827@example.com,25,86790
828,User828,user828@example.com,27,69098
829,User829,user829@example.com,33,53018
830,User830,user830@example.com,34,68847
831,User831,user831@example.com,48,55386
832,User832,user832@example.com,27,49114
833,User833,user833@example.com,26,54469
834,User834,user834@example.com,63,70360
835,User835,user835@example.com,56,54291
836,User836,user836@example.com,29,79876
837,User837,user837@example.com,59,97072
838,User838,user838@example.com,56,73548
839,User839,user839@example.com,68,87818
840,User840,user840@example.com,23,60361
841,User841,user841@example.com,53,57009
842,User842,user842@example.com,36,54128
843,User843,user843@example.com,50,98032
844,User844,user844@example.com,57,32696
845,User845,user845@example.com,22,58339
846,User846,user846@example.com,65,66389
847,User847,user847@example.com,63,36942
848,User848,user848@example.com,52,31991
849,User849,user849@example.com,22,44630
850,User850,user850@example.com,38,78991
851,User851,user851@example.com,46,38317
852,User852,user852@example.com,22,54402
853,User853,user853@example.com,28,97623
854,User854,user854@example.com,30,45757
855,User855,user855@example.com,33,40413
856,User856,user856@example.com,52,61440
857,User857,user857@example.com,48,30604
858,User858,user858@example.com,63,88511
859,User859,user859@example.com,53,44034
860,User860,user860@example.com,35,72256
861,User861,user861@example.com,61,50914
862,User862,user862@example.com,38,79745
863,User863,user863@example.com,61,60581
864,User864,user864@example.com,65,97008
865,User865,user865@example.com,61,30077
866,User866,user866@example.com,21,80210
867,User867,user867@example.com,26,72083
868,User868,user868@example.com,30,57319
869,User869,user869@example.com,54,74470
870,User870,user870@example.com,20,77874
871,User871,user871@example.com,47,67561
872,User872,user872@example.com,67,54258
873,User873,user873@example.com,43,37281
874,User874,user874@example.com,69,54080
875,User875,user875@example.com,28,98518
876,User876,user876@example.com,69,75695
877,User877,user877@example.com,67,89830
878,User878,user878@example.com,66,70071
879,User879,user879@example.com,54,90520
880,User880,user880@example.com,60,83074
881,User881,user881@example.com,31,89350
882,User882,user882@example.com,40,49838
883,User883,user883@example.com,44,45911
884,User884,user884@example.com,35,68904
885,User885,user885@example.com,42,41284
886,User886,user886@example.com,28,73746
887,User887,user887@example.com,38,71019
888,User888,user888@example.com,66,78679
889,User889,user889@example.com,25,61442
890,User890,user890@example.com,27,37783
891,User891,user891@example.com,65,43119
892,User892,user892@example.com,63,74989
893,User893,user893@example.com,66,97343
894,User894,user894@example.com,63,88883
895,User895,user895@example.com,32,51941
896,User896,user896@example.com,22,91677
897,User897,user897@example.com,54,96710
898,User898,user898@example.com,59,60113
899,User899,user899@example.com,42,68425
900,User900,user900@example.com,46,76240
901,User901,user901@example.com,32,52452
902,User902,user902@example.com,32,42735
903,User903,user903@example.com,30,78642
904,User904,user904@example.com,39,84284
905,User905,user905@example.com,37,85617
906,User906,user906@example.com,47,90288
907,User907,user907@example.com,28,49220
908,User908,user908@example.com,25,72874
909,User909,user909@example.com,65,89022
910,User910,user910@example.com,35,37426
911,User911,user911@example.com,64,38630
912,User912,user912@example.com,25,43939
913,User913,user913@example.com,60,88964
914,User914,user914@example.com,57,93983
915,User915,user915@example.com,25,73288
916,User916,user916@example.com,23,48996
917,User917,user917@example.com,31,60498
918,User918,user918@example.com,43,98633
919,User919,user919@example.com,29,58443
920,User920,user920@example.com,47,48144
921,User921,user921@example.com,65,42093
922,User922,user922@example.com,67,90378
923,User923,user923@example.com,27,30710
924,User924,user924@example.com,61,64223
925,User925,user925@example.com,66,57249
926,User926,user926@example.com,66,78880
927,User927,user927@example.com,31,61160
928,User928,user928@example.com,43,90065
929,User929,user929@example.com,56,39288
930,User930,user930@example.com,44,42120
931,User931,user931@example.com,51,56549
932,User932,user932@example.com,28,54589
933,User933,user933@example.com,41,32009
934,User934,user934@example.com,57,38604
935,User935,user935@example.com,28,35265
936,User936,user936@example.com,32,92324
937,User937,user937@example.com,58,30821
938,User938,user938@example.com,43,49615
939,User939,user939@example.com,64,32105
940,User940,user940@example.com,65,43496
941,User941,user941@example.com,33,76129
942,User942,user942@example.com,20,77268
943,User943,user943@example.com,42,85429
944,User944,user944@example.com,33,46539
945,User945,user945@example.com,50,52180
946,User946,user946@example.com,49,35061
947,User947,user947@example.com,36,83306
948,User948,user948@example.com,68,61886
949,User949,user949@example.com,55,58826
950,User950,user950@example.com,55,99969
951,User951,user951@example.com,37,85468
952,User952,user952@example.com,46,30036
953,User953,user953@example.com,64,60585
954,User954,user954@example.com,58,62000
955,User955,user955@example.com,41,65332
956,User956,user956@example.com,21,69165
957,User957,user957@example.com,55,81085
958,User958,user958@example.com,31,55985
959,User959,user959@example.com,47,42373
960,User960,user960@example.com,20,57072
961,User961,user961@example.com,56,84292
962,User962,user962@example.com,33,39346
963,User963,user963@example.com,45,70268
964,User964,user964@example.com,44,56890
965,User965,user965@example.com,21,81338
966,User966,user966@example.com,57,91283
967,User967,user967@example.com,60,90058
968,User968,user968@example.com,58,58071
969,User969,user969@example.com,48,51653
970,User970,user970@example.com,67,36086
971,User971,user971@example.com,54,72183
972,User972,user972@example.com,29,46069
973,User973,user973@example.com,58,71671
974,User974,user974@example.com,58,89897
975,User975,user975@example.com,51,97086
976,User976,user976@example.com,27,74306
977,User977,user977@example.com,46,62387
978,User978,user978@example.com,40,84032
979,User979,user979@example.com,67,38730
980,User980,user980@example.com,44,41786
981,User981,user981@example.com,31,72904
982,User982,user982@example.com,33,73729
983,User983,user983@example.com,40,46872
984,User984,user984@example.com,32,53479
985,User985,user985@example.com,66,74784
986,User986,user986@example.com,20,92188
987,User987,user987@example.com,40,89047
988,User988,user988@example.com,63,67080
989,User989,user989@example.com,48,31490
990,User990,user990@example.com,36,59601
991,User991,user991@example.com,30,67595
992,User992,user992@example.com,23,87234
993,User993,user993@example.com,63,54965
994,User994,user994@example.com,29,64267
995,User995,user995@example.com,60,71924
996,User996,user996@example.com,65,46522
997,User997,user997@example.com,22,42832
998,User998,user998@example.com,68,72384
999,User999,user999@example.com,65,63624
1000,User1000,user1000@example.com,34,49328
1001,User1001,user1001@example.com,56,96043
1002,User1002,user1002@example.com,65,42207
1003,User1003,user1003@example.com,35,60610
1004,User1004,user1004@example.com,47,86718
1005,User1005,user1005@example.com,68,94128
1006,User1006,user1006@example.com,34,70100
1007,User1007,user1007@example.com,25,58783
1008,User1008,user1008@example.com,45,95287
1009,User1009,user1009@example.com,48,58033
1010,User1010,user1010@example.com,36,44683
1011,User1011,user1011@example.com,30,94858
1012,User1012,user1012@example.com,37,82280
1013,User1013,user1013@example.com,50,93625
1014,User1014,user1014@example.com,48,89119
1015,User1015,user1015@example.com,51,93583
1016,User1016,user1016@example.com,58,30608
1017,User1017,user1017@example.com,26,61097
1018,User1018,user1018@example.com,66,71973
1019,User1019,user1019@example.com,33,81382
1020,User1020,user1020@example.com,47,90526
1021,User1021,user1021@example.com,56,42758
1022,User1022,user1022@example.com,34,46514
1023,User1023,user1023@example.com,59,52487
1024,User1024,user1024@example.com,29,96826
1025,User1025,user1025@example.com,56,67196
1026,User1026,user1026@example.com,65,77870
1027,User1027,user1027@example.com,41,59027
1028,User1028,user1028@example.com,58,37234
1029,User1029,user1029@example.com,67,89418
1030,User1030,user1030@example.com,61,46790
1031,User1031,user1031@example.com,46,37501
1032,User1032,user1032@example.com,66,72775
1033,User1033,user1033@example.com,38,50219
1034,User1034,user1034@example.com,63,55068
1035,User1035,user1035@example.com,27,68978
1036,User1036,user1036@example.com,28,51402
1037,User1037,user1037@example.com,67,48713
1038,User1038,user1038@example.com,60,91798
1039,User1039,user1039@example.com,59,48502
1040,User1040,user1040@example.com,48,54839
1041,User1041,user1041@example.com,26,66771
1042,User1042,user1042@example.com,60,97349
1043,User1043,user1043@example.com,46,56380
1044,User1044,user1044@example.com,63,84992
1045,User1045,user1045@example.com,25,35292
1046,User1046,user1046@example.com,53,49131
1047,User1047,user1047@example.com,61,84977
1048,User1048,user1048@example.com,36,49410
1049,User1049,user1049@example.com,55,33553
1050,User1050,user1050@example.com,23,70154
1051,User1051,user1051@example.com,64,30076
1052,User1052,user1052@example.com,62,82337
1053,User1053,user1053@example.com,25,73167
1054,User1054,user1054@example.com,44,85290
1055,User1055,user1055@example.com,44,99629
1056,User1056,user1056@example.com,65,65356
1057,User1057,user1057@example.com,57,81056
1058,User1058,user1058@example.com,26,86925
1059,User1059,user1059@example.com,20,85099
1060,User1060,user1060@example.com,68,53199
1061,User1061,user1061@example.com,67,86635
1062,User1062,user1062@example.com,38,71288
1063,User1063,user1063@example.com,63,55661
1064,User1064,user1064@example.com,50,70158
1065,User1065,user1065@example.com,54,32835
1066,User1066,user1066@example.com,64,83456
1067,User1067,user1067@example.com,31,52528
1068,User1068,user1068@example.com,60,74460
1069,User1069,user1069@example.com,43,37655
1070,User1070,user1070@example.com,47,51841
1071,User1071,user1071@example.com,37,98097
1072,User1072,user1072@example.com,31,81892
1073,User1073,user1073@example.com,58,36895
1074,User1074,user1074@example.com,56,56660
1075,User1075,user1075@example.com,43,45934
1076,User1076,user1076@example.com,44,69758
1077,User1077,user1077@example.com,54,38648
1078,User1078,user1078@example.com,41,35235
1079,User1079,user1079@example.com,61,64138
1080,User1080,user1080@example.com,37,98020
1081,User1081,user1081@example.com,60,52020
1082,User1082,user1082@example.com,42,81179
1083,User1083,user1083@example.com,69,67414
1084,User1084,user1084@example.com,45,65694
1085,User1085,user1085@example.com,53,99687
1086,User1086,user1086@example.com,56,64893
1087,User1087,user1087@example.com,56,36833
1088,User1088,user1088@example.com,56,76038
1089,User1089,user1089@example.com,21,54499
1090,User1090,user1090@example.com,64,73959
1091,User1091,user1091@example.com,51,44140
1092,User1092,user1092@example.com,54,97157
1093,User1093,user1093@example.com,22,62450
1094,User1094,user1094@example.com,66,71053
1095,User1095,user1095@example.com,25,58778
1096,User1096,user1096@example.com,33,66632
1097,User1097,user1097@example.com,51,82472
1098,User1098,user1098@example.com,44,94473
1099,User1099,user1099@example.com,64,46455
1100,User1100,user1100@example.com,37,69620
1101,User1101,user1101@example.com,58,35573
1102,User1102,user1102@example.com,30,94598
1103,User1103,user1103@example.com,42,81304
1104,User1104,user1104@example.com,68,82595
1105,User1105,user1105@example.com,39,43136
1106,User1106,user1106@example.com,48,33818
1107,User1107,user1107@example.com,25,92962
1108,User1108,user1108@example.com,27,69265
1109,User1109,user1109@example.com,59,89584
1110,User1110,user1110@example.com,49,78882
1111,User1111,user1111@example.com,27,65154
1112,User1112,user1112@example.com,21,55692
1113,User1113,user1113@example.com,55,94092
1114,User1114,user1114@example.com,68,44728
1115,User1115,user1115@example.com,28,58307
1116,User1116,user1116@example.com,47,66548
1117,User1117,user1117@example.com,31,65882
1118,User1118,user1118@example.com,24,91367
1119,User1119,user1119@example.com,60,91610
1120,User1120,user1120@example.com,33,51388
1121,User1121,user1121@example.com,64,86290
1122,User1122,user1122@example.com,48,83329
1123,User1123,user1123@example.com,51,57897
1124,User1124,user1124@example.com,34,64846
1125,User1125,user1125@example.com,25,46392
1126,User1126,user1126@example.com,42,44314
1127,User1127,user1127@example.com,26,44961
1128,User1128,user1128@example.com,27,79611
1129,User1129,user1129@example.com,26,87621
1130,User1130,user1130@example.com,61,80138
1131,User1131,user1131@example.com,52,43887
1132,User1132,user1132@example.com,43,80417
1133,User1133,user1133@example.com,41,72404
1134,User1134,user1134@example.com,45,75167
1135,User1135,user1135@example.com,48,52075
1136,User1136,user1136@example.com,44,74124
1137,User1137,user1137@example.com,42,63617
1138,User1138,user1138@example.com,39,43548
1139,User1139,user1139@example.com,67,92525
1140,User1140,user1140@example.com,30,76770
1141,User1141,user1141@example.com,55,46162
1142,User1142,user1142@example.com,45,99415
1143,User1143,user1143@example.com,55,62615
1144,User1144,user1144@example.com,52,58652
1145,User1145,user1145@example.com,46,49072
1146,User1146,user1146@example.com,65,85991
1147,User1147,user1147@example.com,44,62255
1148,User1148,user1148@example.com,65,93339
1149,User1149,user1149@example.com,24,92986
1150,User1150,user1150@example.com,20,73199
1151,User1151,user1151@example.com,36,77196
1152,User1152,user1152@example.com,44,45868
1153,User1153,user1153@example.com,32,47636
1154,User1154,user1154@example.com,47,73955
1155,User1155,user1155@example.com,66,82362
1156,User1156,user1156@example.com,69,30347
1157,User1157,user1157@example.com,38,52628
1158,User1158,user1158@example.com,52,37708
1159,User1159,user1159@example.com,69,78488
1160,User1160,user1160@example.com,34,93262
1161,User1161,user1161@example.com,28,78345
1162,User1162,user1162@example.com,69,45215
1163,User1163,user1163@example.com,42,77588
1164,User1164,user1164@example.com,65,92406
1165,User1165,user1165@example.com,46,80833
1166,User1166,user1166@example.com,23,62337
1167,User1167,user1167@example.com,39,76028
1168,User1168,user1168@example.com,60,47931
1169,User1169,user1169@example.com,30,99329
1170,User1170,user1170@example.com,43,99116
1171,User1171,user1171@example.com,61,91530
1172,User1172,user1172@example.com,64,43000
1173,User1173,user1173@example.com,68,85575
1174,User1174,user1174@example.com,22,84241
1175,User1175,user1175@example.com,57,75695
1176,User1176,user1176@example.com,63,61324
1177,User1177,user1177@example.com,36,43055
1178,User1178,user1178@example.com,61,98690
1179,User1179,user1179@example.com,51,76438
1180,User1180,user1180@example.com,69,90008
1181,User1181,user1181@example.com,37,34369
1182,User1182,user1182@example.com,60,36635
1183,User1183,user1183@example.com,33,55118
1184,User1184,user1184@example.com,57,61844
1185,User1185,user1185@example.com,52,70181
1186,User1186,user1186@example.com,69,95491
1187,User1187,user1187@example.com,57,33187
1188,User1188,user1188@example.com,57,33443
1189,User1189,user1189@example.com,68,56303
1190,User1190,user1190@example.com,22,32331
1191,User1191,user1191@example.com,49,73584
1192,User1192,user1192@example.com,51,94373
1193,User1193,user1193@example.com,36,86485
1194,User1194,user1194@example.com,35,30103
1195,User1195,user1195@example.com,58,53073
1196,User1196,user1196@example.com,35,44861
1197,User1197,user1197@example.com,65,52318
1198,User1198,user1198@example.com,36,66331
1199,User1199,user1199@example.com,53,97642
1200,User1200,user1200@example.com,50,40771
1201,User1201,user1201@example.com,64,42123
1202,User1202,user1202@example.com,26,72172
1203,User1203,user1203@example.com,34,51232
1204,User1204,user1204@example.com,21,62846
1205,User1205,user1205@example.com,30,97567
1206,User1206,user1206@example.com,44,36810
1207,User1207,user1207@example.com,41,41590
1208,User1208,user1208@example.com,31,94721
1209,User1209,user1209@example.com,51,31441
1210,User1210,user1210@example.com,36,53219
1211,User1211,user1211@example.com,38,48242
1212,User1212,user1212@example.com,62,63048
1213,User1213,user1213@example.com,20,61246
1214,User1214,user1214@example.com,34,82684
1215,User1215,user1215@example.com,62,48426
1216,User1216,user1216@example.com,29,55631
1217,User1217,user1217@example.com,43,88558
1218,User1218,user1218@example.com,23,53043
1219,User1219,user1219@example.com,47,50074
1220,User1220,user1220@example.com,50,94898
1221,User1221,user1221@example.com,58,99949
1222,User1222,user1222@example.com,35,72423
1223,User1223,user1223@example.com,55,51020
1224,User1224,user1224@example.com,28,58030
1225,User1225,user1225@example.com,57,83540
1226,User1226,user1226@example.com,28,83891
1227,User1227,user1227@example.com,37,89218
1228,User1228,user1228@example.com,56,98692
1229,User1229,user1229@example.com,30,53610
1230,User1230,user1230@example.com,30,79577
1231,User1231,user1231@example.com,63,41685
1232,User1232,user1232@example.com,22,35569
1233,User1233,user1233@example.com,26,55970
1234,User1234,user1234@example.com,41,39088
1235,User1235,user1235@example.com,24,55383
1236,User1236,user1236@example.com,57,64065
1237,User1237,user1237@example.com,34,76491
1238,User1238,user1238@example.com,41,97130
1239,User1239,user1239@example.com,31,85259
1240,User1240,user1240@example.com,49,60200
1241,User1241,user1241@example.com,32,68508
1242,User1242,user1242@example.com,20,96231
1243,User1243,user1243@example.com,30,39322
1244,User1244,user1244@example.com,53,84769
1245,User1245,user1245@example.com,41,96230
1246,User1246,user1246@example.com,48,90636
1247,User1247,user1247@example.com,49,41835
1248,User1248,user1248@example.com,38,45943
1249,User1249,user1249@example.com,57,49241
1250,User1250,user1250@example.com,50,39795
1251,User1251,user1251@example.com,33,82750
1252,User1252,user1252@example.com,46,70717
1253,User1253,user1253@example.com,49,56038
1254,User1254,user1254@example.com,50,51341
1255,User1255,user1255@example.com,61,46019
1256,User1256,user1256@example.com,51,54168
1257,User1257,user1257@example.com,61,57535
1258,User1258,user1258@example.com,40,80155
1259,User1259,user1259@example.com,64,34805
1260,User1260,user1260@example.com,69,79220
1261,User1261,user1261@example.com,46,74289
1262,User1262,user1262@example.com,33,70615
1263,User1263,user1263@example.com,62,67119
1264,User1264,user1264@example.com,30,83984
1265,User1265,user1265@example.com,51,45796
1266,User1266,user1266@example.com,29,68973
1267,User1267,user1267@example.com,27,53201
1268,User1268,user1268@example.com,51,53982
1269,User1269,user1269@example.com,58,73749
1270,User1270,user1270@example.com,67,54170
1271,User1271,user1271@example.com,30,74792
1272,User1272,user1272@example.com,56,54747
1273,User1273,user1273@example.com,39,81432
1274,User1274,user1274@example.com,63,81706
1275,User1275,user1275@example.com,41,34754
1276,User1276,user1276@example.com,23,50536
1277,User1277,user1277@example.com,60,99995
1278,User1278,user1278@example.com,46,86173
1279,User1279,user1279@example.com,47,98398
1280,User1280,user1280@example.com,23,84885
1281,User1281,user1281@example.com,47,54571
1282,User1282,user1282@example.com,53,59824
1283,User1283,user1283@example.com,47,85975
1284,User1284,user1284@example.com,41,44305
1285,User1285,user1285@example.com,37,45504
1286,User1286,user1286@example.com,31,52800
1287,User1287,user1287@example.com,32,52456
1288,User1288,user1288@example.com,32,61485
1289,User1289,user1289@example.com,60,60876
1290,User1290,user1290@example.com,53,65113
1291,User1291,user1291@example.com,21,76214
1292,User1292,user1292@example.com,63,36149
1293,User1293,user1293@example.com,52,33225
1294,User1294,user1294@example.com,55,35305
1295,User1295,user1295@example.com,51,91070
1296,User1296,user1296@example.com,23,91769
1297,User1297,user1297@example.com,34,73627
1298,User1298,user1298@example.com,60,96007
1299,User1299,user1299@example.com,34,80700
1300,User1300,user1300@example.com,34,41210
1301,User1301,user1301@example.com,65,66184
1302,User1302,user1302@example.com,35,86520
1303,User1303,user1303@example.com,20,45198
1304,User1304,user1304@example.com,49,70344
1305,User1305,user1305@example.com,49,91195
1306,User1306,user1306@example.com,49,49239
1307,User1307,user1307@example.com,37,73067
1308,User1308,user1308@example.com,21,44995
1309,User1309,user1309@example.com,55,38014
1310,User1310,user1310@example.com,46,35518
1311,User1311,user1311@example.com,50,80778
1312,User1312,user1312@example.com,45,53151
1313,User1313,user1313@example.com,51,39269
1314,User1314,user1314@example.com,63,55189
1315,User1315,user1315@example.com,69,76238
1316,User1316,user1316@example.com,24,67566
1317,User1317,user1317@example.com,36,62411
1318,User1318,user1318@example.com,35,63661
1319,User1319,user1319@example.com,60,96385
1320,User1320,user1320@example.com,49,72395
1321,User1321,user1321@example.com,30,92267
1322,User1322,user1322@example.com,50,97320
1323,User1323,user1323@example.com,20,91858
1324,User1324,user1324@example.com,41,59122
1325,User1325,user1325@example.com,36,88861
1326,User1326,user1326@example.com,57,64252
1327,User1327,user1327@example.com,41,83276
1328,User1328,user1328@example.com,40,75476
1329,User1329,user1329@example.com,44,95407
1330,User1330,user1330@example.com,42,78283
1331,User1331,user1331@example.com,25,97893
1332,User1332,user1332@example.com,33,33314
1333,User1333,user1333@example.com,23,80420
1334,User1334,user1334@example.com,69,77991
1335,User1335,user1335@example.com,64,87930
1336,User1336,user1336@example.com,24,43627
1337,User1337,user1337@example.com,67,84354
1338,User1338,user1338@example.com,20,92844
1339,User1339,user1339@example.com,40,73429
1340,User1340,user1340@example.com,38,92062
1341,User1341,user1341@example.com,22,55590
1342,User1342,user1342@example.com,45,94672
1343,User1343,user1343@example.com,33,51044
1344,User1344,user1344@example.com,60,78537
1345,User1345,user1345@example.com,40,85863
1346,User1346,user1346@example.com,25,94324
1347,User1347,user1347@example.com,29,75499
1348,User1348,user1348@example.com,59,98989
1349,User1349,user1349@example.com,49,72283
1350,User1350,user1350@example.com,41,37969
1351,User1351,user1351@example.com,40,35442
1352,User1352,user1352@example.com,37,51496
1353,User1353,user1353@example.com,53,68185
1354,User1354,user1354@example.com,60,64705
1355,User1355,user1355@example.com,69,80675
1356,User1356,user1356@example.com,45,53150
1357,User1357,user1357@example.com,45,40483
1358,User1358,user1358@example.com,43,43686
1359,User1359,user1359@example.com,33,30146
1360,User1360,user1360@example.com,68,55913
1361,User1361,user1361@example.com,61,51948
1362,User1362,user1362@example.com,31,70946
1363,User1363,user1363@example.com,20,80769
1364,User1364,user1364@example.com,41,34340
1365,User1365,user1365@example.com,32,59328
1366,User1366,user1366@example.com,52,85513
1367,User1367,user1367@example.com,27,63955
1368,User1368,user1368@example.com,63,89213
1369,User1369,user1369@example.com,48,70905
1370,User1370,user1370@example.com,31,82685
1371,User1371,user1371@example.com,27,55537
1372,User1372,user1372@example.com,22,45364
1373,User1373,user1373@example.com,56,83045
1374,User1374,user1374@example.com,62,31048
1375,User1375,user1375@example.com,25,81429
1376,User1376,user1376@example.com,33,81100
1377,User1377,user1377@example.com,22,65133
1378,User1378,user1378@example.com,23,98038
1379,User1379,user1379@example.com,46,46723
1380,User1380,user1380@example.com,33,95062
1381,User1381,user1381@example.com,39,38016
1382,User1382,user1382@example.com,46,55688
1383,User1383,user1383@example.com,52,39307
1384,User1384,user1384@example.com,45,42882
1385,User1385,user1385@example.com,20,35284
1386,User1386,user1386@example.com,22,32992
1387,User1387,user1387@example.com,37,36971
1388,User1388,user1388@example.com,23,80739
1389,User1389,user1389@example.com,46,46902
1390,User1390,user1390@example.com,66,87342
1391,User1391,user1391@example.com,22,64137
1392,User1392,user1392@example.com,34,40245
1393,User1393,user1393@example.com,23,48991
1394,User1394,user1394@example.com,25,65020
1395,User1395,user1395@example.com,29,69867
1396,User1396,user1396@example.com,43,39688
1397,User1397,user1397@example.com,28,83620
1398,User1398,user1398@example.com,37,74135
1399,User1399,user1399@example.com,34,94475
1400,User1400,user1400@example.com,44,48584
1401,User1401,user1401@example.com,21,60229
1402,User1402,user1402@example.com,29,42763
1403,User1403,user1403@example.com,54,86570
1404,User1404,user1404@example.com,34,92494
1405,User1405,user1405@example.com,44,66267
1406,User1406,user1406@example.com,38,33888
1407,User1407,user1407@example.com,34,38055
1408,User1408,user1408@example.com,25,78743
1409,User1409,user1409@example.com,21,60206
1410,User1410,user1410@example.com,20,74117
1411,User1411,user1411@example.com,29,87946
1412,User1412,user1412@example.com,52,75347
1413,User1413,user1413@example.com,65,44093
1414,User1414,user1414@example.com,47,35592
1415,User1415,user1415@example.com,44,59684
1416,User1416,user1416@example.com,55,96249
1417,User1417,user1417@example.com,48,61808
1418,User1418,user1418@example.com,22,94194
1419,User1419,user1419@example.com,57,88916
1420,User1420,user1420@example.com,46,63354
1421,User1421,user1421@example.com,52,78576
1422,User1422,user1422@example.com,32,61554
1423,User1423,user1423@example.com,31,40283
1424,User1424,user1424@example.com,63,89747
1425,User1425,user1425@example.com,36,92257
1426,User1426,user1426@example.com,59,79018
1427,User1427,user1427@example.com,36,55629
1428,User1428,user1428@example.com,51,45608
1429,User1429,user1429@example.com,37,33004
1430,User1430,user1430@example.com,66,83046
1431,User1431,user1431@example.com,50,56263
1432,User1432,user1432@example.com,48,73482
1433,User1433,user1433@example.com,51,35526
1434,User1434,user1434@example.com,41,84821
1435,User1435,user1435@example.com,57,35702
1436,User1436,user1436@example.com,35,95117
1437,User1437,user1437@example.com,56,49747
1438,User1438,user1438@example.com,35,45281
1439,User1439,user1439@example.com,31,46891
1440,User1440,user1440@example.com,64,44903
1441,User1441,user1441@example.com,49,63172
1442,User1442,user1442@example.com,50,48694
1443,User1443,user1443@example.com,23,78620
1444,User1444,user1444@example.com,23,93061
1445,User1445,user1445@example.com,34,83150
1446,User1446,user1446@example.com,35,83166
1447,User1447,user1447@example.com,63,69280
1448,User1448,user1448@example.com,20,69366
1449,User1449,user1449@example.com,63,72362
1450,User1450,user1450@example.com,65,80621
1451,User1451,user1451@example.com,31,34625
1452,User1452,user1452@example.com,50,90361
1453,User1453,user1453@example.com,41,66670
1454,User1454,user1454@example.com,53,85552
1455,User1455,user1455@example.com,55,32970
1456,User1456,user1456@example.com,53,91032
1457,User1457,user1457@example.com,49,31075
1458,User1458,user1458@example.com,68,58336
1459,User1459,user1459@example.com,34,98894
1460,User1460,user1460@example.com,55,35965
1461,User1461,user1461@example.com,60,40847
1462,User1462,user1462@example.com,44,41720
1463,User1463,user1463@example.com,63,52509
1464,User1464,user1464@example.com,61,54337
1465,User1465,user1465@example.com,35,97343
1466,User1466,user1466@example.com,45,48718
1467,User1467,user1467@example.com,64,85728
1468,User1468,user1468@example.com,30,89656
1469,User1469,user1469@example.com,53,62620
1470,User1470,user1470@example.com,42,75924
1471,User1471,user1471@example.com,20,85198
1472,User1472,user1472@example.com,28,72282
1473,User1473,user1473@example.com,57,46241
1474,User1474,user1474@example.com,38,69733
1475,User1475,user1475@example.com,37,53107
1476,User1476,user1476@example.com,69,85890
1477,User1477,user1477@example.com,47,58913
1478,User1478,user1478@example.com,33,63804
1479,User1479,user1479@example.com,48,35238
1480,User1480,user1480@example.com,52,89756
1481,User1481,user1481@example.com,30,30032
1482,User1482,user1482@example.com,45,93837
1483,User1483,user1483@example.com,39,34438
1484,User1484,user1484@example.com,42,56644
1485,User1485,user1485@example.com,38,65952
1486,User1486,user1486@example.com,69,47673
1487,User1487,user1487@example.com,62,81758
1488,User1488,user1488@example.com,36,50194
1489,User1489,user1489@example.com,67,38380
1490,User1490,user1490@example.com,60,55600
1491,User1491,user1491@example.com,42,67359
1492,User1492,user1492@example.com,60,37010
1493,User1493,user1493@example.com,47,94533
1494,User1494,user1494@example.com,25,40826
1495,User1495,user1495@example.com,40,43111
1496,User1496,user1496@example.com,29,52765
1497,User1497,user1497@example.com,31,89041
1498,User1498,user1498@example.com,27,76232
1499,User1499,user1499@example.com,60,74196
1500,User1500,user1500@example.com,55,69287
1501,User1501,user1501@example.com,49,56097
1502,User1502,user1502@example.com,39,65963
1503,User1503,user1503@example.com,48,99612
1504,User1504,user1504@example.com,51,90728
1505,User1505,user1505@example.com,25,75140
1506,User1506,user1506@example.com,55,91983
1507,User1507,user1507@example.com,68,31134
1508,User1508,user1508@example.com,53,61459
1509,User1509,user1509@example.com,64,96154
1510,User1510,user1510@example.com,61,46182
1511,User1511,user1511@example.com,61,86765
1512,User1512,user1512@example.com,41,40027
1513,User1513,user1513@example.com,54,43562
1514,User1514,user1514@example.com,52,52852
1515,User1515,user1515@example.com,24,48602
1516,User1516,user1516@example.com,64,58543
1517,User1517,user1517@example.com,54,66420
1518,User1518,user1518@example.com,55,83614
1519,User1519,user1519@example.com,24,85347
1520,User1520,user1520@example.com,20,37602
1521,User1521,user1521@example.com,48,80499
1522,User1522,user1522@example.com,50,36300
1523,User1523,user1523@example.com,27,61650
1524,User1524,user1524@example.com,57,68813
1525,User1525,user1525@example.com,44,75603
1526,User1526,user1526@example.com,29,81796
1527,User1527,user1527@example.com,65,90557
1528,User1528,user1528@example.com,66,66844
1529,User1529,user1529@example.com,36,80219
1530,User1530,user1530@example.com,54,34167
1531,User1531,user1531@example.com,69,42185
1532,User1532,user1532@example.com,39,82237
1533,User1533,user1533@example.com,49,89777
1534,User1534,user1534@example.com,22,72956
1535,User1535,user1535@example.com,63,45497
1536,User1536,user1536@example.com,62,79005
1537,User1537,user1537@example.com,58,67254
1538,User1538,user1538@example.com,30,92731
1539,User1539,user1539@example.com,23,93638
1540,User1540,user1540@example.com,34,67102
1541,User1541,user1541@example.com,22,50622
1542,User1542,user1542@example.com,57,88224
1543,User1543,user1543@example.com,53,30140
1544,User1544,user1544@example.com,65,46919
1545,User1545,user1545@example.com,47,71411
1546,User1546,user1546@example.com,59,59493
1547,User1547,user1547@example.com,42,73749
1548,User1548,user1548@example.com,62,51883
1549,User1549,user1549@example.com,35,46812
1550,User1550,user1550@example.com,27,73470
1551,User1551,user1551@example.com,36,68252
1552,User1552,user1552@example.com,64,75589
1553,User1553,user1553@example.com,35,60500
1554,User1554,user1554@example.com,65,68763
1555,User1555,user1555@example.com,64,63897
1556,User1556,user1556@example.com,60,71246
1557,User1557,user1557@example.com,39,66231
1558,User1558,user1558@example.com,69,86168
1559,User1559,user1559@example.com,48,62649
1560,User1560,user1560@example.com,33,47319
1561,User1561,user1561@example.com,33,57968
1562,User1562,user1562@example.com,41,66906
1563,User1563,user1563@example.com,26,59971
1564,User1564,user1564@example.com,49,65959
1565,User1565,user1565@example.com,56,45603
1566,User1566,user1566@example.com,67,56982
1567,User1567,user1567@example.com,39,34792
1568,User1568,user1568@example.com,61,63026
1569,User1569,user1569@example.com,65,53641
1570,User1570,user1570@example.com,62,89110
1571,User1571,user1571@example.com,47,70420
1572,User1572,user1572@example.com,54,49136
1573,User1573,user1573@example.com,30,91643
1574,User1574,user1574@example.com,37,35520
1575,User1575,user1575@example.com,28,85556
1576,User1576,user1576@example.com,66,89605
1577,User1577,user1577@example.com,29,97092
1578,User1578,user1578@example.com,26,39746
1579,User1579,user1579@example.com,21,92822
1580,User1580,user1580@example.com,39,40746
1581,User1581,user1581@example.com,63,67720
1582,User1582,user1582@example.com,31,55836
1583,User1583,user1583@example.com,64,70664
1584,User1584,user1584@example.com,57,86376
1585,User1585,user1585@example.com,67,91439
1586,User1586,user1586@example.com,28,86966
1587,User1587,user1587@example.com,44,56049
1588,User1588,user1588@example.com,44,74889
1589,User1589,user1589@example.com,69,47404
1590,User1590,user1590@example.com,38,96168
1591,User1591,user1591@example.com,60,81050
1592,User1592,user1592@example.com,40,40519
1593,User1593,user1593@example.com,45,40045
1594,User1594,user1594@example.com,58,67619
1595,User1595,user1595@example.com,65,39493
1596,User1596,user1596@example.com,43,99391
1597,User1597,user1597@example.com,48,69356
1598,User1598,user1598@example.com,67,37283
1599,User1599,user1599@example.com,37,88724
1600,User1600,user1600@example.com,64,49891
1601,User1601,user1601@example.com,44,68968
1602,User1602,user1602@example.com,49,44352
1603,User1603,user1603@example.com,20,80997
1604,User1604,user1604@example.com,32,73910
1605,User1605,user1605@example.com,43,86204
1606,User1606,user1606@example.com,36,54891
1607,User1607,user1607@example.com,49,71339
1608,User1608,user1608@example.com,48,83963
1609,User1609,user1609@example.com,24,71599
1610,User1610,user1610@example.com,44,79351
1611,User1611,user1611@example.com,55,98103
1612,User1612,user1612@example.com,29,74386
1613,User1613,user1613@example.com,47,93819
1614,User1614,user1614@example.com,46,52953
1615,User1615,user1615@example.com,42,79061
1616,User1616,user1616@example.com,51,53729
1617,User1617,user1617@example.com,24,33851
1618,User1618,user1618@example.com,35,33765
1619,User1619,user1619@example.com,40,56130
1620,User1620,user1620@example.com,53,78758
1621,User1621,user1621@example.com,29,80323
1622,User1622,user1622@example.com,53,31173
1623,User1623,user1623@example.com,63,63049
1624,User1624,user1624@example.com,21,72884
1625,User1625,user1625@example.com,66,32636
1626,User1626,user1626@example.com,66,53758
1627,User1627,user1627@example.com,60,97174
1628,User1628,user1628@example.com,53,43993
1629,User1629,user1629@example.com,25,85933
1630,User1630,user1630@example.com,60,51798
1631,User1631,user1631@example.com,53,91499
1632,User1632,user1632@example.com,56,54255
1633,User1633,user1633@example.com,61,58119
1634,User1634,user1634@example.com,41,62146
1635,User1635,user1635@example.com,35,67885
1636,User1636,user1636@example.com,46,51654
1637,User1637,user1637@example.com,65,65234
1638,User1638,user1638@example.com,69,82533
1639,User1639,user1639@example.com,34,94947
1640,User1640,user1640@example.com,43,81031
1641,User1641,user1641@example.com,39,97600
1642,User1642,user1642@example.com,34,71565
1643,User1643,user1643@example.com,62,87635
1644,User1644,user1644@example.com,53,69621
1645,User1645,user1645@example.com,33,33255
1646,User1646,user1646@example.com,54,48943
1647,User1647,user1647@example.com,36,79236
1648,User1648,user1648@example.com,25,94475
1649,User1649,user1649@example.com,31,55555
1650,User1650,user1650@example.com,67,41260
1651,User1651,user1651@example.com,31,68723
1652,User1652,user1652@example.com,38,92182
1653,User1653,user1653@example.com,59,30812
1654,User1654,user1654@example.com,51,53960
1655,User1655,user1655@example.com,60,40641
1656,User1656,user1656@example.com,46,74840
1657,User1657,user1657@example.com,24,98960
1658,User1658,user1658@example.com,26,86834
1659,User1659,user1659@example.com,63,77565
1660,User1660,user1660@example.com,48,81433
1661,User1661,user1661@example.com,65,32401
1662,User1662,user1662@example.com,64,51973
1663,User1663,user1663@example.com,54,49525
1664,User1664,user1664@example.com,68,83998
1665,User1665,user1665@example.com,49,42651
1666,User1666,user1666@example.com,60,35891
1667,User1667,user1667@example.com,53,35723
1668,User1668,user1668@example.com,34,69872
1669,User1669,user1669@example.com,35,43925
1670,User1670,user1670@example.com,31,94940
1671,User1671,user1671@example.com,48,32797
1672,User1672,user1672@example.com,69,49289
1673,User1673,user1673@example.com,21,34173
1674,User1674,user1674@example.com,57,54578
1675,User1675,user1675@example.com,65,67862
1676,User1676,user1676@example.com,51,90077
1677,User1677,user1677@example.com,42,47118
1678,User1678,user1678@example.com,28,78226
1679,User1679,user1679@example.com,33,37962
1680,User1680,user1680@example.com,63,46674
1681,User1681,user1681@example.com,63,40477
1682,User1682,user1682@example.com,27,94193
1683,User1683,user1683@example.com,31,48009
1684,User1684,user1684@example.com,48,37777
1685,User1685,user1685@example.com,64,71644
1686,User1686,user1686@example.com,41,50144
1687,User1687,user1687@example.com,59,93390
1688,User1688,user1688@example.com,41,80944
1689,User1689,user1689@example.com,45,54303
1690,User1690,user1690@example.com,47,35565
1691,User1691,user1691@example.com,24,77187
1692,User1692,user1692@example.com,54,64210
1693,User1693,user1693@example.com,68,70309
1694,User1694,user1694@example.com,32,56284
1695,User1695,user1695@example.com,60,93425
1696,User1696,user1696@example.com,51,89508
1697,User1697,user1697@example.com,51,35395
1698,User1698,user1698@example.com,28,70462
1699,User1699,user1699@example.com,27,58748
1700,User1700,user1700@example.com,57,42571
1701,User1701,user1701@example.com,43,76575
1702,User1702,user1702@example.com,25,79355
1703,User1703,user1703@example.com,46,58590
1704,User1704,user1704@example.com,53,93155
1705,User1705,user1705@example.com,57,98460
1706,User1706,user1706@example.com,33,34062
1707,User1707,user1707@example.com,39,58127
1708,User1708,user1708@example.com,26,48554
1709,User1709,user1709@example.com,33,76113
1710,User1710,user1710@example.com,63,86438
1711,User1711,user1711@example.com,48,96702
1712,User1712,user1712@example.com,62,46004
1713,User1713,user1713@example.com,60,39361
1714,User1714,user1714@example.com,55,72328
1715,User1715,user1715@example.com,55,67965
1716,User1716,user1716@example.com,52,64321
1717,User1717,user1717@example.com,48,52590
1718,User1718,user1718@example.com,61,80190
1719,User1719,user1719@example.com,28,34118
1720,User1720,user1720@example.com,58,59560
1721,User1721,user1721@example.com,56,32628
1722,User1722,user1722@example.com,48,73915
1723,User1723,user1723@example.com,31,50253
1724,User1724,user1724@example.com,36,40806
1725,User1725,user1725@example.com,39,56943
1726,User1726,user1726@example.com,63,71712
1727,User1727,user1727@example.com,33,58707
1728,User1728,user1728@example.com,60,44823
1729,User1729,user1729@example.com,66,54964
1730,User1730,user1730@example.com,36,80091
1731,User1731,user1731@example.com,69,91724
1732,User1732,user1732@example.com,31,31715
1733,User1733,user1733@example.com,21,60485
1734,User1734,user1734@example.com,52,79857
1735,User1735,user1735@example.com,68,46228
1736,User1736,user1736@example.com,35,36030
1737,User1737,user1737@example.com,35,94175
1738,User1738,user1738@example.com,60,83058
1739,User1739,user1739@example.com,44,45178
1740,User1740,user1740@example.com,25,65909
1741,User1741,user1741@example.com,25,44486
1742,User1742,user1742@example.com,34,90620
1743,User1743,user1743@example.com,69,95156
1744,User1744,user1744@example.com,61,34086
1745,User1745,user1745@example.com,29,82685
1746,User1746,user1746@example.com,22,80100
1747,User1747,user1747@example.com,67,64725
1748,User1748,user1748@example.com,50,77604
1749,User1749,user1749@example.com,33,54630
1750,User1750,user1750@example.com,41,33175
1751,User1751,user1751@example.com,64,72244
1752,User1752,user1752@example.com,62,93628
1753,User1753,user1753@example.com,44,35689
1754,User1754,user1754@example.com,39,77772
1755,User1755,user1755@example.com,46,41204
1756,User1756,user1756@example.com,67,76500
1757,User1757,user1757@example.com,36,88255
1758,User1758,user1758@example.com,25,57664
1759,User1759,user1759@example.com,48,81936
1760,User1760,user1760@example.com,61,95946
1761,User1761,user1761@example.com,26,62484
1762,User1762,user1762@example.com,37,34127
1763,User1763,user1763@example.com,64,81380
1764,User1764,user1764@example.com,57,68845
1765,User1765,user1765@example.com,53,78097
1766,User1766,user1766@example.com,69,99903
1767,User1767,user1767@example.com,59,85921
1768,User1768,user1768@example.com,49,99538
1769,User1769,user1769@example.com,50,99164
1770,User1770,user1770@example.com,27,34572
1771,User1771,user1771@example.com,57,98185
1772,User1772,user1772@example.com,42,73017
1773,User1773,user1773@example.com,42,53424
1774,User1774,user1774@example.com,60,68895
1775,User1775,user1775@example.com,24,41239
1776,User1776,user1776@example.com,50,98904
1777,User1777,user1777@example.com,52,58001
1778,User1778,user1778@example.com,51,77919
1779,User1779,user1779@example.com,32,35168
1780,User1780,user1780@example.com,33,49201
1781,User1781,user1781@example.com,49,87695
1782,User1782,user1782@example.com,37,31415
1783,User1783,user1783@example.com,32,55803
1784,User1784,user1784@example.com,68,50582
1785,User1785,user1785@example.com,41,35911
1786,User1786,user1786@example.com,54,39717
1787,User1787,user1787@example.com,33,85936
1788,User1788,user1788@example.com,24,34912
1789,User1789,user1789@example.com,67,66694
1790,User1790,user1790@example.com,65,84444
1791,User1791,user1791@example.com,32,30020
1792,User1792,user1792@example.com,39,49963
1793,User1793,user1793@example.com,54,83414
1794,User1794,user1794@example.com,38,81815
1795,User1795,user1795@example.com,26,92599
1796,User1796,user1796@example.com,56,85766
1797,User1797,user1797@example.com,34,46064
1798,User1798,user1798@example.com,22,34530
1799,User1799,user1799@example.com,55,30114
1800,User1800,user1800@example.com,47,65696
1801,User1801,user1801@example.com,32,81411
1802,User1802,user1802@example.com,62,68839
1803,User1803,user1803@example.com,27,67006
1804,User1804,user1804@example.com,25,69779
1805,User1805,user1805@example.com,34,99315
1806,User1806,user1806@example.com,36,53778
1807,User1807,user1807@example.com,46,98674
1808,User1808,user1808@example.com,43,92050
1809,User1809,user1809@example.com,68,98889
1810,User1810,user1810@example.com,54,72916
1811,User1811,user1811@example.com,59,88325
1812,User1812,user1812@example.com,35,99367
1813,User1813,user1813@example.com,29,61257
1814,User1814,user1814@example.com,45,40174
1815,User1815,user1815@example.com,59,77487
1816,User1816,user1816@example.com,65,69648
1817,User1817,user1817@example.com,32,77143
1818,User1818,user1818@example.com,57,75719
1819,User1819,user1819@example.com,62,68776
1820,User1820,user1820@example.com,61,58142
1821,User1821,user1821@example.com,51,86626
1822,User1822,user1822@example.com,24,52547
1823,User1823,user1823@example.com,25,65075
1824,User1824,user1824@example.com,35,44968
1825,User1825,user1825@example.com,58,83512
1826,User1826,user1826@example.com,49,40870
1827,User1827,user1827@example.com,53,44398
1828,User1828,user1828@example.com,53,35033
1829,User1829,user1829@example.com,68,94083
1830,User1830,user1830@example.com,37,78074
1831,User1831,user1831@example.com,39,30001
1832,User1832,user1832@example.com,69,50684
1833,User1833,user1833@example.com,30,56303
1834,User1834,user1834@example.com,24,72127
1835,User1835,user1835@example.com,23,56175
1836,User1836,user1836@example.com,41,86961
1837,User1837,user1837@example.com,20,63081
1838,User1838,user1838@example.com,56,86560
1839,User1839,user1839@example.com,41,93553
1840,User1840,user1840@example.com,46,72136
1841,User1841,user1841@example.com,28,77159
1842,User1842,user1842@example.com,60,86893
1843,User1843,user1843@example.com,45,61065
1844,User1844,user1844@example.com,50,36561
1845,User1845,user1845@example.com,63,94723
1846,User1846,user1846@example.com,45,63459
1847,User1847,user1847@example.com,56,31771
1848,User1848,user1848@example.com,31,89234
1849,User1849,user1849@example.com,23,40032
1850,User1850,user1850@example.com,31,51700
1851,User1851,user1851@example.com,60,46985
1852,User1852,user1852@example.com,59,51677
1853,User1853,user1853@example.com,28,30118
1854,User1854,user1854@example.com,28,65339
1855,User1855,user1855@example.com,20,33422
1856,User1856,user1856@example.com,49,43124
1857,User1857,user1857@example.com,66,79965
1858,User1858,user1858@example.com,38,44317
1859,User1859,user1859@example.com,51,69757
1860,User1860,user1860@example.com,43,69549
1861,User1861,user1861@example.com,60,77894
1862,User1862,user1862@example.com,63,69263
1863,User1863,user1863@example.com,32,86527
1864,User1864,user1864@example.com,59,34965
1865,User1865,user1865@example.com,50,49112
1866,User1866,user1866@example.com,63,56347
1867,User1867,user1867@example.com,58,59324
1868,User1868,user1868@example.com,27,34721
1869,User1869,user1869@example.com,50,72564
1870,User1870,user1870@example.com,52,92451
1871,User1871,user1871@example.com,62,40689
1872,User1872,user1872@example.com,20,46814
1873,User1873,user1873@example.com,56,98950
1874,User1874,user1874@example.com,43,66507
1875,User1875,user1875@example.com,38,90133
1876,User1876,user1876@example.com,20,79812
1877,User1877,user1877@example.com,48,30832
1878,User1878,user1878@example.com,47,74450
1879,User1879,user1879@example.com,64,68949
1880,User1880,user1880@example.com,64,85494
1881,User1881,user1881@example.com,38,72909
1882,User1882,user1882@example.com,20,58219
1883,User1883,user1883@example.com,62,50920
1884,User1884,user1884@example.com,47,69012
1885,User1885,user1885@example.com,66,37639
1886,User1886,user1886@example.com,69,73561
1887,User1887,user1887@example.com,61,59223
1888,User1888,user1888@example.com,52,99035
1889,User1889,user1889@example.com,54,92242
1890,User1890,user1890@example.com,66,40419
1891,User1891,user1891@example.com,65,55506
1892,User1892,user1892@example.com,29,73039
1893,User1893,user1893@example.com,53,80033
1894,User1894,user1894@example.com,48,69592
1895,User1895,user1895@example.com,59,30596
1896,User1896,user1896@example.com,67,96797
1897,User1897,user1897@example.com,20,31450
1898,User1898,user1898@example.com,60,49745
1899,User1899,user1899@example.com,66,79007
1900,User1900,user1900@example.com,46,70264
1901,User1901,user1901@example.com,25,76499
1902,User1902,user1902@example.com,33,57513
1903,User1903,user1903@example.com,45,57849
1904,User1904,user1904@example.com,29,65371
1905,User1905,user1905@example.com,44,90429
1906,User1906,user1906@example.com,43,73336
1907,User1907,user1907@example.com,61,90292
1908,User1908,user1908@example.com,66,34867
1909,User1909,user1909@example.com,56,91983
1910,User1910,user1910@example.com,68,65230
1911,User1911,user1911@example.com,38,44933
1912,User1912,user1912@example.com,29,39234
1913,User1913,user1913@example.com,66,32809
1914,User1914,user1914@example.com,49,56814
1915,User1915,user1915@example.com,66,82387
1916,User1916,user1916@example.com,29,81497
1917,User1917,user1917@example.com,31,45973
1918,User1918,user1918@example.com,38,54857
1919,User1919,user1919@example.com,22,33717
1920,User1920,user1920@example.com,52,54037
1921,User1921,user1921@example.com,61,54422
1922,User1922,user1922@example.com,26,80617
1923,User1923,user1923@example.com,61,66125
1924,User1924,user1924@example.com,21,40379
1925,User1925,user1925@example.com,46,55420
1926,User1926,user1926@example.com,33,61840
1927,User1927,user1927@example.com,64,88710
1928,User1928,user1928@example.com,39,74540
1929,User1929,user1929@example.com,37,79810
1930,User1930,user1930@example.com,57,66532
1931,User1931,user1931@example.com,27,42089
1932,User1932,user1932@example.com,62,49091
1933,User1933,user1933@example.com,41,91287
1934,User1934,user1934@example.com,25,31047
1935,User1935,user1935@example.com,69,50109
1936,User1936,user1936@example.com,45,75858
1937,User1937,user1937@example.com,68,35675
1938,User1938,user1938@example.com,21,63346
1939,User1939,user1939@example.com,26,96558
1940,User1940,user1940@example.com,67,39010
1941,User1941,user1941@example.com,45,57479
1942,User1942,user1942@example.com,56,64363
1943,User1943,user1943@example.com,65,55561
1944,User1944,user1944@example.com,39,44500
1945,User1945,user1945@example.com,56,49219
1946,User1946,user1946@example.com,65,76786
1947,User1947,user1947@example.com,23,59644
1948,User1948,user1948@example.com,49,74189
1949,User1949,user1949@example.com,62,42528
1950,User1950,user1950@example.com,68,60672
1951,User1951,user1951@example.com,23,45374
1952,User1952,user1952@example.com,59,56816
1953,User1953,user1953@example.com,44,44699
1954,User1954,user1954@example.com,38,52622
1955,User1955,user1955@example.com,68,45992
1956,User1956,user1956@example.com,29,90085
1957,User1957,user1957@example.com,44,41232
1958,User1958,user1958@example.com,28,40405
1959,User1959,user1959@example.com,33,38387
1960,User1960,user1960@example.com,35,98526
1961,User1961,user1961@example.com,44,46478
1962,User1962,user1962@example.com,39,45598
1963,User1963,user1963@example.com,61,93707
1964,User1964,user1964@example.com,32,37318
1965,User1965,user1965@example.com,50,32201
1966,User1966,user1966@example.com,61,65060
1967,User1967,user1967@example.com,50,48611
1968,User1968,user1968@example.com,42,90601
1969,User1969,user1969@example.com,27,92802
1970,User1970,user1970@example.com,66,39274
1971,User1971,user1971@example.com,52,55421
1972,User1972,user1972@example.com,33,58533
1973,User1973,user1973@example.com,58,82517
1974,User1974,user1974@example.com,64,44298
1975,User1975,user1975@example.com,26,73826
1976,User1976,user1976@example.com,32,52738
1977,User1977,user1977@example.com,51,68946
1978,User1978,user1978@example.com,35,62633
1979,User1979,user1979@example.com,60,43988
1980,User1980,user1980@example.com,68,57359
1981,User1981,user1981@example.com,62,85539
1982,User1982,user1982@example.com,38,45588
1983,User1983,user1983@example.com,43,91759
1984,User1984,user1984@example.com,62,98547
1985,User1985,user1985@example.com,21,67305
1986,User1986,user1986@example.com,37,39885
1987,User1987,user1987@example.com,64,38182
1988,User1988,user1988@example.com,21,41122
1989,User1989,user1989@example.com,26,49591
1990,User1990,user1990@example.com,28,50179
1991,User1991,user1991@example.com,39,66808
1992,User1992,user1992@example.com,67,98429
1993,User1993,user1993@example.com,53,41419
1994,User1994,user1994@example.com,41,47704
1995,User1995,user1995@example.com,42,35859
1996,User1996,user1996@example.com,39,34120
1997,User1997,user1997@example.com,35,53860
1998,User1998,user1998@example.com,65,53511
1999,User1999,user1999@example.com,41,43673
2000,User2000,user2000@example.com,55,64165
2001,User2001,user2001@example.com,41,47750
2002,User2002,user2002@example.com,28,75974
2003,User2003,user2003@example.com,57,63021
2004,User2004,user2004@example.com,29,72953
2005,User2005,user2005@example.com,53,32319
2006,User2006,user2006@example.com,29,35134
2007,User2007,user2007@example.com,67,63000
2008,User2008,user2008@example.com,64,38325
2009,User2009,user2009@example.com,35,34728
2010,User2010,user2010@example.com,36,82035
2011,User2011,user2011@example.com,55,38506
2012,User2012,user2012@example.com,29,78817
2013,User2013,user2013@example.com,45,30906
2014,User2014,user2014@example.com,48,67012
2015,User2015,user2015@example.com,31,98689
2016,User2016,user2016@example.com,64,73706
2017,User2017,user2017@example.com,50,80853
2018,User2018,user2018@example.com,34,50878
2019,User2019,user2019@example.com,39,73359
2020,User2020,user2020@example.com,69,38954
2021,User2021,user2021@example.com,23,95175
2022,User2022,user2022@example.com,34,93599
2023,User2023,user2023@example.com,50,75652
2024,User2024,user2024@example.com,35,47609
2025,User2025,user2025@example.com,65,61655
2026,User2026,user2026@example.com,35,76861
2027,User2027,user2027@example.com,22,80260
2028,User2028,user2028@example.com,25,98836
2029,User2029,user2029@example.com,61,70228
2030,User2030,user2030@example.com,68,40150
2031,User2031,user2031@example.com,43,87796
2032,User2032,user2032@example.com,37,78976
2033,User2033,user2033@example.com,36,80994
2034,User2034,user2034@example.com,66,98596
2035,User2035,user2035@example.com,55,83147
2036,User2036,user2036@example.com,26,45372
2037,User2037,user2037@example.com,42,30288
2038,User2038,user2038@example.com,47,50996
2039,User2039,user2039@example.com,55,63118
2040,User2040,user2040@example.com,29,95944
2041,User2041,user2041@example.com,54,91525
2042,User2042,user2042@example.com,46,90400
2043,User2043,user2043@example.com,52,47703
2044,User2044,user2044@example.com,42,36348
2045,User2045,user2045@example.com,61,81771
2046,User2046,user2046@example.com,21,86490
2047,User2047,user2047@example.com,54,35542
2048,User2048,user2048@example.com,67,94080
2049,User2049,user2049@example.com,34,66145
2050,User2050,user2050@example.com,55,74189
2051,User2051,user2051@example.com,65,38225
2052,User2052,user2052@example.com,58,54185
2053,User2053,user2053@example.com,64,86964
2054,User2054,user2054@example.com,63,55365
2055,User2055,user2055@example.com,51,71432
2056,User2056,user2056@example.com,27,37785
2057,User2057,user2057@example.com,59,75583
2058,User2058,user2058@example.com,55,31874
2059,User2059,user2059@example.com,26,69030
2060,User2060,user2060@example.com,23,64075
2061,User2061,user2061@example.com,21,90990
2062,User2062,user2062@example.com,39,31125
2063,User2063,user2063@example.com,49,54010
2064,User2064,user2064@example.com,53,73522
2065,User2065,user2065@example.com,27,69858
2066,User2066,user2066@example.com,36,97968
2067,User2067,user2067@example.com,49,73151
2068,User2068,user2068@example.com,26,54324
2069,User2069,user2069@example.com,23,33321
2070,User2070,user2070@example.com,30,60627
2071,User2071,user2071@example.com,27,67827
2072,User2072,user2072@example.com,21,36110
2073,User2073,user2073@example.com,61,65847
2074,User2074,user2074@example.com,46,76542
2075,User2075,user2075@example.com,37,61795
2076,User2076,user2076@example.com,53,45565
2077,User2077,user2077@example.com,34,69068
2078,User2078,user2078@example.com,36,94455
2079,User2079,user2079@example.com,31,48683
2080,User2080,user2080@example.com,65,89040
2081,User2081,user2081@example.com,68,57905
2082,User2082,user2082@example.com,28,89383
2083,User2083,user2083@example.com,29,32146
2084,User2084,user2084@example.com,67,31467
2085,User2085,user2085@example.com,62,85545
2086,User2086,user2086@example.com,55,82178
2087,User2087,user2087@example.com,55,68630
2088,User2088,user2088@example.com,45,73062
2089,User2089,user2089@example.com,20,30090
2090,User2090,user2090@example.com,25,44170
2091,User2091,user2091@example.com,58,80468
2092,User2092,user2092@example.com,68,95434
2093,User2093,user2093@example.com,65,80443
2094,User2094,user2094@example.com,27,81991
2095,User2095,user2095@example.com,21,40171
2096,User2096,user2096@example.com,23,69912
2097,User2097,user2097@example.com,31,68004
2098,User2098,user2098@example.com,60,79159
2099,User2099,user2099@example.com,42,56632
2100,User2100,user2100@example.com,58,39870
2101,User2101,user2101@example.com,23,54973
2102,User2102,user2102@example.com,63,41297
2103,User2103,user2103@example.com,63,59995
2104,User2104,user2104@example.com,25,99461
2105,User2105,user2105@example.com,33,51937
2106,User2106,user2106@example.com,50,77055
2107,User2107,user2107@example.com,36,75772
2108,User2108,user2108@example.com,38,56010
2109,User2109,user2109@example.com,49,53274
2110,User2110,user2110@example.com,21,97909
2111,User2111,user2111@example.com,62,44203
2112,User2112,user2112@example.com,58,51494
2113,User2113,user2113@example.com,49,30055
2114,User2114,user2114@example.com,68,34383
2115,User2115,user2115@example.com,35,74575
2116,User2116,user2116@example.com,42,70516
2117,User2117,user2117@example.com,29,31997
2118,User2118,user2118@example.com,39,49853
2119,User2119,user2119@example.com,29,95522
2120,User2120,user2120@example.com,41,47064
2121,User2121,user2121@example.com,61,57578
2122,User2122,user2122@example.com,43,78582
2123,User2123,user2123@example.com,37,94336
2124,User2124,user2124@example.com,28,30940
2125,User2125,user2125@example.com,24,39588
2126,User2126,user2126@example.com,68,98221
2127,User2127,user2127@example.com,34,92529
2128,User2128,user2128@example.com,39,58075
2129,User2129,user2129@example.com,23,43625
2130,User2130,user2130@example.com,58,44170
2131,User2131,user2131@example.com,60,80383
2132,User2132,user2132@example.com,60,65508
2133,User2133,user2133@example.com,46,32882
2134,User2134,user2134@example.com,48,78083
2135,User2135,user2135@example.com,50,99603
2136,User2136,user2136@example.com,37,82073
2137,User2137,user2137@example.com,21,89117
2138,User2138,user2138@example.com,46,37650
2139,User2139,user2139@example.com,58,58939
2140,User2140,user2140@example.com,66,73896
2141,User2141,user2141@example.com,65,43317
2142,User2142,user2142@example.com,25,40933
2143,User2143,user2143@example.com,56,61627
2144,User2144,user2144@example.com,55,59304
2145,User2145,user2145@example.com,68,66865
2146,User2146,user2146@example.com,68,42395
2147,User2147,user2147@example.com,23,80840
2148,User2148,user2148@example.com,30,54599
2149,User2149,user2149@example.com,43,83877
2150,User2150,user2150@example.com,46,96347
2151,User2151,user2151@example.com,31,95789
2152,User2152,user2152@example.com,47,92047
2153,User2153,user2153@example.com,68,87387
2154,User2154,user2154@example.com,51,32985
2155,User2155,user2155@example.com,55,44112
2156,User2156,user2156@example.com,46,36194
2157,User2157,user2157@example.com,63,91041
2158,User2158,user2158@example.com,38,84050
2159,User2159,user2159@example.com,54,37233
2160,User2160,user2160@example.com,53,53930
2161,User2161,user2161@example.com,62,41686
2162,User2162,user2162@example.com,57,38735
2163,User2163,user2163@example.com,39,62736
2164,User2164,user2164@example.com,20,64939
2165,User2165,user2165@example.com,24,94221
2166,User2166,user2166@example.com,64,33786
2167,User2167,user2167@example.com,66,40480
2168,User2168,user2168@example.com,51,76716
2169,User2169,user2169@example.com,47,92817
2170,User2170,user2170@example.com,25,59314
2171,User2171,user2171@example.com,41,44487
2172,User2172,user2172@example.com,29,98142
2173,User2173,user2173@example.com,24,76501
2174,User2174,user2174@example.com,48,96531
2175,User2175,user2175@example.com,33,32080
2176,User2176,user2176@example.com,33,89030
2177,User2177,user2177@example.com,56,47551
2178,User2178,user2178@example.com,68,71346
2179,User2179,user2179@example.com,57,71753
2180,User2180,user2180@example.com,36,43742
2181,User2181,user2181@example.com,35,70958
2182,User2182,user2182@example.com,40,48500
2183,User2183,user2183@example.com,40,77032
2184,User2184,user2184@example.com,30,52388
2185,User2185,user2185@example.com,33,98467
2186,User2186,user2186@example.com,63,56115
2187,User2187,user2187@example.com,33,70096
2188,User2188,user2188@example.com,62,39528
2189,User2189,user2189@example.com,24,86331
2190,User2190,user2190@example.com,66,50142
2191,User2191,user2191@example.com,57,99618
2192,User2192,user2192@example.com,30,75173
2193,User2193,user2193@example.com,40,69178
2194,User2194,user2194@example.com,68,47690
2195,User2195,user2195@example.com,24,53809
2196,User2196,user2196@example.com,21,32557
2197,User2197,user2197@example.com,37,59565
2198,User2198,user2198@example.com,39,60804
2199,User2199,user2199@example.com,51,81021
2200,User2200,user2200@example.com,26,75538
2201,User2201,user2201@example.com,39,85630
2202,User2202,user2202@example.com,45,40266
2203,User2203,user2203@example.com,69,59808
2204,User2204,user2204@example.com,36,58359
2205,User2205,user2205@example.com,43,55789
2206,User2206,user2206@example.com,31,63845
2207,User2207,user2207@example.com,60,40581
2208,User2208,user2208@example.com,43,58232
2209,User2209,user2209@example.com,50,52477
2210,User2210,user2210@example.com,20,30690
2211,User2211,user2211@example.com,25,76658
2212,User2212,user2212@example.com,34,67179
2213,User2213,user2213@example.com,25,93260
2214,User2214,user2214@example.com,52,74285
2215,User2215,user2215@example.com,28,80456
2216,User2216,user2216@example.com,64,72139
2217,User2217,user2217@example.com,36,45528
2218,User2218,user2218@example.com,67,96930
2219,User2219,user2219@example.com,68,87587
2220,User2220,user2220@example.com,21,96327
2221,User2221,user2221@example.com,31,97908
2222,User2222,user2222@example.com,20,42083
2223,User2223,user2223@example.com,61,42688
2224,User2224,user2224@example.com,29,99208
2225,User2225,user2225@example.com,63,79936
2226,User2226,user2226@example.com,65,83907
2227,User2227,user2227@example.com,60,80029
2228,User2228,user2228@example.com,54,42132
2229,User2229,user2229@example.com,28,42264
2230,User2230,user2230@example.com,48,63309
2231,User2231,user2231@example.com,63,92056
2232,User2232,user2232@example.com,27,97898
2233,User2233,user2233@example.com,21,64779
2234,User2234,user2234@example.com,67,90561
2235,User2235,user2235@example.com,42,81580
2236,User2236,user2236@example.com,65,41957
2237,User2237,user2237@example.com,44,64471
2238,User2238,user2238@example.com,40,36206
2239,User2239,user2239@example.com,44,87087
2240,User2240,user2240@example.com,68,46221
2241,User2241,user2241@example.com,48,62687
2242,User2242,user2242@example.com,47,45195
2243,User2243,user2243@example.com,60,92042
2244,User2244,user2244@example.com,53,50013
2245,User2245,user2245@example.com,57,86692
2246,User2246,user2246@example.com,60,52148
2247,User2247,user2247@example.com,40,81375
2248,User2248,user2248@example.com,37,50452
2249,User2249,user2249@example.com,60,33067
2250,User2250,user2250@example.com,60,70788
2251,User2251,user2251@example.com,50,97560
2252,User2252,user2252@example.com,38,32104
2253,User2253,user2253@example.com,39,60290
2254,User2254,user2254@example.com,66,98065
2255,User2255,user2255@example.com,43,44911
2256,User2256,user2256@example.com,22,73879
2257,User2257,user2257@example.com,68,42006
2258,User2258,user2258@example.com,32,96647
2259,User2259,user2259@example.com,31,36133
2260,User2260,user2260@example.com,55,35549
2261,User2261,user2261@example.com,42,30110
2262,User2262,user2262@example.com,68,52274
2263,User2263,user2263@example.com,31,36595
2264,User2264,user2264@example.com,54,53733
2265,User2265,user2265@example.com,33,84228
2266,User2266,user2266@example.com,68,87477
2267,User2267,user2267@example.com,25,49928
2268,User2268,user2268@example.com,54,34978
2269,User2269,user2269@example.com,33,49110
2270,User2270,user2270@example.com,40,49035
2271,User2271,user2271@example.com,59,84531
2272,User2272,user2272@example.com,43,56955
2273,User2273,user2273@example.com,62,99090
2274,User2274,user2274@example.com,47,93275
2275,User2275,user2275@example.com,47,68967
2276,User2276,user2276@example.com,43,57722
2277,User2277,user2277@example.com,62,41960
2278,User2278,user2278@example.com,30,59863
2279,User2279,user2279@example.com,56,61045
2280,User2280,user2280@example.com,45,47525
2281,User2281,user2281@example.com,64,45745
2282,User2282,user2282@example.com,36,93532
2283,User2283,user2283@example.com,69,88101
2284,User2284,user2284@example.com,35,88154
2285,User2285,user2285@example.com,39,61554
2286,User2286,user2286@example.com,31,76041
2287,User2287,user2287@example.com,40,33752
2288,User2288,user2288@example.com,42,96460
2289,User2289,user2289@example.com,46,81730
2290,User2290,user2290@example.com,25,94093
2291,User2291,user2291@example.com,38,41039
2292,User2292,user2292@example.com,48,83267
2293,User2293,user2293@example.com,29,76336
2294,User2294,user2294@example.com,60,99628
2295,User2295,user2295@example.com,25,96192
2296,User2296,user2296@example.com,51,97376
2297,User2297,user2297@example.com,43,69575
2298,User2298,user2298@example.com,54,58627
2299,User2299,user2299@example.com,69,30624
2300,User2300,user2300@example.com,37,33990
2301,User2301,user2301@example.com,22,48468
2302,User2302,user2302@example.com,44,32607
2303,User2303,user2303@example.com,53,39481
2304,User2304,user2304@example.com,26,64021
2305,User2305,user2305@example.com,43,46712
2306,User2306,user2306@example.com,20,93255
2307,User2307,user2307@example.com,50,85776
2308,User2308,user2308@example.com,58,60896
2309,User2309,user2309@example.com,53,42324
2310,User2310,user2310@example.com,68,61434
2311,User2311,user2311@example.com,40,69382
2312,User2312,user2312@example.com,30,54038
2313,User2313,user2313@example.com,32,67711
2314,User2314,user2314@example.com,62,34589
2315,User2315,user2315@example.com,28,39466
2316,User2316,user2316@example.com,22,67278
2317,User2317,user2317@example.com,45,55516
2318,User2318,user2318@example.com,48,48999
2319,User2319,user2319@example.com,39,86162
2320,User2320,user2320@example.com,29,61623
2321,User2321,user2321@example.com,29,88268
2322,User2322,user2322@example.com,38,75676
2323,User2323,user2323@example.com,23,78684
2324,User2324,user2324@example.com,31,45488
2325,User2325,user2325@example.com,68,60041
2326,User2326,user2326@example.com,58,51083
2327,User2327,user2327@example.com,39,51284
2328,User2328,user2328@example.com,25,63544
2329,User2329,user2329@example.com,68,35949
2330,User2330,user2330@example.com,60,88829
2331,User2331,user2331@example.com,42,81438
2332,User2332,user2332@example.com,32,68448
2333,User2333,user2333@example.com,30,53731
2334,User2334,user2334@example.com,53,93329
2335,User2335,user2335@example.com,61,37811
2336,User2336,user2336@example.com,23,38016
2337,User2337,user2337@example.com,64,92403
2338,User2338,user2338@example.com,43,50164
2339,User2339,user2339@example.com,38,51422
2340,User2340,user2340@example.com,37,73815
2341,User2341,user2341@example.com,59,80416
2342,User2342,user2342@example.com,54,86427
2343,User2343,user2343@example.com,23,62818
2344,User2344,user2344@example.com,56,54488
2345,User2345,user2345@example.com,46,57009
2346,User2346,user2346@example.com,32,51948
2347,User2347,user2347@example.com,26,31993
2348,User2348,user2348@example.com,67,38738
2349,User2349,user2349@example.com,44,84300
2350,User2350,user2350@example.com,67,63325
2351,User2351,user2351@example.com,49,77794
2352,User2352,user2352@example.com,59,49224
2353,User2353,user2353@example.com,52,76054
2354,User2354,user2354@example.com,27,33586
2355,User2355,user2355@example.com,65,31253
2356,User2356,user2356@example.com,28,40228
2357,User2357,user2357@example.com,45,66284
2358,User2358,user2358@example.com,37,84034
2359,User2359,user2359@example.com,35,73165
2360,User2360,user2360@example.com,49,47425
2361,User2361,user2361@example.com,24,77064
2362,User2362,user2362@example.com,27,98731
2363,User2363,user2363@example.com,48,39258
2364,User2364,user2364@example.com,44,32518
2365,User2365,user2365@example.com,56,95726
2366,User2366,user2366@example.com,51,88500
2367,User2367,user2367@example.com,44,70781
2368,User2368,user2368@example.com,52,43566
2369,User2369,user2369@example.com,44,65176
2370,User2370,user2370@example.com,48,59447
2371,User2371,user2371@example.com,40,64437
2372,User2372,user2372@example.com,69,38484
2373,User2373,user2373@example.com,57,40250
2374,User2374,user2374@example.com,41,88099
2375,User2375,user2375@example.com,54,42364
2376,User2376,user2376@example.com,62,37368
2377,User2377,user2377@example.com,22,75813
2378,User2378,user2378@example.com,35,97117
2379,User2379,user2379@example.com,63,81355
2380,User2380,user2380@example.com,61,76607
2381,User2381,user2381@example.com,56,35090
2382,User2382,user2382@example.com,23,90027
2383,User2383,user2383@example.com,20,47816
2384,User2384,user2384@example.com,24,68966
2385,User2385,user2385@example.com,55,36378
2386,User2386,user2386@example.com,61,49791
2387,User2387,user2387@example.com,53,42682
2388,User2388,user2388@example.com,32,59333
2389,User2389,user2389@example.com,65,71451
2390,User2390,user2390@example.com,44,37927
2391,User2391,user2391@example.com,60,34817
2392,User2392,user2392@example.com,47,58347
2393,User2393,user2393@example.com,32,64374
2394,User2394,user2394@example.com,57,61956
2395,User2395,user2395@example.com,25,34864
2396,User2396,user2396@example.com,22,96894
2397,User2397,user2397@example.com,41,36018
2398,User2398,user2398@example.com,28,36217
2399,User2399,user2399@example.com,63,77249
2400,User2400,user2400@example.com,21,80898
2401,User2401,user2401@example.com,24,98382
2402,User2402,user2402@example.com,42,52634
2403,User2403,user2403@example.com,37,92586
2404,User2404,user2404@example.com,46,98016
2405,User2405,user2405@example.com,51,76415
2406,User2406,user2406@example.com,22,74183
2407,User2407,user2407@example.com,33,54319
2408,User2408,user2408@example.com,65,62439
2409,User2409,user2409@example.com,25,73557
2410,User2410,user2410@example.com,32,54766
2411,User2411,user2411@example.com,51,74592
2412,User2412,user2412@example.com,50,46689
2413,User2413,user2413@example.com,46,43133
2414,User2414,user2414@example.com,23,44887
2415,User2415,user2415@example.com,30,57650
2416,User2416,user2416@example.com,62,69516
2417,User2417,user2417@example.com,37,89737
2418,User2418,user2418@example.com,38,44365
2419,User2419,user2419@example.com,21,32058
2420,User2420,user2420@example.com,33,91690
2421,User2421,user2421@example.com,35,67266
2422,User2422,user2422@example.com,67,50629
2423,User2423,user2423@example.com,32,45852
2424,User2424,user2424@example.com,46,94948
2425,User2425,user2425@example.com,31,50953
2426,User2426,user2426@example.com,32,50313
2427,User2427,user2427@example.com,22,52916
2428,User2428,user2428@example.com,25,79083
2429,User2429,user2429@example.com,42,62082
2430,User2430,user2430@example.com,46,43989
2431,User2431,user2431@example.com,27,42449
2432,User2432,user2432@example.com,53,84056
2433,User2433,user2433@example.com,38,83452
2434,User2434,user2434@example.com,36,98330
2435,User2435,user2435@example.com,56,79597
2436,User2436,user2436@example.com,39,46176
2437,User2437,user2437@example.com,24,65823
2438,User2438,user2438@example.com,41,84245
2439,User2439,user2439@example.com,59,46068
2440,User2440,user2440@example.com,28,32296
2441,User2441,user2441@example.com,40,68684
2442,User2442,user2442@example.com,69,71708
2443,User2443,user2443@example.com,51,59316
2444,User2444,user2444@example.com,42,71462
2445,User2445,user2445@example.com,22,55698
2446,User2446,user2446@example.com,21,73265
2447,User2447,user2447@example.com,31,80764
2448,User2448,user2448@example.com,46,73353
2449,User2449,user2449@example.com,50,45556
2450,User2450,user2450@example.com,31,46414
2451,User2451,user2451@example.com,23,37140
2452,User2452,user2452@example.com,21,49978
2453,User2453,user2453@example.com,28,86963
2454,User2454,user2454@example.com,58,79184
2455,User2455,user2455@example.com,41,99070
2456,User2456,user2456@example.com,41,38108
2457,User2457,user2457@example.com,48,64876
2458,User2458,user2458@example.com,38,64289
2459,User2459,user2459@example.com,22,85379
2460,User2460,user2460@example.com,22,82284
2461,User2461,user2461@example.com,40,48130
2462,User2462,user2462@example.com,51,32081
2463,User2463,user2463@example.com,69,59637
2464,User2464,user2464@example.com,64,63463
2465,User2465,user2465@example.com,43,83394
2466,User2466,user2466@example.com,20,69526
2467,User2467,user2467@example.com,20,87079
2468,User2468,user2468@example.com,23,37780
2469,User2469,user2469@example.com,42,66596
2470,User2470,user2470@example.com,23,99717
2471,User2471,user2471@example.com,52,95038
2472,User2472,user2472@example.com,53,57882
2473,User2473,user2473@example.com,32,33297
2474,User2474,user2474@example.com,48,42325
2475,User2475,user2475@example.com,44,98286
2476,User2476,user2476@example.com,69,59589
2477,User2477,user2477@example.com,60,64469
2478,User2478,user2478@example.com,26,72086
2479,User2479,user2479@example.com,59,85908
2480,User2480,user2480@example.com,36,94311
2481,User2481,user2481@example.com,61,43736
2482,User2482,user2482@example.com,43,59977
2483,User2483,user2483@example.com,69,93477
2484,User2484,user2484@example.com,28,55618
2485,User2485,user2485@example.com,64,99097
2486,User2486,user2486@example.com,39,59979
2487,User2487,user2487@example.com,35,33459
2488,User2488,user2488@example.com,53,47973
2489,User2489,user2489@example.com,24,42038
2490,User2490,user2490@example.com,59,84995
2491,User2491,user2491@example.com,33,60522
2492,User2492,user2492@example.com,32,38349
2493,User2493,user2493@example.com,47,31430
2494,User2494,user2494@example.com,50,39226
2495,User2495,user2495@example.com,40,65551
2496,User2496,user2496@example.com,68,69586
2497,User2497,user2497@example.com,65,68464
2498,User2498,user2498@example.com,42,74468
2499,User2499,user2499@example.com,25,56090
2500,User2500,user2500@example.com,69,98315
2501,User2501,user2501@example.com,26,92750
2502,User2502,user2502@example.com,56,82686
2503,User2503,user2503@example.com,37,74822
2504,User2504,user2504@example.com,32,60546
2505,User2505,user2505@example.com,41,85518
2506,User2506,user2506@example.com,36,98423
2507,User2507,user2507@example.com,59,55804
2508,User2508,user2508@example.com,66,60800
2509,User2509,user2509@example.com,56,98160
2510,User2510,user2510@example.com,67,34503
2511,User2511,user2511@example.com,50,36350
2512,User2512,user2512@example.com,31,45906
2513,User2513,user2513@example.com,26,42244
2514,User2514,user2514@example.com,48,32638
2515,User2515,user2515@example.com,69,44652
2516,User2516,user2516@example.com,26,73846
2517,User2517,user2517@example.com,61,56577
2518,User2518,user2518@example.com,23,40133
2519,User2519,user2519@example.com,28,58917
2520,User2520,user2520@example.com,50,99074
2521,User2521,user2521@example.com,69,89209
2522,User2522,user2522@example.com,43,86287
2523,User2523,user2523@example.com,39,68772
2524,User2524,user2524@example.com,59,34747
2525,User2525,user2525@example.com,59,83544
2526,User2526,user2526@example.com,55,70882
2527,User2527,user2527@example.com,55,85693
2528,User2528,user2528@example.com,48,31373
2529,User2529,user2529@example.com,22,72786
2530,User2530,user2530@example.com,24,49553
2531,User2531,user2531@example.com,39,53385
2532,User2532,user2532@example.com,30,70263
2533,User2533,user2533@example.com,48,43821
2534,User2534,user2534@example.com,24,74050
2535,User2535,user2535@example.com,60,74227
2536,User2536,user2536@example.com,38,31972
2537,User2537,user2537@example.com,38,59630
2538,User2538,user2538@example.com,36,74476
2539,User2539,user2539@example.com,33,85303
2540,User2540,user2540@example.com,50,78027
2541,User2541,user2541@example.com,53,85240
2542,User2542,user2542@example.com,48,53312
2543,User2543,user2543@example.com,69,84290
2544,User2544,user2544@example.com,21,92350
2545,User2545,user2545@example.com,63,62262
2546,User2546,user2546@example.com,50,33393
2547,User2547,user2547@example.com,27,57341
2548,User2548,user2548@example.com,69,97843
2549,User2549,user2549@example.com,55,40062
2550,User2550,user2550@example.com,37,69866
2551,User2551,user2551@example.com,40,86839
2552,User2552,user2552@example.com,56,95133
2553,User2553,user2553@example.com,23,50764
2554,User2554,user2554@example.com,38,30415
2555,User2555,user2555@example.com,67,70956
2556,User2556,user2556@example.com,24,59154
2557,User2557,user2557@example.com,22,67141
2558,User2558,user2558@example.com,53,88129
2559,User2559,user2559@example.com,23,37712
2560,User2560,user2560@example.com,24,92145
2561,User2561,user2561@example.com,51,65163
2562,User2562,user2562@example.com,65,60565
2563,User2563,user2563@example.com,69,84273
2564,User2564,user2564@example.com,47,99481
2565,User2565,user2565@example.com,34,97943
2566,User2566,user2566@example.com,42,41182
2567,User2567,user2567@example.com,37,58049
2568,User2568,user2568@example.com,46,86226
2569,User2569,user2569@example.com,23,82742
2570,User2570,user2570@example.com,29,60615
2571,User2571,user2571@example.com,65,42902
2572,User2572,user2572@example.com,66,64917
2573,User2573,user2573@example.com,52,81846
2574,User2574,user2574@example.com,38,63510
2575,User2575,user2575@example.com,56,73072
2576,User2576,user2576@example.com,26,94493
2577,User2577,user2577@example.com,62,88012
2578,User2578,user2578@example.com,44,90562
2579,User2579,user2579@example.com,66,87922
2580,User2580,user2580@example.com,64,46264
2581,User2581,user2581@example.com,29,58910
2582,User2582,user2582@example.com,50,30758
2583,User2583,user2583@example.com,30,40911
2584,User2584,user2584@example.com,31,76857
2585,User2585,user2585@example.com,59,53523
2586,User2586,user2586@example.com,67,95189
2587,User2587,user2587@example.com,59,84307
2588,User2588,user2588@example.com,25,78785
2589,User2589,user2589@example.com,23,81665
2590,User2590,user2590@example.com,47,68845
2591,User2591,user2591@example.com,21,98564
2592,User2592,user2592@example.com,31,72174
2593,User2593,user2593@example.com,59,67549
2594,User2594,user2594@example.com,22,97187
2595,User2595,user2595@example.com,34,50330
2596,User2596,user2596@example.com,28,30279
2597,User2597,user2597@example.com,37,55851
2598,User2598,user2598@example.com,34,75534
2599,User2599,user2599@example.com,37,37521
2600,User2600,user2600@example.com,53,49959
2601,User2601,user2601@example.com,67,60494
2602,User2602,user2602@example.com,34,45672
2603,User2603,user2603@example.com,65,85152
2604,User2604,user2604@example.com,30,50408
2605,User2605,user2605@example.com,46,88576
2606,User2606,user2606@example.com,57,50876
2607,User2607,user2607@example.com,37,57921
2608,User2608,user2608@example.com,51,51941
2609,User2609,user2609@example.com,39,87008
2610,User2610,user2610@example.com,48,50615
2611,User2611,user2611@example.com,47,72295
2612,User2612,user2612@example.com,60,31221
2613,User2613,user2613@example.com,40,85563
2614,User2614,user2614@example.com,32,40223
2615,User2615,user2615@example.com,68,40843
2616,User2616,user2616@example.com,28,62440
2617,User2617,user2617@example.com,66,34778
2618,User2618,user2618@example.com,42,69320
2619,User2619,user2619@example.com,28,65233
2620,User2620,user2620@example.com,21,51635
2621,User2621,user2621@example.com,59,83553
2622,User2622,user2622@example.com,48,54658
2623,User2623,user2623@example.com,48,37698
2624,User2624,user2624@example.com,68,79829
2625,User2625,user2625@example.com,57,68727
2626,User2626,user2626@example.com,29,54498
2627,User2627,user2627@example.com,58,83616
2628,User2628,user2628@example.com,25,91686
2629,User2629,user2629@example.com,31,83324
2630,User2630,user2630@example.com,32,43883
2631,User2631,user2631@example.com,46,50568
2632,User2632,user2632@example.com,61,83990
2633,User2633,user2633@example.com,25,78030
2634,User2634,user2634@example.com,40,85476
2635,User2635,user2635@example.com,30,62074
2636,User2636,user2636@example.com,34,61076
2637,User2637,user2637@example.com,52,38151
2638,User2638,user2638@example.com,47,90538
2639,User2639,user2639@example.com,50,82723
2640,User2640,user2640@example.com,32,73144
2641,User2641,user2641@example.com,29,98904
2642,User2642,user2642@example.com,20,55827
2643,User2643,user2643@example.com,42,98434
2644,User2644,user2644@example.com,39,94852
2645,User2645,user2645@example.com,23,77216
2646,User2646,user2646@example.com,34,75269
2647,User2647,user2647@example.com,39,78310
2648,User2648,user2648@example.com,25,89311
2649,User2649,user2649@example.com,50,85826
2650,User2650,user2650@example.com,66,44847
2651,User2651,user2651@example.com,35,40975
2652,User2652,user2652@example.com,49,67538
2653,User2653,user2653@example.com,21,84888
2654,User2654,user2654@example.com,69,80854
2655,User2655,user2655@example.com,34,82700
2656,User2656,user2656@example.com,33,39844
2657,User2657,user2657@example.com,44,96643
2658,User2658,user2658@example.com,32,69601
2659,User2659,user2659@example.com,55,46984
2660,User2660,user2660@example.com,58,84389
2661,User2661,user2661@example.com,60,87973
2662,User2662,user2662@example.com,27,66901
2663,User2663,user2663@example.com,56,77299
2664,User2664,user2664@example.com,36,54278
2665,User2665,user2665@example.com,20,35436
2666,User2666,user2666@example.com,47,71144
2667,User2667,user2667@example.com,27,46887
2668,User2668,user2668@example.com,32,31603
2669,User2669,user2669@example.com,41,85570
2670,User2670,user2670@example.com,35,79941
2671,User2671,user2671@example.com,25,81403
2672,User2672,user2672@example.com,44,40411
2673,User2673,user2673@example.com,51,56741
2674,User2674,user2674@example.com,63,48752
2675,User2675,user2675@example.com,43,48260
2676,User2676,user2676@example.com,63,83450
2677,User2677,user2677@example.com,40,80508
2678,User2678,user2678@example.com,52,67088
2679,User2679,user2679@example.com,21,90293
2680,User2680,user2680@example.com,63,37828
2681,User2681,user2681@example.com,23,64718
2682,User2682,user2682@example.com,64,38393
2683,User2683,user2683@example.com,49,64844
2684,User2684,user2684@example.com,36,40277
2685,User2685,user2685@example.com,57,42305
2686,User2686,user2686@example.com,61,56656
2687,User2687,user2687@example.com,49,32349
2688,User2688,user2688@example.com,39,95682
2689,User2689,user2689@example.com,42,86738
2690,User2690,user2690@example.com,66,71925
2691,User2691,user2691@example.com,22,43339
2692,User2692,user2692@example.com,63,51267
2693,User2693,user2693@example.com,57,84972
2694,User2694,user2694@example.com,34,65240
2695,User2695,user2695@example.com,51,94681
2696,User2696,user2696@example.com,53,53353
2697,User2697,user2697@example.com,31,82352
2698,User2698,user2698@example.com,45,51750
2699,User2699,user2699@example.com,45,81295
2700,User2700,user2700@example.com,64,66784
2701,User2701,user2701@example.com,49,66651
2702,User2702,user2702@example.com,69,73435
2703,User2703,user2703@example.com,44,92661
2704,User2704,user2704@example.com,54,80825
2705,User2705,user2705@example.com,66,89966
2706,User2706,user2706@example.com,23,94008
2707,User2707,user2707@example.com,33,93876
2708,User2708,user2708@example.com,43,51014
2709,User2709,user2709@example.com,67,65935
2710,User2710,user2710@example.com,20,95736
2711,User2711,user2711@example.com,60,44902
2712,User2712,user2712@example.com,65,78934
2713,User2713,user2713@example.com,57,57544
2714,User2714,user2714@example.com,45,41483
2715,User2715,user2715@example.com,45,48767
2716,User2716,user2716@example.com,20,94868
2717,User2717,user2717@example.com,59,92892
2718,User2718,user2718@example.com,24,41939
2719,User2719,user2719@example.com,62,54418
2720,User2720,user2720@example.com,62,89279
2721,User2721,user2721@example.com,64,65447
2722,User2722,user2722@example.com,22,39670
2723,User2723,user2723@example.com,64,75031
2724,User2724,user2724@example.com,27,75900
2725,User2725,user2725@example.com,53,52874
2726,User2726,user2726@example.com,43,70727
2727,User2727,user2727@example.com,20,68476
2728,User2728,user2728@example.com,20,59756
2729,User2729,user2729@example.com,49,98561
2730,User2730,user2730@example.com,65,51292
2731,User2731,user2731@example.com,64,30379
2732,User2732,user2732@example.com,38,81643
2733,User2733,user2733@example.com,45,57555
2734,User2734,user2734@example.com,35,94791
2735,User2735,user2735@example.com,40,99126
2736,User2736,user2736@example.com,66,49575
2737,User2737,user2737@example.com,47,70467
2738,User2738,user2738@example.com,29,97994
2739,User2739,user2739@example.com,44,37439
2740,User2740,user2740@example.com,49,80405
2741,User2741,user2741@example.com,26,97600
2742,User2742,user2742@example.com,48,35113
2743,User2743,user2743@example.com,53,89718
2744,User2744,user2744@example.com,61,43304
2745,User2745,user2745@example.com,53,32408
2746,User2746,user2746@example.com,37,56234
2747,User2747,user2747@example.com,36,30290
2748,User2748,user2748@example.com,30,98908
2749,User2749,user2749@example.com,38,46695
2750,User2750,user2750@example.com,67,98387
2751,User2751,user2751@example.com,42,43646
2752,User2752,user2752@example.com,49,46218
2753,User2753,user2753@example.com,40,53008
2754,User2754,user2754@example.com,52,31598
2755,User2755,user2755@example.com,69,34869
2756,User2756,user2756@example.com,21,60421
2757,User2757,user2757@example.com,21,84248
2758,User2758,user2758@example.com,56,99262
2759,User2759,user2759@example.com,60,36317
2760,User2760,user2760@example.com,37,32169
2761,User2761,user2761@example.com,64,95809
2762,User2762,user2762@example.com,34,60691
2763,User2763,user2763@example.com,37,60168
2764,User2764,user2764@example.com,50,50183
2765,User2765,user2765@example.com,21,59568
2766,User2766,user2766@example.com,49,72341
2767,User2767,user2767@example.com,64,89377
2768,User2768,user2768@example.com,60,78479
2769,User2769,user2769@example.com,34,89753
2770,User2770,user2770@example.com,62,40861
2771,User2771,user2771@example.com,52,92085
2772,User2772,user2772@example.com,47,65565
2773,User2773,user2773@example.com,59,64541
2774,User2774,user2774@example.com,55,64269
2775,User2775,user2775@example.com,23,36685
2776,User2776,user2776@example.com,42,33198
2777,User2777,user2777@example.com,49,57474
2778,User2778,user2778@example.com,55,86725
2779,User2779,user2779@example.com,50,31111
2780,User2780,user2780@example.com,35,53372
2781,User2781,user2781@example.com,52,86795
2782,User2782,user2782@example.com,32,86480
2783,User2783,user2783@example.com,27,82426
2784,User2784,user2784@example.com,20,47025
2785,User2785,user2785@example.com,34,38590
2786,User2786,user2786@example.com,37,32043
2787,User2787,user2787@example.com,65,53224
2788,User2788,user2788@example.com,25,92643
2789,User2789,user2789@example.com,26,37323
2790,User2790,user2790@example.com,55,41831
2791,User2791,user2791@example.com,45,39818
2792,User2792,user2792@example.com,69,51005
2793,User2793,user2793@example.com,64,52411
2794,User2794,user2794@example.com,36,63124
2795,User2795,user2795@example.com,52,68833
2796,User2796,user2796@example.com,38,74310
2797,User2797,user2797@example.com,54,78469
2798,User2798,user2798@example.com,59,61553
2799,User2799,user2799@example.com,65,75797
2800,User2800,user2800@example.com,35,79899
2801,User2801,user2801@example.com,68,72652
2802,User2802,user2802@example.com,62,39724
2803,User2803,user2803@example.com,27,33568
2804,User2804,user2804@example.com,38,66522
2805,User2805,user2805@example.com,54,70559
2806,User2806,user2806@example.com,43,39617
2807,User2807,user2807@example.com,52,66423
2808,User2808,user2808@example.com,36,45145
2809,User2809,user2809@example.com,63,42157
2810,User2810,user2810@example.com,47,69587
2811,User2811,user2811@example.com,44,43485
2812,User2812,user2812@example.com,68,82826
2813,User2813,user2813@example.com,58,97728
2814,User2814,user2814@example.com,44,79235
2815,User2815,user2815@example.com,55,77121
2816,User2816,user2816@example.com,61,76044
2817,User2817,user2817@example.com,35,31483
2818,User2818,user2818@example.com,42,89316
2819,User2819,user2819@example.com,33,61923
2820,User2820,user2820@example.com,68,70571
2821,User2821,user2821@example.com,67,50315
2822,User2822,user2822@example.com,43,98350
2823,User2823,user2823@example.com,26,92180
2824,User2824,user2824@example.com,69,34089
2825,User2825,user2825@example.com,27,73655
2826,User2826,user2826@example.com,45,49302
2827,User2827,user2827@example.com,59,36591
2828,User2828,user2828@example.com,64,73237
2829,User2829,user2829@example.com,26,94938
2830,User2830,user2830@example.com,62,49932
2831,User2831,user2831@example.com,46,51547
2832,User2832,user2832@example.com,48,41740
2833,User2833,user2833@example.com,43,90915
2834,User2834,user2834@example.com,38,36149
2835,User2835,user2835@example.com,57,58598
2836,User2836,user2836@example.com,44,46577
2837,User2837,user2837@example.com,30,73760
2838,User2838,user2838@example.com,45,86696
2839,User2839,user2839@example.com,26,48662
2840,User2840,user2840@example.com,24,79666
2841,User2841,user2841@example.com,61,56739
2842,User2842,user2842@example.com,32,53021
2843,User2843,user2843@example.com,60,62162
2844,User2844,user2844@example.com,36,84630
2845,User2845,user2845@example.com,20,79401
2846,User2846,user2846@example.com,63,49568
2847,User2847,user2847@example.com,23,97180
2848,User2848,user2848@example.com,59,65404
2849,User2849,user2849@example.com,27,99428
2850,User2850,user2850@example.com,48,35137
2851,User2851,user2851@example.com,33,84096
2852,User2852,user2852@example.com,27,45840
2853,User2853,user2853@example.com,53,73657
2854,User2854,user2854@example.com,48,46915
2855,User2855,user2855@example.com,27,64006
2856,User2856,user2856@example.com,69,52970
2857,User2857,user2857@example.com,36,46904
2858,User2858,user2858@example.com,40,95012
2859,User2859,user2859@example.com,61,73520
2860,User2860,user2860@example.com,62,79349
2861,User2861,user2861@example.com,25,94727
2862,User2862,user2862@example.com,42,66104
2863,User2863,user2863@example.com,38,35763
2864,User2864,user2864@example.com,28,48255
2865,User2865,user2865@example.com,28,80919
2866,User2866,user2866@example.com,48,36388
2867,User2867,user2867@example.com,28,32875
2868,User2868,user2868@example.com,63,80770
2869,User2869,user2869@example.com,48,97932
2870,User2870,user2870@example.com,69,77766
2871,User2871,user2871@example.com,44,69206
2872,User2872,user2872@example.com,20,66153
2873,User2873,user2873@example.com,61,61748
2874,User2874,user2874@example.com,32,85453
2875,User2875,user2875@example.com,61,58854
2876,User2876,user2876@example.com,47,42419
2877,User2877,user2877@example.com,60,34481
2878,User2878,user2878@example.com,57,32812
2879,User2879,user2879@example.com,60,94135
2880,User2880,user2880@example.com,62,88959
2881,User2881,user2881@example.com,58,82223
2882,User2882,user2882@example.com,28,36269
2883,User2883,user2883@example.com,55,61613
2884,User2884,user2884@example.com,40,69562
2885,User2885,user2885@example.com,67,33881
2886,User2886,user2886@example.com,54,98994
2887,User2887,user2887@example.com,62,45232
2888,User2888,user2888@example.com,28,39710
2889,User2889,user2889@example.com,53,60330
2890,User2890,user2890@example.com,51,37662
2891,User2891,user2891@example.com,48,94131
2892,User2892,user2892@example.com,69,51916
2893,User2893,user2893@example.com,57,66663
2894,User2894,user2894@example.com,43,46867
2895,User2895,user2895@example.com,44,40257
2896,User2896,user2896@example.com,28,41088
2897,User2897,user2897@example.com,64,85620
2898,User2898,user2898@example.com,67,45907
2899,User2899,user2899@example.com,62,77388
2900,User2900,user2900@example.com,66,31134
2901,User2901,user2901@example.com,61,80852
2902,User2902,user2902@example.com,39,35720
2903,User2903,user2903@example.com,46,92236
2904,User2904,user2904@example.com,52,34459
2905,User2905,user2905@example.com,69,95173
2906,User2906,user2906@example.com,48,82280
2907,User2907,user2907@example.com,59,79719
2908,User2908,user2908@example.com,22,92470
2909,User2909,user2909@example.com,27,38836
2910,User2910,user2910@example.com,34,60579
2911,User2911,user2911@example.com,22,75327
2912,User2912,user2912@example.com,54,62853
2913,User2913,user2913@example.com,66,58579
2914,User2914,user2914@example.com,39,82955
2915,User2915,user2915@example.com,27,43810
2916,User2916,user2916@example.com,34,48899
2917,User2917,user2917@example.com,32,95448
2918,User2918,user2918@example.com,56,96268
2919,User2919,user2919@example.com,52,95273
2920,User2920,user2920@example.com,41,35949
2921,User2921,user2921@example.com,35,58116
2922,User2922,user2922@example.com,56,86159
2923,User2923,user2923@example.com,34,69826
2924,User2924,user2924@example.com,31,61976
2925,User2925,user2925@example.com,37,32463
2926,User2926,user2926@example.com,62,78430
2927,User2927,user2927@example.com,63,67971
2928,User2928,user2928@example.com,50,60607
2929,User2929,user2929@example.com,27,59061
2930,User2930,user2930@example.com,52,45221
2931,User2931,user2931@example.com,66,33319
2932,User2932,user2932@example.com,28,89743
2933,User2933,user2933@example.com,48,63878
2934,User2934,user2934@example.com,58,63897
2935,User2935,user2935@example.com,39,52879
2936,User2936,user2936@example.com,66,40561
2937,User2937,user2937@example.com,30,99197
2938,User2938,user2938@example.com,20,67952
2939,User2939,user2939@example.com,38,73711
2940,User2940,user2940@example.com,47,85077
2941,User2941,user2941@example.com,66,53712
2942,User2942,user2942@example.com,31,50015
2943,User2943,user2943@example.com,43,44366
2944,User2944,user2944@example.com,60,83946
2945,User2945,user2945@example.com,38,55524
2946,User2946,user2946@example.com,63,37776
2947,User2947,user2947@example.com,66,70094
2948,User2948,user2948@example.com,32,87618
2949,User2949,user2949@example.com,23,62080
2950,User2950,user2950@example.com,38,79934
2951,User2951,user2951@example.com,69,47169
2952,User2952,user2952@example.com,65,44862
2953,User2953,user2953@example.com,37,56070
2954,User2954,user2954@example.com,58,43973
2955,User2955,user2955@example.com,64,56974
2956,User2956,user2956@example.com,32,48889
2957,User2957,user2957@example.com,68,37772
2958,User2958,user2958@example.com,39,83288
2959,User2959,user2959@example.com,48,53665
2960,User2960,user2960@example.com,32,38616
2961,User2961,user2961@example.com,48,37416
2962,User2962,user2962@example.com,66,37445
2963,User2963,user2963@example.com,29,41139
2964,User2964,user2964@example.com,69,31220
2965,User2965,user2965@example.com,32,81616
2966,User2966,user2966@example.com,50,73696
2967,User2967,user2967@example.com,23,80495
2968,User2968,user2968@example.com,40,33276
2969,User2969,user2969@example.com,66,87519
2970,User2970,user2970@example.com,24,51168
2971,User2971,user2971@example.com,26,73545
2972,User2972,user2972@example.com,58,82435
2973,User2973,user2973@example.com,53,71423
2974,User2974,user2974@example.com,41,47987
2975,User2975,user2975@example.com,57,65200
2976,User2976,user2976@example.com,52,59978
2977,User2977,user2977@example.com,69,80194
2978,User2978,user2978@example.com,67,89821
2979,User2979,user2979@example.com,65,51504
2980,User2980,user2980@example.com,61,81809
2981,User2981,user2981@example.com,36,40854
2982,User2982,user2982@example.com,45,43543
2983,User2983,user2983@example.com,66,36060
2984,User2984,user2984@example.com,62,76613
2985,User2985,user2985@example.com,64,50416
2986,User2986,user2986@example.com,50,77287
2987,User2987,user2987@example.com,44,70532
2988,User2988,user2988@example.com,46,33732
2989,User2989,user2989@example.com,38,39647
2990,User2990,user2990@example.com,33,50807
2991,User2991,user2991@example.com,42,48335
2992,User2992,user2992@example.com,69,90877
2993,User2993,user2993@example.com,56,45122
2994,User2994,user2994@example.com,69,46703
2995,User2995,user2995@example.com,58,60906
2996,User2996,user2996@example.com,39,76552
2997,User2997,user2997@example.com,53,87486
2998,User2998,user2998@example.com,27,79915
2999,User2999,user2999@example.com,56,60433
3000,User3000,user3000@example.com,45,47621
3001,User3001,user3001@example.com,32,52504
3002,User3002,user3002@example.com,68,76999
3003,User3003,user3003@example.com,50,47037
3004,User3004,user3004@example.com,35,80454
3005,User3005,user3005@example.com,44,93889
3006,User3006,user3006@example.com,35,62854
3007,User3007,user3007@example.com,60,71058
3008,User3008,user3008@example.com,65,57667
3009,User3009,user3009@example.com,39,85319
3010,User3010,user3010@example.com,53,61392
3011,User3011,user3011@example.com,52,71707
3012,User3012,user3012@example.com,51,96900
3013,User3013,user3013@example.com,36,55620
3014,User3014,user3014@example.com,62,86731
3015,User3015,user3015@example.com,56,40501
3016,User3016,user3016@example.com,34,66100
3017,User3017,user3017@example.com,26,44715
3018,User3018,user3018@example.com,55,83172
3019,User3019,user3019@example.com,43,41943
3020,User3020,user3020@example.com,26,34544
3021,User3021,user3021@example.com,55,31665
3022,User3022,user3022@example.com,69,40920
3023,User3023,user3023@example.com,28,76213
3024,User3024,user3024@example.com,44,64810
3025,User3025,user3025@example.com,57,82349
3026,User3026,user3026@example.com,40,96774
3027,User3027,user3027@example.com,67,50624
3028,User3028,user3028@example.com,56,65859
3029,User3029,user3029@example.com,51,51574
3030,User3030,user3030@example.com,52,36374
3031,User3031,user3031@example.com,37,51830
3032,User3032,user3032@example.com,28,63871
3033,User3033,user3033@example.com,47,76444
3034,User3034,user3034@example.com,41,51475
3035,User3035,user3035@example.com,24,64903
3036,User3036,user3036@example.com,41,54398
3037,User3037,user3037@example.com,65,90200
3038,User3038,user3038@example.com,24,59063
3039,User3039,user3039@example.com,61,75773
3040,User3040,user3040@example.com,24,90729
3041,User3041,user3041@example.com,26,42849
3042,User3042,user3042@example.com,25,47369
3043,User3043,user3043@example.com,40,70491
3044,User3044,user3044@example.com,37,54664
3045,User3045,user3045@example.com,46,60513
3046,User3046,user3046@example.com,53,87939
3047,User3047,user3047@example.com,42,85584
3048,User3048,user3048@example.com,48,52816
3049,User3049,user3049@example.com,41,98902
3050,User3050,user3050@example.com,34,58258
3051,User3051,user3051@example.com,69,65873
3052,User3052,user3052@example.com,24,88866
3053,User3053,user3053@example.com,65,77889
3054,User3054,user3054@example.com,29,30951
3055,User3055,user3055@example.com,21,67573
3056,User3056,user3056@example.com,51,85817
3057,User3057,user3057@example.com,46,50294
3058,User3058,user3058@example.com,64,39434
3059,User3059,user3059@example.com,68,97598
3060,User3060,user3060@example.com,41,82755
3061,User3061,user3061@example.com,54,55480
3062,User3062,user3062@example.com,63,87411
3063,User3063,user3063@example.com,27,80418
3064,User3064,user3064@example.com,43,76082
3065,User3065,user3065@example.com,60,64769
3066,User3066,user3066@example.com,43,58084
3067,User3067,user3067@example.com,43,54949
3068,User3068,user3068@example.com,62,98693
3069,User3069,user3069@example.com,42,51146
3070,User3070,user3070@example.com,63,73656
3071,User3071,user3071@example.com,30,38719
3072,User3072,user3072@example.com,23,38085
3073,User3073,user3073@example.com,36,75786
3074,User3074,user3074@example.com,59,99002
3075,User3075,user3075@example.com,25,89441
3076,User3076,user3076@example.com,64,35075
3077,User3077,user3077@example.com,20,84834
3078,User3078,user3078@example.com,47,54312
3079,User3079,user3079@example.com,37,38724
3080,User3080,user3080@example.com,62,43146
3081,User3081,user3081@example.com,29,59506
3082,User3082,user3082@example.com,35,99540
3083,User3083,user3083@example.com,58,87607
3084,User3084,user3084@example.com,21,64019
3085,User3085,user3085@example.com,37,35661
3086,User3086,user3086@example.com,48,88364
3087,User3087,user3087@example.com,41,64304
3088,User3088,user3088@example.com,30,97420
3089,User3089,user3089@example.com,43,46742
3090,User3090,user3090@example.com,52,79640
3091,User3091,user3091@example.com,55,92498
3092,User3092,user3092@example.com,56,40249
3093,User3093,user3093@example.com,39,39032
3094,User3094,user3094@example.com,48,54365
3095,User3095,user3095@example.com,41,74175
3096,User3096,user3096@example.com,41,51429
3097,User3097,user3097@example.com,31,89701
3098,User3098,user3098@example.com,56,37209
3099,User3099,user3099@example.com,43,48986
3100,User3100,user3100@example.com,45,56065
3101,User3101,user3101@example.com,64,95811
3102,User3102,user3102@example.com,50,61380
3103,User3103,user3103@example.com,26,61736
3104,User3104,user3104@example.com,53,79630
3105,User3105,user3105@example.com,50,91939
3106,User3106,user3106@example.com,30,43098
3107,User3107,user3107@example.com,32,89178
3108,User3108,user3108@example.com,41,53938
3109,User3109,user3109@example.com,43,46043
3110,User3110,user3110@example.com,48,64378
3111,User3111,user3111@example.com,38,59448
3112,User3112,user3112@example.com,25,93569
3113,User3113,user3113@example.com,27,49276
3114,User3114,user3114@example.com,51,93238
3115,User3115,user3115@example.com,38,60516
3116,User3116,user3116@example.com,44,98142
3117,User3117,user3117@example.com,45,94163
3118,User3118,user3118@example.com,38,48975
3119,User3119,user3119@example.com,54,43936
3120,User3120,user3120@example.com,26,47165
3121,User3121,user3121@example.com,44,55978
3122,User3122,user3122@example.com,23,47985
3123,User3123,user3123@example.com,61,35658
3124,User3124,user3124@example.com,44,69825
3125,User3125,user3125@example.com,26,87085
3126,User3126,user3126@example.com,41,86784
3127,User3127,user3127@example.com,22,40367
3128,User3128,user3128@example.com,43,98509
3129,User3129,user3129@example.com,57,93878
3130,User3130,user3130@example.com,55,62753
3131,User3131,user3131@example.com,51,33278
3132,User3132,user3132@example.com,50,70595
3133,User3133,user3133@example.com,66,74702
3134,User3134,user3134@example.com,42,69303
3135,User3135,user3135@example.com,37,36818
3136,User3136,user3136@example.com,37,62629
3137,User3137,user3137@example.com,32,40758
3138,User3138,user3138@example.com,33,65658
3139,User3139,user3139@example.com,29,44679
3140,User3140,user3140@example.com,24,43965
3141,User3141,user3141@example.com,49,79824
3142,User3142,user3142@example.com,42,87020
3143,User3143,user3143@example.com,53,35930
3144,User3144,user3144@example.com,24,30246
3145,User3145,user3145@example.com,60,57147
3146,User3146,user3146@example.com,29,39648
3147,User3147,user3147@example.com,35,95236
3148,User3148,user3148@example.com,20,97841
3149,User3149,user3149@example.com,47,72778
3150,User3150,user3150@example.com,60,59537
3151,User3151,user3151@example.com,66,81385
3152,User3152,user3152@example.com,36,82698
3153,User3153,user3153@example.com,65,69989
3154,User3154,user3154@example.com,23,63111
3155,User3155,user3155@example.com,69,57041
3156,User3156,user3156@example.com,41,40138
3157,User3157,user3157@example.com,48,90078
3158,User3158,user3158@example.com,49,54657
3159,User3159,user3159@example.com,37,47774
3160,User3160,user3160@example.com,63,99023
3161,User3161,user3161@example.com,50,41433
3162,User3162,user3162@example.com,68,82460
3163,User3163,user3163@example.com,63,79973
3164,User3164,user3164@example.com,37,99798
3165,User3165,user3165@example.com,48,66842
3166,User3166,user3166@example.com,37,35991
3167,User3167,user3167@example.com,47,79211
3168,User3168,user3168@example.com,50,69344
3169,User3169,user3169@example.com,46,89906
3170,User3170,user3170@example.com,59,39781
3171,User3171,user3171@example.com,51,44984
3172,User3172,user3172@example.com,68,45189
3173,User3173,user3173@example.com,23,73604
3174,User3174,user3174@example.com,49,35884
3175,User3175,user3175@example.com,50,57920
3176,User3176,user3176@example.com,25,71147
3177,User3177,user3177@example.com,52,81233
3178,User3178,user3178@example.com,46,65442
3179,User3179,user3179@example.com,50,69310
3180,User3180,user3180@example.com,29,59666
3181,User3181,user3181@example.com,38,95907
3182,User3182,user3182@example.com,48,76848
3183,User3183,user3183@example.com,41,99499
3184,User3184,user3184@example.com,43,86970
3185,User3185,user3185@example.com,41,69801
3186,User3186,user3186@example.com,54,80936
3187,User3187,user3187@example.com,58,45660
3188,User3188,user3188@example.com,64,38281
3189,User3189,user3189@example.com,57,32231
3190,User3190,user3190@example.com,38,64700
3191,User3191,user3191@example.com,66,81117
3192,User3192,user3192@example.com,57,61814
3193,User3193,user3193@example.com,63,50740
3194,User3194,user3194@example.com,35,79613
3195,User3195,user3195@example.com,31,96944
3196,User3196,user3196@example.com,23,48265
3197,User3197,user3197@example.com,30,62927
3198,User3198,user3198@example.com,66,85088
3199,User3199,user3199@example.com,56,53980
3200,User3200,user3200@example.com,24,84581
3201,User3201,user3201@example.com,24,85020
3202,User3202,user3202@example.com,26,81462
3203,User3203,user3203@example.com,61,72328
3204,User3204,user3204@example.com,61,99796
3205,User3205,user3205@example.com,25,58342
3206,User3206,user3206@example.com,42,74907
3207,User3207,user3207@example.com,22,42639
3208,User3208,user3208@example.com,26,52957
3209,User3209,user3209@example.com,62,32766
3210,User3210,user3210@example.com,27,35032
3211,User3211,user3211@example.com,58,52734
3212,User3212,user3212@example.com,48,53622
3213,User3213,user3213@example.com,30,42431
3214,User3214,user3214@example.com,67,48963
3215,User3215,user3215@example.com,60,65855
3216,User3216,user3216@example.com,68,54860
3217,User3217,user3217@example.com,42,55110
3218,User3218,user3218@example.com,55,38228
3219,User3219,user3219@example.com,57,96180
3220,User3220,user3220@example.com,53,95451
3221,User3221,user3221@example.com,25,89117
3222,User3222,user3222@example.com,27,74789
3223,User3223,user3223@example.com,56,41389
3224,User3224,user3224@example.com,58,99453
3225,User3225,user3225@example.com,56,63599
3226,User3226,user3226@example.com,39,91538
3227,User3227,user3227@example.com,65,68745
3228,User3228,user3228@example.com,23,54862
3229,User3229,user3229@example.com,39,58626
3230,User3230,user3230@example.com,51,68705
3231,User3231,user3231@example.com,22,39209
3232,User3232,user3232@example.com,35,35546
3233,User3233,user3233@example.com,43,53494
3234,User3234,user3234@example.com,20,60158
3235,User3235,user3235@example.com,67,36702
3236,User3236,user3236@example.com,46,88149
3237,User3237,user3237@example.com,30,37485
3238,User3238,user3238@example.com,25,74215
3239,User3239,user3239@example.com,27,87194
3240,User3240,user3240@example.com,36,86808
3241,User3241,user3241@example.com,32,75824
3242,User3242,user3242@example.com,55,58352
3243,User3243,user3243@example.com,68,90402
3244,User3244,user3244@example.com,61,75575
3245,User3245,user3245@example.com,30,34297
3246,User3246,user3246@example.com,32,53708
3247,User3247,user3247@example.com,41,65825
3248,User3248,user3248@example.com,66,85276
3249,User3249,user3249@example.com,23,44480
3250,User3250,user3250@example.com,37,66924
3251,User3251,user3251@example.com,55,34542
3252,User3252,user3252@example.com,24,81343
3253,User3253,user3253@example.com,48,81412
3254,User3254,user3254@example.com,63,70972
3255,User3255,user3255@example.com,48,61094
3256,User3256,user3256@example.com,37,48711
3257,User3257,user3257@example.com,59,36288
3258,User3258,user3258@example.com,56,43644
3259,User3259,user3259@example.com,42,75161
3260,User3260,user3260@example.com,42,93522
3261,User3261,user3261@example.com,36,92697
3262,User3262,user3262@example.com,48,52390
3263,User3263,user3263@example.com,38,86160
3264,User3264,user3264@example.com,30,70717
3265,User3265,user3265@example.com,30,73706
3266,User3266,user3266@example.com,32,41450
3267,User3267,user3267@example.com,40,87986
3268,User3268,user3268@example.com,46,77932
3269,User3269,user3269@example.com,62,35210
3270,User3270,user3270@example.com,55,30921
3271,User3271,user3271@example.com,23,86223
3272,User3272,user3272@example.com,40,40533
3273,User3273,user3273@example.com,45,65112
3274,User3274,user3274@example.com,45,56855
3275,User3275,user3275@example.com,46,47084
3276,User3276,user3276@example.com,22,44485
3277,User3277,user3277@example.com,39,43000
3278,User3278,user3278@example.com,34,30491
3279,User3279,user3279@example.com,28,90869
3280,User3280,user3280@example.com,54,87526
3281,User3281,user3281@example.com,23,56236
3282,User3282,user3282@example.com,46,44818
3283,User3283,user3283@example.com,61,99128
3284,User3284,user3284@example.com,24,83470
3285,User3285,user3285@example.com,24,43770
3286,User3286,user3286@example.com,30,46621
3287,User3287,user3287@example.com,51,49144
3288,User3288,user3288@example.com,45,67761
3289,User3289,user3289@example.com,40,98879
3290,User3290,user3290@example.com,53,65761
3291,User3291,user3291@example.com,23,36023
3292,User3292,user3292@example.com,29,86405
3293,User3293,user3293@example.com,53,95598
3294,User3294,user3294@example.com,44,30887
3295,User3295,user3295@example.com,49,32542
3296,User3296,user3296@example.com,59,50515
3297,User3297,user3297@example.com,52,50944
3298,User3298,user3298@example.com,34,90737
3299,User3299,user3299@example.com,23,69660
3300,User3300,user3300@example.com,34,37909
3301,User3301,user3301@example.com,40,32947
3302,User3302,user3302@example.com,69,63996
3303,User3303,user3303@example.com,40,55897
3304,User3304,user3304@example.com,26,87090
3305,User3305,user3305@example.com,32,42786
3306,User3306,user3306@example.com,49,59373
3307,User3307,user3307@example.com,59,96487
3308,User3308,user3308@example.com,22,81062
3309,User3309,user3309@example.com,37,91059
3310,User3310,user3310@example.com,44,42827
3311,User3311,user3311@example.com,47,74810
3312,User3312,user3312@example.com,43,62078
3313,User3313,user3313@example.com,60,33327
3314,User3314,user3314@example.com,24,35597
3315,User3315,user3315@example.com,66,97089
3316,User3316,user3316@example.com,51,50511
3317,User3317,user3317@example.com,32,88568
3318,User3318,user3318@example.com,31,80718
3319,User3319,user3319@example.com,23,77889
3320,User3320,user3320@example.com,38,56119
3321,User3321,user3321@example.com,52,63087
3322,User3322,user3322@example.com,36,40803
3323,User3323,user3323@example.com,33,50904
3324,User3324,user3324@example.com,47,61049
3325,User3325,user3325@example.com,36,52303
3326,User3326,user3326@example.com,68,50397
3327,User3327,user3327@example.com,42,66175
3328,User3328,user3328@example.com,25,40787
3329,User3329,user3329@example.com,52,67874
3330,User3330,user3330@example.com,66,78898
3331,User3331,user3331@example.com,43,84715
3332,User3332,user3332@example.com,50,81018
3333,User3333,user3333@example.com,20,86907
3334,User3334,user3334@example.com,24,63278
3335,User3335,user3335@example.com,41,60581
3336,User3336,user3336@example.com,60,30569
3337,User3337,user3337@example.com,34,43775
3338,User3338,user3338@example.com,64,33710
3339,User3339,user3339@example.com,68,61396
3340,User3340,user3340@example.com,39,74697
3341,User3341,user3341@example.com,51,84489
3342,User3342,user3342@example.com,38,73652
3343,User3343,user3343@example.com,23,83245
3344,User3344,user3344@example.com,47,74843
3345,User3345,user3345@example.com,57,47804
3346,User3346,user3346@example.com,26,76810
3347,User3347,user3347@example.com,57,77887
3348,User3348,user3348@example.com,49,79447
3349,User3349,user3349@example.com,68,90040
3350,User3350,user3350@example.com,57,98188
3351,User3351,user3351@example.com,66,73185
3352,User3352,user3352@example.com,47,88845
3353,User3353,user3353@example.com,35,55529
3354,User3354,user3354@example.com,57,96378
3355,User3355,user3355@example.com,56,70143
3356,User3356,user3356@example.com,20,50329
3357,User3357,user3357@example.com,43,54881
3358,User3358,user3358@example.com,41,80690
3359,User3359,user3359@example.com,69,39398
3360,User3360,user3360@example.com,39,46861
3361,User3361,user3361@example.com,27,33984
3362,User3362,user3362@example.com,29,88701
3363,User3363,user3363@example.com,37,67336
3364,User3364,user3364@example.com,52,70722
3365,User3365,user3365@example.com,59,35522
3366,User3366,user3366@example.com,69,87516
3367,User3367,user3367@example.com,22,84109
3368,User3368,user3368@example.com,40,69567
3369,User3369,user3369@example.com,21,42548
3370,User3370,user3370@example.com,37,46061
3371,User3371,user3371@example.com,66,84074
3372,User3372,user3372@example.com,55,74022
3373,User3373,user3373@example.com,25,35481
3374,User3374,user3374@example.com,20,49716
3375,User3375,user3375@example.com,40,70990
3376,User3376,user3376@example.com,33,65887
3377,User3377,user3377@example.com,44,55654
3378,User3378,user3378@example.com,43,86615
3379,User3379,user3379@example.com,21,55417
3380,User3380,user3380@example.com,60,92227
3381,User3381,user3381@example.com,63,86864
3382,User3382,user3382@example.com,43,69559
3383,User3383,user3383@example.com,40,92436
3384,User3384,user3384@example.com,52,60069
3385,User3385,user3385@example.com,65,86396
3386,User3386,user3386@example.com,52,44319
3387,User3387,user3387@example.com,40,97038
3388,User3388,user3388@example.com,20,40699
3389,User3389,user3389@example.com,23,59021
3390,User3390,user3390@example.com,49,76783
3391,User3391,user3391@example.com,47,36248
3392,User3392,user3392@example.com,29,78237
3393,User3393,user3393@example.com,56,76663
3394,User3394,user3394@example.com,21,68974
3395,User3395,user3395@example.com,66,47878
3396,User3396,user3396@example.com,35,93532
3397,User3397,user3397@example.com,55,73201
3398,User3398,user3398@example.com,55,35879
3399,User3399,user3399@example.com,32,58400
3400,User3400,user3400@example.com,61,45500
3401,User3401,user3401@example.com,21,35477
3402,User3402,user3402@example.com,43,73546
3403,User3403,user3403@example.com,61,88027
3404,User3404,user3404@example.com,44,87276
3405,User3405,user3405@example.com,58,33418
3406,User3406,user3406@example.com,51,49676
3407,User3407,user3407@example.com,67,91090
3408,User3408,user3408@example.com,28,66394
3409,User3409,user3409@example.com,60,73422
3410,User3410,user3410@example.com,56,50079
3411,User3411,user3411@example.com,60,88204
3412,User3412,user3412@example.com,28,68258
3413,User3413,user3413@example.com,21,59002
3414,User3414,user3414@example.com,54,86052
3415,User3415,user3415@example.com,32,67413
3416,User3416,user3416@example.com,32,64845
3417,User3417,user3417@example.com,32,41931
3418,User3418,user3418@example.com,39,53204
3419,User3419,user3419@example.com,68,95317
3420,User3420,user3420@example.com,65,47758
3421,User3421,user3421@example.com,51,81207
3422,User3422,user3422@example.com,65,67664
3423,User3423,user3423@example.com,33,65875
3424,User3424,user3424@example.com,55,74118
3425,User3425,user3425@example.com,42,48687
3426,User3426,user3426@example.com,48,31593
3427,User3427,user3427@example.com,48,96322
3428,User3428,user3428@example.com,31,77348
3429,User3429,user3429@example.com,52,95484
3430,User3430,user3430@example.com,67,66770
3431,User3431,user3431@example.com,24,82883
3432,User3432,user3432@example.com,58,53148
3433,User3433,user3433@example.com,46,76578
3434,User3434,user3434@example.com,38,86449
3435,User3435,user3435@example.com,55,95932
3436,User3436,user3436@example.com,58,79608
3437,User3437,user3437@example.com,47,77231
3438,User3438,user3438@example.com,52,85926
3439,User3439,user3439@example.com,37,30874
3440,User3440,user3440@example.com,23,39969
3441,User3441,user3441@example.com,60,83499
3442,User3442,user3442@example.com,64,46366
3443,User3443,user3443@example.com,44,84676
3444,User3444,user3444@example.com,28,75460
3445,User3445,user3445@example.com,43,48081
3446,User3446,user3446@example.com,57,91397
3447,User3447,user3447@example.com,50,76745
3448,User3448,user3448@example.com,65,36293
3449,User3449,user3449@example.com,30,99693
3450,User3450,user3450@example.com,52,85951
3451,User3451,user3451@example.com,32,85788
3452,User3452,user3452@example.com,25,70682
3453,User3453,user3453@example.com,38,41669
3454,User3454,user3454@example.com,27,38199
3455,User3455,user3455@example.com,48,87370
3456,User3456,user3456@example.com,50,68235
3457,User3457,user3457@example.com,30,46486
3458,User3458,user3458@example.com,42,61562
3459,User3459,user3459@example.com,56,71816
3460,User3460,user3460@example.com,32,81541
3461,User3461,user3461@example.com,35,85589
3462,User3462,user3462@example.com,68,42256
3463,User3463,user3463@example.com,31,84118
3464,User3464,user3464@example.com,49,35424
3465,User3465,user3465@example.com,26,98679
3466,User3466,user3466@example.com,49,98709
3467,User3467,user3467@example.com,41,34881
3468,User3468,user3468@example.com,22,38224
3469,User3469,user3469@example.com,40,86157
3470,User3470,user3470@example.com,31,66113
3471,User3471,user3471@example.com,49,70577
3472,User3472,user3472@example.com,63,89088
3473,User3473,user3473@example.com,38,74186
3474,User3474,user3474@example.com,36,36958
3475,User3475,user3475@example.com,23,62247
3476,User3476,user3476@example.com,29,51395
3477,User3477,user3477@example.com,25,75205
3478,User3478,user3478@example.com,38,92235
3479,User3479,user3479@example.com,29,82073
3480,User3480,user3480@example.com,51,30348
3481,User3481,user3481@example.com,66,97489
3482,User3482,user3482@example.com,36,79168
3483,User3483,user3483@example.com,37,59793
3484,User3484,user3484@example.com,55,33317
3485,User3485,user3485@example.com,53,71258
3486,User3486,user3486@example.com,61,48651
3487,User3487,user3487@example.com,69,96122
3488,User3488,user3488@example.com,35,76723
3489,User3489,user3489@example.com,59,93916
3490,User3490,user3490@example.com,69,85513
3491,User3491,user3491@example.com,53,72288
3492,User3492,user3492@example.com,59,30579
3493,User3493,user3493@example.com,29,50390
3494,User3494,user3494@example.com,25,87021
3495,User3495,user3495@example.com,63,45210
3496,User3496,user3496@example.com,68,31215
3497,User3497,user3497@example.com,68,71130
3498,User3498,user3498@example.com,38,61639
3499,User3499,user3499@example.com,39,87290
3500,User3500,user3500@example.com,36,89238
3501,User3501,user3501@example.com,57,36319
3502,User3502,user3502@example.com,38,38184
3503,User3503,user3503@example.com,32,48498
3504,User3504,user3504@example.com,43,97908
3505,User3505,user3505@example.com,53,62112
3506,User3506,user3506@example.com,44,65166
3507,User3507,user3507@example.com,38,48536
3508,User3508,user3508@example.com,67,80542
3509,User3509,user3509@example.com,24,54676
3510,User3510,user3510@example.com,29,84909
3511,User3511,user3511@example.com,33,91579
3512,User3512,user3512@example.com,50,51460
3513,User3513,user3513@example.com,40,92059
3514,User3514,user3514@example.com,28,68576
3515,User3515,user3515@example.com,65,71689
3516,User3516,user3516@example.com,33,51052
3517,User3517,user3517@example.com,60,54253
3518,User3518,user3518@example.com,54,67649
3519,User3519,user3519@example.com,49,82950
3520,User3520,user3520@example.com,53,41881
3521,User3521,user3521@example.com,67,58874
3522,User3522,user3522@example.com,67,48929
3523,User3523,user3523@example.com,21,66135
3524,User3524,user3524@example.com,43,84655
3525,User3525,user3525@example.com,25,47262
3526,User3526,user3526@example.com,36,82675
3527,User3527,user3527@example.com,64,97716
3528,User3528,user3528@example.com,29,68296
3529,User3529,user3529@example.com,67,39623
3530,User3530,user3530@example.com,35,42619
3531,User3531,user3531@example.com,63,54230
3532,User3532,user3532@example.com,45,70666
3533,User3533,user3533@example.com,21,54543
3534,User3534,user3534@example.com,69,63500
3535,User3535,user3535@example.com,31,36247
3536,User3536,user3536@example.com,41,68761
3537,User3537,user3537@example.com,24,81595
3538,User3538,user3538@example.com,24,75683
3539,User3539,user3539@example.com,20,37548
3540,User3540,user3540@example.com,21,76323
3541,User3541,user3541@example.com,40,80153
3542,User3542,user3542@example.com,39,93107
3543,User3543,user3543@example.com,32,34913
3544,User3544,user3544@example.com,47,68885
3545,User3545,user3545@example.com,60,59239
3546,User3546,user3546@example.com,36,37959
3547,User3547,user3547@example.com,42,80453
3548,User3548,user3548@example.com,37,97534
3549,User3549,user3549@example.com,30,48298
3550,User3550,user3550@example.com,27,64573
3551,User3551,user3551@example.com,63,62733
3552,User3552,user3552@example.com,30,95183
3553,User3553,user3553@example.com,27,52601
3554,User3554,user3554@example.com,61,54911
3555,User3555,user3555@example.com,47,47623
3556,User3556,user3556@example.com,60,80091
3557,User3557,user3557@example.com,25,99723
3558,User3558,user3558@example.com,65,98550
3559,User3559,user3559@example.com,64,36720
3560,User3560,user3560@example.com,56,55006
3561,User3561,user3561@example.com,60,52745
3562,User3562,user3562@example.com,28,62454
3563,User3563,user3563@example.com,39,73076
3564,User3564,user3564@example.com,37,40497
3565,User3565,user3565@example.com,46,51877
3566,User3566,user3566@example.com,58,71528
3567,User3567,user3567@example.com,21,77249
3568,User3568,user3568@example.com,24,92075
3569,User3569,user3569@example.com,25,44624
3570,User3570,user3570@example.com,52,34857
3571,User3571,user3571@example.com,26,77918
3572,User3572,user3572@example.com,20,86950
3573,User3573,user3573@example.com,30,66172
3574,User3574,user3574@example.com,60,78591
3575,User3575,user3575@example.com,48,99735
3576,User3576,user3576@example.com,33,90025
3577,User3577,user3577@example.com,38,87716
3578,User3578,user3578@example.com,65,89884
3579,User3579,user3579@example.com,45,54856
3580,User3580,user3580@example.com,32,92875
3581,User3581,user3581@example.com,65,60661
3582,User3582,user3582@example.com,62,83195
3583,User3583,user3583@example.com,34,61528
3584,User3584,user3584@example.com,56,32287
3585,User3585,user3585@example.com,49,39887
3586,User3586,user3586@example.com,24,66182
3587,User3587,user3587@example.com,31,50746
3588,User3588,user3588@example.com,30,42127
3589,User3589,user3589@example.com,59,55431
3590,User3590,user3590@example.com,62,51484
3591,User3591,user3591@example.com,20,96096
3592,User3592,user3592@example.com,58,30597
3593,User3593,user3593@example.com,28,45900
3594,User3594,user3594@example.com,66,76091
3595,User3595,user3595@example.com,69,39677
3596,User3596,user3596@example.com,44,99045
3597,User3597,user3597@example.com,63,59083
3598,User3598,user3598@example.com,62,45751
3599,User3599,user3599@example.com,30,48988
3600,User3600,user3600@example.com,33,32106
3601,User3601,user3601@example.com,21,87870
3602,User3602,user3602@example.com,33,83383
3603,User3603,user3603@example.com,59,57924
3604,User3604,user3604@example.com,65,72146
3605,User3605,user3605@example.com,21,79650
3606,User3606,user3606@example.com,54,98085
3607,User3607,user3607@example.com,25,84863
3608,User3608,user3608@example.com,31,50223
3609,User3609,user3609@example.com,52,38277
3610,User3610,user3610@example.com,65,31462
3611,User3611,user3611@example.com,51,80957
3612,User3612,user3612@example.com,64,61429
3613,User3613,user3613@example.com,31,91055
3614,User3614,user3614@example.com,24,63145
3615,User3615,user3615@example.com,58,97247
3616,User3616,user3616@example.com,42,76955
3617,User3617,user3617@example.com,46,63034
3618,User3618,user3618@example.com,50,34876
3619,User3619,user3619@example.com,42,32708
3620,User3620,user3620@example.com,27,58147
3621,User3621,user3621@example.com,60,63598
3622,User3622,user3622@example.com,20,66462
3623,User3623,user3623@example.com,57,31076
3624,User3624,user3624@example.com,59,51091
3625,User3625,user3625@example.com,44,98318
3626,User3626,user3626@example.com,61,54579
3627,User3627,user3627@example.com,54,66876
3628,User3628,user3628@example.com,58,49225
3629,User3629,user3629@example.com,37,62864
3630,User3630,user3630@example.com,37,75267
3631,User3631,user3631@example.com,44,41824
3632,User3632,user3632@example.com,57,45939
3633,User3633,user3633@example.com,52,51312
3634,User3634,user3634@example.com,60,98812
3635,User3635,user3635@example.com,40,81783
3636,User3636,user3636@example.com,23,81047
3637,User3637,user3637@example.com,43,99146
3638,User3638,user3638@example.com,58,68438
3639,User3639,user3639@example.com,55,99047
3640,User3640,user3640@example.com,31,73786
3641,User3641,user3641@example.com,59,89598
3642,User3642,user3642@example.com,68,46860
3643,User3643,user3643@example.com,56,89012
3644,User3644,user3644@example.com,40,32187
3645,User3645,user3645@example.com,32,54476
3646,User3646,user3646@example.com,29,94326
3647,User3647,user3647@example.com,57,37557
3648,User3648,user3648@example.com,53,43934
3649,User3649,user3649@example.com,58,44621
3650,User3650,user3650@example.com,42,33516
3651,User3651,user3651@example.com,25,40257
3652,User3652,user3652@example.com,58,30109
3653,User3653,user3653@example.com,29,73633
3654,User3654,user3654@example.com,48,94458
3655,User3655,user3655@example.com,52,71949
3656,User3656,user3656@example.com,62,87007
3657,User3657,user3657@example.com,22,47760
3658,User3658,user3658@example.com,25,35970
3659,User3659,user3659@example.com,59,97822
3660,User3660,user3660@example.com,38,42835
3661,User3661,user3661@example.com,51,73723
3662,User3662,user3662@example.com,46,62484
3663,User3663,user3663@example.com,56,34047
3664,User3664,user3664@example.com,57,32685
3665,User3665,user3665@example.com,54,39784
3666,User3666,user3666@example.com,23,66776
3667,User3667,user3667@example.com,61,78094
3668,User3668,user3668@example.com,56,55771
3669,User3669,user3669@example.com,20,73178
3670,User3670,user3670@example.com,37,58719
3671,User3671,user3671@example.com,52,49359
3672,User3672,user3672@example.com,30,81275
3673,User3673,user3673@example.com,40,36316
3674,User3674,user3674@example.com,39,48472
3675,User3675,user3675@example.com,46,96247
3676,User3676,user3676@example.com,33,58202
3677,User3677,user3677@example.com,39,45131
3678,User3678,user3678@example.com,22,90298
3679,User3679,user3679@example.com,69,71721
3680,User3680,user3680@example.com,37,88194
3681,User3681,user3681@example.com,52,38150
3682,User3682,user3682@example.com,50,88558
3683,User3683,user3683@example.com,54,89424
3684,User3684,user3684@example.com,65,51209
3685,User3685,user3685@example.com,60,71156
3686,User3686,user3686@example.com,38,90903
3687,User3687,user3687@example.com,36,60183
3688,User3688,user3688@example.com,61,67605
3689,User3689,user3689@example.com,49,62517
3690,User3690,user3690@example.com,34,50172
3691,User3691,user3691@example.com,65,73682
3692,User3692,user3692@example.com,41,78631
3693,User3693,user3693@example.com,68,81616
3694,User3694,user3694@example.com,44,87234
3695,User3695,user3695@example.com,22,88503
3696,User3696,user3696@example.com,22,32052
3697,User3697,user3697@example.com,68,37889
3698,User3698,user3698@example.com,66,47543
3699,User3699,user3699@example.com,50,30902
3700,User3700,user3700@example.com,65,91418
3701,User3701,user3701@example.com,28,60741
3702,User3702,user3702@example.com,56,64727
3703,User3703,user3703@example.com,43,56587
3704,User3704,user3704@example.com,29,70117
3705,User3705,user3705@example.com,30,40772
3706,User3706,user3706@example.com,64,82115
3707,User3707,user3707@example.com,53,43461
3708,User3708,user3708@example.com,41,58816
3709,User3709,user3709@example.com,60,42051
3710,User3710,user3710@example.com,51,49388
3711,User3711,user3711@example.com,41,86729
3712,User3712,user3712@example.com,51,99280
3713,User3713,user3713@example.com,38,83907
3714,User3714,user3714@example.com,42,80123
3715,User3715,user3715@example.com,21,79138
3716,User3716,user3716@example.com,63,35643
3717,User3717,user3717@example.com,54,51613
3718,User3718,user3718@example.com,21,75719
3719,User3719,user3719@example.com,34,71691
3720,User3720,user3720@example.com,50,37913
3721,User3721,user3721@example.com,61,42191
3722,User3722,user3722@example.com,55,39728
3723,User3723,user3723@example.com,60,90267
3724,User3724,user3724@example.com,67,78935
3725,User3725,user3725@example.com,49,40081
3726,User3726,user3726@example.com,61,82677
3727,User3727,user3727@example.com,43,84746
3728,User3728,user3728@example.com,68,96478
3729,User3729,user3729@example.com,37,56471
3730,User3730,user3730@example.com,29,51326
3731,User3731,user3731@example.com,65,80358
3732,User3732,user3732@example.com,67,70284
3733,User3733,user3733@example.com,50,94510
3734,User3734,user3734@example.com,53,68530
3735,User3735,user3735@example.com,33,58887
3736,User3736,user3736@example.com,29,52117
3737,User3737,user3737@example.com,55,61832
3738,User3738,user3738@example.com,61,62035
3739,User3739,user3739@example.com,53,90519
3740,User3740,user3740@example.com,53,95986
3741,User3741,user3741@example.com,20,46007
3742,User3742,user3742@example.com,42,69026
3743,User3743,user3743@example.com,59,53082
3744,User3744,user3744@example.com,57,49888
3745,User3745,user3745@example.com,42,84978
3746,User3746,user3746@example.com,61,46088
3747,User3747,user3747@example.com,68,94827
3748,User3748,user3748@example.com,39,39390
3749,User3749,user3749@example.com,67,61078
3750,User3750,user3750@example.com,44,39937
3751,User3751,user3751@example.com,59,65003
3752,User3752,user3752@example.com,58,76083
3753,User3753,user3753@example.com,56,91615
3754,User3754,user3754@example.com,54,77087
3755,User3755,user3755@example.com,36,64933
3756,User3756,user3756@example.com,20,78769
3757,User3757,user3757@example.com,35,87602
3758,User3758,user3758@example.com,69,98340
3759,User3759,user3759@example.com,32,38899
3760,User3760,user3760@example.com,24,67635
3761,User3761,user3761@example.com,61,82740
3762,User3762,user3762@example.com,63,39980
3763,User3763,user3763@example.com,42,32771
3764,User3764,user3764@example.com,33,75532
3765,User3765,user3765@example.com,52,78025
3766,User3766,user3766@example.com,21,54733
3767,User3767,user3767@example.com,69,74046
3768,User3768,user3768@example.com,23,32200
3769,User3769,user3769@example.com,42,34567
3770,User3770,user3770@example.com,24,63657
3771,User3771,user3771@example.com,38,78789
3772,User3772,user3772@example.com,50,53786
3773,User3773,user3773@example.com,43,40763
3774,User3774,user3774@example.com,22,44214
3775,User3775,user3775@example.com,33,87450
3776,User3776,user3776@example.com,25,86180
3777,User3777,user3777@example.com,39,69730
3778,User3778,user3778@example.com,31,52151
3779,User3779,user3779@example.com,22,75279
3780,User3780,user3780@example.com,52,87767
3781,User3781,user3781@example.com,33,51945
3782,User3782,user3782@example.com,38,60355
3783,User3783,user3783@example.com,34,49975
3784,User3784,user3784@example.com,66,84410
3785,User3785,user3785@example.com,36,64383
3786,User3786,user3786@example.com,60,43081
3787,User3787,user3787@example.com,66,51972
3788,User3788,user3788@example.com,50,98484
3789,User3789,user3789@example.com,23,38362
3790,User3790,user3790@example.com,30,62773
3791,User3791,user3791@example.com,56,64804
3792,User3792,user3792@example.com,54,33466
3793,User3793,user3793@example.com,51,97201
3794,User3794,user3794@example.com,62,70983
3795,User3795,user3795@example.com,67,74418
3796,User3796,user3796@example.com,37,57066
3797,User3797,user3797@example.com,39,54267
3798,User3798,user3798@example.com,39,33926
3799,User3799,user3799@example.com,29,73596
3800,User3800,user3800@example.com,54,76279
3801,User3801,user3801@example.com,40,84783
3802,User3802,user3802@example.com,58,80620
3803,User3803,user3803@example.com,37,64443
3804,User3804,user3804@example.com,55,90029
3805,User3805,user3805@example.com,38,87526
3806,User3806,user3806@example.com,64,32489
3807,User3807,user3807@example.com,50,95991
3808,User3808,user3808@example.com,40,53297
3809,User3809,user3809@example.com,60,33406
3810,User3810,user3810@example.com,45,97912
3811,User3811,user3811@example.com,27,66816
3812,User3812,user3812@example.com,40,79029
3813,User3813,user3813@example.com,21,47060
3814,User3814,user3814@example.com,52,67072
3815,User3815,user3815@example.com,64,42728
3816,User3816,user3816@example.com,22,42585
3817,User3817,user3817@example.com,33,69241
3818,User3818,user3818@example.com,46,81550
3819,User3819,user3819@example.com,54,36709
3820,User3820,user3820@example.com,45,63250
3821,User3821,user3821@example.com,58,90751
3822,User3822,user3822@example.com,41,30077
3823,User3823,user3823@example.com,20,58704
3824,User3824,user3824@example.com,64,80709
3825,User3825,user3825@example.com,63,88716
3826,User3826,user3826@example.com,68,80837
3827,User3827,user3827@example.com,66,45631
3828,User3828,user3828@example.com,51,33180
3829,User3829,user3829@example.com,67,82194
3830,User3830,user3830@example.com,43,41917
3831,User3831,user3831@example.com,40,52551
3832,User3832,user3832@example.com,40,60254
3833,User3833,user3833@example.com,39,75212
3834,User3834,user3834@example.com,64,71196
3835,User3835,user3835@example.com,42,69054
3836,User3836,user3836@example.com,66,93143
3837,User3837,user3837@example.com,26,37803
3838,User3838,user3838@example.com,47,58116
3839,User3839,user3839@example.com,23,98169
3840,User3840,user3840@example.com,68,65606
3841,User3841,user3841@example.com,36,45217
3842,User3842,user3842@example.com,63,92270
3843,User3843,user3843@example.com,54,39993
3844,User3844,user3844@example.com,57,43269
3845,User3845,user3845@example.com,29,36474
3846,User3846,user3846@example.com,61,61377
3847,User3847,user3847@example.com,63,40643
3848,User3848,user3848@example.com,64,47032
3849,User3849,user3849@example.com,53,96077
3850,User3850,user3850@example.com,30,87702
3851,User3851,user3851@example.com,31,99419
3852,User3852,user3852@example.com,64,33230
3853,User3853,user3853@example.com,36,86878
3854,User3854,user3854@example.com,56,41982
3855,User3855,user3855@example.com,27,81810
3856,User3856,user3856@example.com,46,71970
3857,User3857,user3857@example.com,32,89443
3858,User3858,user3858@example.com,57,68898
3859,User3859,user3859@example.com,47,66057
3860,User3860,user3860@example.com,45,73659
3861,User3861,user3861@example.com,39,85127
3862,User3862,user3862@example.com,56,34684
3863,User3863,user3863@example.com,68,73830
3864,User3864,user3864@example.com,24,41457
3865,User3865,user3865@example.com,40,60450
3866,User3866,user3866@example.com,21,47491
3867,User3867,user3867@example.com,64,96693
3868,User3868,user3868@example.com,39,70127
3869,User3869,user3869@example.com,45,48324
3870,User3870,user3870@example.com,45,79982
3871,User3871,user3871@example.com,58,33565
3872,User3872,user3872@example.com,45,60599
3873,User3873,user3873@example.com,36,90559
3874,User3874,user3874@example.com,45,84559
3875,User3875,user3875@example.com,29,33411
3876,User3876,user3876@example.com,68,93689
3877,User3877,user3877@example.com,31,79231
3878,User3878,user3878@example.com,28,49681
3879,User3879,user3879@example.com,34,73154
3880,User3880,user3880@example.com,47,78327
3881,User3881,user3881@example.com,29,75742
3882,User3882,user3882@example.com,64,64462
3883,User3883,user3883@example.com,32,80134
3884,User3884,user3884@example.com,34,83633
3885,User3885,user3885@example.com,55,99318
3886,User3886,user3886@example.com,43,38347
3887,User3887,user3887@example.com,44,31574
3888,User3888,user3888@example.com,51,79788
3889,User3889,user3889@example.com,48,70415
3890,User3890,user3890@example.com,52,58797
3891,User3891,user3891@example.com,67,76629
3892,User3892,user3892@example.com,69,68657
3893,User3893,user3893@example.com,60,54260
3894,User3894,user3894@example.com,20,95334
3895,User3895,user3895@example.com,23,62417
3896,User3896,user3896@example.com,56,99549
3897,User3897,user3897@example.com,44,34630
3898,User3898,user3898@example.com,62,63597
3899,User3899,user3899@example.com,29,35015
3900,User3900,user3900@example.com,43,57740
3901,User3901,user3901@example.com,53,89403
3902,User3902,user3902@example.com,37,85404
3903,User3903,user3903@example.com,46,73701
3904,User3904,user3904@example.com,27,80377
3905,User3905,user3905@example.com,57,77566
3906,User3906,user3906@example.com,39,32153
3907,User3907,user3907@example.com,55,52904
3908,User3908,user3908@example.com,26,39513
3909,User3909,user3909@example.com,43,46197
3910,User3910,user3910@example.com,59,36471
3911,User3911,user3911@example.com,28,48030
3912,User3912,user3912@example.com,60,49449
3913,User3913,user3913@example.com,40,90218
3914,User3914,user3914@example.com,28,92719
3915,User3915,user3915@example.com,45,84654
3916,User3916,user3916@example.com,45,39664
3917,User3917,user3917@example.com,20,49458
3918,User3918,user3918@example.com,30,60143
3919,User3919,user3919@example.com,27,76359
3920,User3920,user3920@example.com,55,38866
3921,User3921,user3921@example.com,45,93472
3922,User3922,user3922@example.com,63,80917
3923,User3923,user3923@example.com,35,89894
3924,User3924,user3924@example.com,64,76668
3925,User3925,user3925@example.com,28,87401
3926,User3926,user3926@example.com,24,87384
3927,User3927,user3927@example.com,27,46059
3928,User3928,user3928@example.com,50,75229
3929,User3929,user3929@example.com,22,81777
3930,User3930,user3930@example.com,40,75466
3931,User3931,user3931@example.com,48,63768
3932,User3932,user3932@example.com,48,75481
3933,User3933,user3933@example.com,60,78476
3934,User3934,user3934@example.com,48,66420
3935,User3935,user3935@example.com,32,90003
3936,User3936,user3936@example.com,37,66118
3937,User3937,user3937@example.com,63,72232
3938,User3938,user3938@example.com,59,38657
3939,User3939,user3939@example.com,22,50279
3940,User3940,user3940@example.com,61,39054
3941,User3941,user3941@example.com,44,45465
3942,User3942,user3942@example.com,51,65113
3943,User3943,user3943@example.com,30,99997
3944,User3944,user3944@example.com,61,78957
3945,User3945,user3945@example.com,34,92926
3946,User3946,user3946@example.com,38,68904
3947,User3947,user3947@example.com,29,33714
3948,User3948,user3948@example.com,29,80991
3949,User3949,user3949@example.com,31,75449
3950,User3950,user3950@example.com,36,62746
3951,User3951,user3951@example.com,30,51316
3952,User3952,user3952@example.com,52,69333
3953,User3953,user3953@example.com,56,57158
3954,User3954,user3954@example.com,64,86736
3955,User3955,user3955@example.com,65,49789
3956,User3956,user3956@example.com,47,94369
3957,User3957,user3957@example.com,43,68968
3958,User3958,user3958@example.com,35,65409
3959,User3959,user3959@example.com,47,86554
3960,User3960,user3960@example.com,54,33759
3961,User3961,user3961@example.com,40,54850
3962,User3962,user3962@example.com,53,49058
3963,User3963,user3963@example.com,56,56890
3964,User3964,user3964@example.com,65,86223
3965,User3965,user3965@example.com,25,52920
3966,User3966,user3966@example.com,31,99210
3967,User3967,user3967@example.com,28,77982
3968,User3968,user3968@example.com,69,68713
3969,User3969,user3969@example.com,67,82475
3970,User3970,user3970@example.com,68,34947
3971,User3971,user3971@example.com,54,95637
3972,User3972,user3972@example.com,27,37081
3973,User3973,user3973@example.com,60,57802
3974,User3974,user3974@example.com,50,49214
3975,User3975,user3975@example.com,48,75799
3976,User3976,user3976@example.com,36,96750
3977,User3977,user3977@example.com,26,44566
3978,User3978,user3978@example.com,21,76302
3979,User3979,user3979@example.com,51,44299
3980,User3980,user3980@example.com,49,75996
3981,User3981,user3981@example.com,25,85546
3982,User3982,user3982@example.com,50,86366
3983,User3983,user3983@example.com,62,36544
3984,User3984,user3984@example.com,51,44675
3985,User3985,user3985@example.com,24,51735
3986,User3986,user3986@example.com,58,97353
3987,User3987,user3987@example.com,67,39907
3988,User3988,user3988@example.com,33,40069
3989,User3989,user3989@example.com,20,52398
3990,User3990,user3990@example.com,63,58852
3991,User3991,user3991@example.com,67,49798
3992,User3992,user3992@example.com,43,51805
3993,User3993,user3993@example.com,59,98326
3994,User3994,user3994@example.com,58,44051
3995,User3995,user3995@example.com,25,33564
3996,User3996,user3996@example.com,56,84268
3997,User3997,user3997@example.com,34,74302
3998,User3998,user3998@example.com,41,72174
3999,User3999,user3999@example.com,55,76307
4000,User4000,user4000@example.com,58,58940
4001,User4001,user4001@example.com,63,50212
4002,User4002,user4002@example.com,55,73956
4003,User4003,user4003@example.com,50,87702
4004,User4004,user4004@example.com,29,68860
4005,User4005,user4005@example.com,57,99608
4006,User4006,user4006@example.com,53,78558
4007,User4007,user4007@example.com,51,35889
4008,User4008,user4008@example.com,51,50063
4009,User4009,user4009@example.com,47,36257
4010,User4010,user4010@example.com,50,89365
4011,User4011,user4011@example.com,35,82813
4012,User4012,user4012@example.com,22,90898
4013,User4013,user4013@example.com,24,49681
4014,User4014,user4014@example.com,46,74922
4015,User4015,user4015@example.com,35,38533
4016,User4016,user4016@example.com,42,90323
4017,User4017,user4017@example.com,39,49507
4018,User4018,user4018@example.com,47,91438
4019,User4019,user4019@example.com,39,54968
4020,User4020,user4020@example.com,24,30418
4021,User4021,user4021@example.com,26,69925
4022,User4022,user4022@example.com,39,53379
4023,User4023,user4023@example.com,26,79726
4024,User4024,user4024@example.com,44,92499
4025,User4025,user4025@example.com,50,37375
4026,User4026,user4026@example.com,31,82241
4027,User4027,user4027@example.com,39,39012
4028,User4028,user4028@example.com,45,75798
4029,User4029,user4029@example.com,67,41770
4030,User4030,user4030@example.com,32,79045
4031,User4031,user4031@example.com,35,82915
4032,User4032,user4032@example.com,46,41435
4033,User4033,user4033@example.com,45,30620
4034,User4034,user4034@example.com,65,84312
4035,User4035,user4035@example.com,31,82206
4036,User4036,user4036@example.com,66,94371
4037,User4037,user4037@example.com,32,34793
4038,User4038,user4038@example.com,33,71006
4039,User4039,user4039@example.com,33,92962
4040,User4040,user4040@example.com,62,92420
4041,User4041,user4041@example.com,40,67710
4042,User4042,user4042@example.com,36,32510
4043,User4043,user4043@example.com,28,48239
4044,User4044,user4044@example.com,69,98442
4045,User4045,user4045@example.com,21,43449
4046,User4046,user4046@example.com,41,85825
4047,User4047,user4047@example.com,21,71815
4048,User4048,user4048@example.com,20,97055
4049,User4049,user4049@example.com,45,67871
4050,User4050,user4050@example.com,25,91270
4051,User4051,user4051@example.com,68,46158
4052,User4052,user4052@example.com,58,79911
4053,User4053,user4053@example.com,40,80010
4054,User4054,user4054@example.com,24,89012
4055,User4055,user4055@example.com,43,90630
4056,User4056,user4056@example.com,55,57214
4057,User4057,user4057@example.com,39,35499
4058,User4058,user4058@example.com,22,95088
4059,User4059,user4059@example.com,52,81674
4060,User4060,user4060@example.com,49,37215
4061,User4061,user4061@example.com,32,48382
4062,User4062,user4062@example.com,43,73092
4063,User4063,user4063@example.com,21,70022
4064,User4064,user4064@example.com,61,68201
4065,User4065,user4065@example.com,55,60979
4066,User4066,user4066@example.com,49,43698
4067,User4067,user4067@example.com,35,55994
4068,User4068,user4068@example.com,31,87809
4069,User4069,user4069@example.com,30,98938
4070,User4070,user4070@example.com,60,34802
4071,User4071,user4071@example.com,45,60402
4072,User4072,user4072@example.com,31,62490
4073,User4073,user4073@example.com,20,51109
4074,User4074,user4074@example.com,37,80672
4075,User4075,user4075@example.com,27,73953
4076,User4076,user4076@example.com,29,72197
4077,User4077,user4077@example.com,31,30451
4078,User4078,user4078@example.com,69,48427
4079,User4079,user4079@example.com,24,37903
4080,User4080,user4080@example.com,20,71241
4081,User4081,user4081@example.com,69,40009
4082,User4082,user4082@example.com,59,64464
4083,User4083,user4083@example.com,40,57591
4084,User4084,user4084@example.com,32,99525
4085,User4085,user4085@example.com,21,60846
4086,User4086,user4086@example.com,20,95189
4087,User4087,user4087@example.com,21,37468
4088,User4088,user4088@example.com,43,97848
4089,User4089,user4089@example.com,51,68289
4090,User4090,user4090@example.com,52,54602
4091,User4091,user4091@example.com,44,32495
4092,User4092,user4092@example.com,37,32079
4093,User4093,user4093@example.com,25,69864
4094,User4094,user4094@example.com,47,70331
4095,User4095,user4095@example.com,29,75544
4096,User4096,user4096@example.com,43,58697
4097,User4097,user4097@example.com,32,84793
4098,User4098,user4098@example.com,59,97368
4099,User4099,user4099@example.com,21,49743
4100,User4100,user4100@example.com,37,78566
4101,User4101,user4101@example.com,49,35793
4102,User4102,user4102@example.com,46,76434
4103,User4103,user4103@example.com,43,89507
4104,User4104,user4104@example.com,29,46629
4105,User4105,user4105@example.com,64,32689
4106,User4106,user4106@example.com,34,57448
4107,User4107,user4107@example.com,49,89521
4108,User4108,user4108@example.com,66,43006
4109,User4109,user4109@example.com,51,42964
4110,User4110,user4110@example.com,35,39475
4111,User4111,user4111@example.com,44,67638
4112,User4112,user4112@example.com,29,54868
4113,User4113,user4113@example.com,41,62861
4114,User4114,user4114@example.com,45,70932
4115,User4115,user4115@example.com,45,36839
4116,User4116,user4116@example.com,21,30065
4117,User4117,user4117@example.com,21,55641
4118,User4118,user4118@example.com,37,77845
4119,User4119,user4119@example.com,45,99733
4120,User4120,user4120@example.com,57,50652
4121,User4121,user4121@example.com,51,59013
4122,User4122,user4122@example.com,43,90126
4123,User4123,user4123@example.com,45,31052
4124,User4124,user4124@example.com,69,52167
4125,User4125,user4125@example.com,58,91951
4126,User4126,user4126@example.com,60,37532
4127,User4127,user4127@example.com,45,86307
4128,User4128,user4128@example.com,29,45333
4129,User4129,user4129@example.com,38,46438
4130,User4130,user4130@example.com,35,40956
4131,User4131,user4131@example.com,32,88287
4132,User4132,user4132@example.com,66,42724
4133,User4133,user4133@example.com,61,61108
4134,User4134,user4134@example.com,69,87954
4135,User4135,user4135@example.com,49,39798
4136,User4136,user4136@example.com,56,86861
4137,User4137,user4137@example.com,63,57115
4138,User4138,user4138@example.com,47,30640
4139,User4139,user4139@example.com,28,77238
4140,User4140,user4140@example.com,27,97740
4141,User4141,user4141@example.com,38,70413
4142,User4142,user4142@example.com,41,74510
4143,User4143,user4143@example.com,29,41872
4144,User4144,user4144@example.com,60,41845
4145,User4145,user4145@example.com,26,44619
4146,User4146,user4146@example.com,21,65060
4147,User4147,user4147@example.com,44,39450
4148,User4148,user4148@example.com,67,36886
4149,User4149,user4149@example.com,43,41103
4150,User4150,user4150@example.com,30,52669
4151,User4151,user4151@example.com,22,35178
4152,User4152,user4152@example.com,56,67684
4153,User4153,user4153@example.com,62,60066
4154,User4154,user4154@example.com,32,63835
4155,User4155,user4155@example.com,30,39165
4156,User4156,user4156@example.com,49,91149
4157,User4157,user4157@example.com,48,75183
4158,User4158,user4158@example.com,21,77580
4159,User4159,user4159@example.com,22,82643
4160,User4160,user4160@example.com,54,74580
4161,User4161,user4161@example.com,38,37852
4162,User4162,user4162@example.com,43,62078
4163,User4163,user4163@example.com,64,70590
4164,User4164,user4164@example.com,37,98657
4165,User4165,user4165@example.com,26,76260
4166,User4166,user4166@example.com,41,93210
4167,User4167,user4167@example.com,58,96663
4168,User4168,user4168@example.com,28,37776
4169,User4169,user4169@example.com,55,42011
4170,User4170,user4170@example.com,42,48207
4171,User4171,user4171@example.com,22,32550
4172,User4172,user4172@example.com,64,89893
4173,User4173,user4173@example.com,33,70906
4174,User4174,user4174@example.com,38,93173
4175,User4175,user4175@example.com,53,99343
4176,User4176,user4176@example.com,62,52547
4177,User4177,user4177@example.com,21,37010
4178,User4178,user4178@example.com,50,86878
4179,User4179,user4179@example.com,37,35588
4180,User4180,user4180@example.com,22,35664
4181,User4181,user4181@example.com,32,72641
4182,User4182,user4182@example.com,20,66611
4183,User4183,user4183@example.com,51,75015
4184,User4184,user4184@example.com,38,75247
4185,User4185,user4185@example.com,44,98608
4186,User4186,user4186@example.com,38,48619
4187,User4187,user4187@example.com,32,58564
4188,User4188,user4188@example.com,46,94859
4189,User4189,user4189@example.com,25,62323
4190,User4190,user4190@example.com,38,94915
4191,User4191,user4191@example.com,26,74582
4192,User4192,user4192@example.com,29,38530
4193,User4193,user4193@example.com,29,65954
4194,User4194,user4194@example.com,59,66362
4195,User4195,user4195@example.com,56,68554
4196,User4196,user4196@example.com,48,36924
4197,User4197,user4197@example.com,57,42392
4198,User4198,user4198@example.com,27,30427
4199,User4199,user4199@example.com,53,87934
4200,User4200,user4200@example.com,64,38028
4201,User4201,user4201@example.com,61,97418
4202,User4202,user4202@example.com,66,75191
4203,User4203,user4203@example.com,63,75799
4204,User4204,user4204@example.com,27,38473
4205,User4205,user4205@example.com,25,78082
4206,User4206,user4206@example.com,33,95174
4207,User4207,user4207@example.com,36,75884
4208,User4208,user4208@example.com,55,59080
4209,User4209,user4209@example.com,69,62919
4210,User4210,user4210@example.com,42,54591
4211,User4211,user4211@example.com,66,84754
4212,User4212,user4212@example.com,67,40142
4213,User4213,user4213@example.com,38,38054
4214,User4214,user4214@example.com,39,84890
4215,User4215,user4215@example.com,67,31657
4216,User4216,user4216@example.com,68,88522
4217,User4217,user4217@example.com,31,72945
4218,User4218,user4218@example.com,38,94194
4219,User4219,user4219@example.com,65,68325
4220,User4220,user4220@example.com,39,86419
4221,User4221,user4221@example.com,27,87424
4222,User4222,user4222@example.com,49,99259
4223,User4223,user4223@example.com,58,59074
4224,User4224,user4224@example.com,57,58887
4225,User4225,user4225@example.com,62,56883
4226,User4226,user4226@example.com,59,64190
4227,User4227,user4227@example.com,69,69606
4228,User4228,user4228@example.com,32,73990
4229,User4229,user4229@example.com,54,96899
4230,User4230,user4230@example.com,66,41659
4231,User4231,user4231@example.com,57,35605
4232,User4232,user4232@example.com,41,84651
4233,User4233,user4233@example.com,66,31778
4234,User4234,user4234@example.com,40,64164
4235,User4235,user4235@example.com,61,94436
4236,User4236,user4236@example.com,21,42431
4237,User4237,user4237@example.com,56,86092
4238,User4238,user4238@example.com,22,75468
4239,User4239,user4239@example.com,35,40293
4240,User4240,user4240@example.com,56,39971
4241,User4241,user4241@example.com,39,52835
4242,User4242,user4242@example.com,38,39007
4243,User4243,user4243@example.com,66,68966
4244,User4244,user4244@example.com,51,41305
4245,User4245,user4245@example.com,66,63227
4246,User4246,user4246@example.com,41,38280
4247,User4247,user4247@example.com,46,77916
4248,User4248,user4248@example.com,68,54657
4249,User4249,user4249@example.com,33,56378
4250,User4250,user4250@example.com,56,58056
4251,User4251,user4251@example.com,35,92936
4252,User4252,user4252@example.com,47,91916
4253,User4253,user4253@example.com,62,62016
4254,User4254,user4254@example.com,27,60157
4255,User4255,user4255@example.com,49,42530
4256,User4256,user4256@example.com,37,69819
4257,User4257,user4257@example.com,28,65202
4258,User4258,user4258@example.com,57,47437
4259,User4259,user4259@example.com,69,71507
4260,User4260,user4260@example.com,62,45004
4261,User4261,user4261@example.com,40,67133
4262,User4262,user4262@example.com,43,81624
4263,User4263,user4263@example.com,62,61125
4264,User4264,user4264@example.com,41,81690
4265,User4265,user4265@example.com,62,98868
4266,User4266,user4266@example.com,23,42965
4267,User4267,user4267@example.com,25,58585
4268,User4268,user4268@example.com,67,85679
4269,User4269,user4269@example.com,28,71496
4270,User4270,user4270@example.com,25,71286
4271,User4271,user4271@example.com,53,97152
4272,User4272,user4272@example.com,27,64000
4273,User4273,user4273@example.com,60,99881
4274,User4274,user4274@example.com,41,52584
4275,User4275,user4275@example.com,50,37727
4276,User4276,user4276@example.com,20,57937
4277,User4277,user4277@example.com,59,98746
4278,User4278,user4278@example.com,61,38048
4279,User4279,user4279@example.com,44,85339
4280,User4280,user4280@example.com,32,91451
4281,User4281,user4281@example.com,51,89395
4282,User4282,user4282@example.com,30,44707
4283,User4283,user4283@example.com,46,39445
4284,User4284,user4284@example.com,59,69459
4285,User4285,user4285@example.com,66,84310
4286,User4286,user4286@example.com,23,34913
4287,User4287,user4287@example.com,58,59004
4288,User4288,user4288@example.com,24,78551
4289,User4289,user4289@example.com,58,73671
4290,User4290,user4290@example.com,48,95059
4291,User4291,user4291@example.com,47,45299
4292,User4292,user4292@example.com,54,90954
4293,User4293,user4293@example.com,28,61807
4294,User4294,user4294@example.com,35,92808
4295,User4295,user4295@example.com,47,73899
4296,User4296,user4296@example.com,47,55212
4297,User4297,user4297@example.com,43,74930
4298,User4298,user4298@example.com,20,64554
4299,User4299,user4299@example.com,56,90126
4300,User4300,user4300@example.com,67,67940
4301,User4301,user4301@example.com,48,47222
4302,User4302,user4302@example.com,37,54941
4303,User4303,user4303@example.com,21,61151
4304,User4304,user4304@example.com,54,41864
4305,User4305,user4305@example.com,65,74797
4306,User4306,user4306@example.com,37,99253
4307,User4307,user4307@example.com,40,48977
4308,User4308,user4308@example.com,25,80523
4309,User4309,user4309@example.com,69,83843
4310,User4310,user4310@example.com,65,85929
4311,User4311,user4311@example.com,50,75438
4312,User4312,user4312@example.com,62,97404
4313,User4313,user4313@example.com,32,52654
4314,User4314,user4314@example.com,35,31961
4315,User4315,user4315@example.com,50,95593
4316,User4316,user4316@example.com,58,91413
4317,User4317,user4317@example.com,37,70651
4318,User4318,user4318@example.com,37,77831
4319,User4319,user4319@example.com,51,37314
4320,User4320,user4320@example.com,46,83841
4321,User4321,user4321@example.com,24,31933
4322,User4322,user4322@example.com,46,89853
4323,User4323,user4323@example.com,32,46137
4324,User4324,user4324@example.com,26,84953
4325,User4325,user4325@example.com,50,83339
4326,User4326,user4326@example.com,51,45869
4327,User4327,user4327@example.com,22,72886
4328,User4328,user4328@example.com,32,34373
4329,User4329,user4329@example.com,60,96107
4330,User4330,user4330@example.com,68,98956
4331,User4331,user4331@example.com,46,76026
4332,User4332,user4332@example.com,45,62516
4333,User4333,user4333@example.com,52,81361
4334,User4334,user4334@example.com,37,52486
4335,User4335,user4335@example.com,52,67307
4336,User4336,user4336@example.com,31,44193
4337,User4337,user4337@example.com,56,87046
4338,User4338,user4338@example.com,24,33521
4339,User4339,user4339@example.com,21,38165
4340,User4340,user4340@example.com,50,89705
4341,User4341,user4341@example.com,20,77707
4342,User4342,user4342@example.com,52,56974
4343,User4343,user4343@example.com,23,67178
4344,User4344,user4344@example.com,25,46298
4345,User4345,user4345@example.com,39,37795
4346,User4346,user4346@example.com,30,97793
4347,User4347,user4347@example.com,40,96039
4348,User4348,user4348@example.com,65,61585
4349,User4349,user4349@example.com,55,78622
4350,User4350,user4350@example.com,23,54217
4351,User4351,user4351@example.com,34,60566
4352,User4352,user4352@example.com,24,85460
4353,User4353,user4353@example.com,28,73818
4354,User4354,user4354@example.com,47,87694
4355,User4355,user4355@example.com,59,33702
4356,User4356,user4356@example.com,27,78063
4357,User4357,user4357@example.com,47,50770
4358,User4358,user4358@example.com,56,35248
4359,User4359,user4359@example.com,38,84985
4360,User4360,user4360@example.com,30,66245
4361,User4361,user4361@example.com,59,49940
4362,User4362,user4362@example.com,30,46916
4363,User4363,user4363@example.com,41,49412
4364,User4364,user4364@example.com,45,36490
4365,User4365,user4365@example.com,21,69226
4366,User4366,user4366@example.com,56,73625
4367,User4367,user4367@example.com,40,41718
4368,User4368,user4368@example.com,60,44410
4369,User4369,user4369@example.com,64,72290
4370,User4370,user4370@example.com,56,76473
4371,User4371,user4371@example.com,35,96140
4372,User4372,user4372@example.com,28,89602
4373,User4373,user4373@example.com,23,73083
4374,User4374,user4374@example.com,26,32853
4375,User4375,user4375@example.com,52,32604
4376,User4376,user4376@example.com,58,71602
4377,User4377,user4377@example.com,61,54007
4378,User4378,user4378@example.com,24,43193
4379,User4379,user4379@example.com,65,82350
4380,User4380,user4380@example.com,49,99954
4381,User4381,user4381@example.com,46,70498
4382,User4382,user4382@example.com,28,35191
4383,User4383,user4383@example.com,32,33167
4384,User4384,user4384@example.com,24,47090
4385,User4385,user4385@example.com,51,54072
4386,User4386,user4386@example.com,31,57917
4387,User4387,user4387@example.com,22,63364
4388,User4388,user4388@example.com,46,57222
4389,User4389,user4389@example.com,60,93862
4390,User4390,user4390@example.com,33,99585
4391,User4391,user4391@example.com,62,70949
4392,User4392,user4392@example.com,51,38272
4393,User4393,user4393@example.com,66,80011
4394,User4394,user4394@example.com,22,80553
4395,User4395,user4395@example.com,46,47487
4396,User4396,user4396@example.com,69,30855
4397,User4397,user4397@example.com,39,69440
4398,User4398,user4398@example.com,32,84545
4399,User4399,user4399@example.com,23,93192
4400,User4400,user4400@example.com,66,74427
4401,User4401,user4401@example.com,21,41245
4402,User4402,user4402@example.com,57,85053
4403,User4403,user4403@example.com,48,86051
4404,User4404,user4404@example.com,62,67558
4405,User4405,user4405@example.com,54,76917
4406,User4406,user4406@example.com,30,92964
4407,User4407,user4407@example.com,58,37480
4408,User4408,user4408@example.com,49,41933
4409,User4409,user4409@example.com,26,36058
4410,User4410,user4410@example.com,27,93467
4411,User4411,user4411@example.com,31,72282
4412,User4412,user4412@example.com,25,87246
4413,User4413,user4413@example.com,30,39435
4414,User4414,user4414@example.com,62,33351
4415,User4415,user4415@example.com,26,62879
4416,User4416,user4416@example.com,64,96392
4417,User4417,user4417@example.com,57,47375
4418,User4418,user4418@example.com,53,65083
4419,User4419,user4419@example.com,50,47651
4420,User4420,user4420@example.com,47,66936
4421,User4421,user4421@example.com,43,92271
4422,User4422,user4422@example.com,66,41113
4423,User4423,user4423@example.com,27,88645
4424,User4424,user4424@example.com,65,46535
4425,User4425,user4425@example.com,45,92950
4426,User4426,user4426@example.com,47,88556
4427,User4427,user4427@example.com,32,44532
4428,User4428,user4428@example.com,28,75443
4429,User4429,user4429@example.com,49,67345
4430,User4430,user4430@example.com,20,92993
4431,User4431,user4431@example.com,27,39465
4432,User4432,user4432@example.com,24,51772
4433,User4433,user4433@example.com,43,71022
4434,User4434,user4434@example.com,56,56283
4435,User4435,user4435@example.com,42,31996
4436,User4436,user4436@example.com,33,56030
4437,User4437,user4437@example.com,60,90678
4438,User4438,user4438@example.com,28,30306
4439,User4439,user4439@example.com,46,42774
4440,User4440,user4440@example.com,58,41961
4441,User4441,user4441@example.com,59,68429
4442,User4442,user4442@example.com,59,51244
4443,User4443,user4443@example.com,41,87687
4444,User4444,user4444@example.com,30,80784
4445,User4445,user4445@example.com,40,63834
4446,User4446,user4446@example.com,52,44405
4447,User4447,user4447@example.com,42,42071
4448,User4448,user4448@example.com,35,75810
4449,User4449,user4449@example.com,39,74475
4450,User4450,user4450@example.com,66,95627
4451,User4451,user4451@example.com,51,45387
4452,User4452,user4452@example.com,52,34128
4453,User4453,user4453@example.com,58,36123
4454,User4454,user4454@example.com,46,73091
4455,User4455,user4455@example.com,30,57885
4456,User4456,user4456@example.com,68,59636
4457,User4457,user4457@example.com,59,93826
4458,User4458,user4458@example.com,55,60286
4459,User4459,user4459@example.com,58,48503
4460,User4460,user4460@example.com,65,62645
4461,User4461,user4461@example.com,28,90973
4462,User4462,user4462@example.com,28,63339
4463,User4463,user4463@example.com,45,93605
4464,User4464,user4464@example.com,55,76523
4465,User4465,user4465@example.com,35,56434
4466,User4466,user4466@example.com,65,68204
4467,User4467,user4467@example.com,69,82023
4468,User4468,user4468@example.com,65,31094
4469,User4469,user4469@example.com,20,36405
4470,User4470,user4470@example.com,38,99897
4471,User4471,user4471@example.com,29,49716
4472,User4472,user4472@example.com,26,37336
4473,User4473,user4473@example.com,46,58405
4474,User4474,user4474@example.com,62,74466
4475,User4475,user4475@example.com,25,54086
4476,User4476,user4476@example.com,44,43194
4477,User4477,user4477@example.com,36,52047
4478,User4478,user4478@example.com,33,54668
4479,User4479,user4479@example.com,64,93137
4480,User4480,user4480@example.com,36,91358
4481,User4481,user4481@example.com,66,33284
4482,User4482,user4482@example.com,62,69878
4483,User4483,user4483@example.com,60,99834
4484,User4484,user4484@example.com,26,90139
4485,User4485,user4485@example.com,57,32311
4486,User4486,user4486@example.com,66,70046
4487,User4487,user4487@example.com,57,83314
4488,User4488,user4488@example.com,29,57638
4489,User4489,user4489@example.com,45,77679
4490,User4490,user4490@example.com,21,40154
4491,User4491,user4491@example.com,21,38698
4492,User4492,user4492@example.com,24,69892
4493,User4493,user4493@example.com,68,77656
4494,User4494,user4494@example.com,56,93924
4495,User4495,user4495@example.com,65,80183
4496,User4496,user4496@example.com,53,52812
4497,User4497,user4497@example.com,68,31296
4498,User4498,user4498@example.com,56,86659
4499,User4499,user4499@example.com,60,86597
4500,User4500,user4500@example.com,68,56875
4501,User4501,user4501@example.com,52,72107
4502,User4502,user4502@example.com,60,30273
4503,User4503,user4503@example.com,48,68185
4504,User4504,user4504@example.com,29,69304
4505,User4505,user4505@example.com,25,85114
4506,User4506,user4506@example.com,66,85724
4507,User4507,user4507@example.com,49,58325
4508,User4508,user4508@example.com,48,81418
4509,User4509,user4509@example.com,53,69841
4510,User4510,user4510@example.com,33,47698
4511,User4511,user4511@example.com,22,69556
4512,User4512,user4512@example.com,58,81808
4513,User4513,user4513@example.com,57,87122
4514,User4514,user4514@example.com,65,35215
4515,User4515,user4515@example.com,38,62451
4516,User4516,user4516@example.com,48,73031
4517,User4517,user4517@example.com,30,88530
4518,User4518,user4518@example.com,65,50544
4519,User4519,user4519@example.com,23,30568
4520,User4520,user4520@example.com,56,42048
4521,User4521,user4521@example.com,43,87373
4522,User4522,user4522@example.com,56,62913
4523,User4523,user4523@example.com,22,63311
4524,User4524,user4524@example.com,63,78924
4525,User4525,user4525@example.com,48,59590
4526,User4526,user4526@example.com,62,71368
4527,User4527,user4527@example.com,57,36101
4528,User4528,user4528@example.com,20,70824
4529,User4529,user4529@example.com,28,62313
4530,User4530,user4530@example.com,42,69712
4531,User4531,user4531@example.com,31,37183
4532,User4532,user4532@example.com,67,42423
4533,User4533,user4533@example.com,40,93841
4534,User4534,user4534@example.com,41,45048
4535,User4535,user4535@example.com,38,93020
4536,User4536,user4536@example.com,25,42484
4537,User4537,user4537@example.com,59,31445
4538,User4538,user4538@example.com,47,70488
4539,User4539,user4539@example.com,67,41754
4540,User4540,user4540@example.com,60,49054
4541,User4541,user4541@example.com,67,66617
4542,User4542,user4542@example.com,37,90136
4543,User4543,user4543@example.com,67,40065
4544,User4544,user4544@example.com,45,55175
4545,User4545,user4545@example.com,67,60956
4546,User4546,user4546@example.com,60,95598
4547,User4547,user4547@example.com,42,80627
4548,User4548,user4548@example.com,68,47895
4549,User4549,user4549@example.com,44,35660
4550,User4550,user4550@example.com,26,52329
4551,User4551,user4551@example.com,33,81408
4552,User4552,user4552@example.com,27,52958
4553,User4553,user4553@example.com,40,66088
4554,User4554,user4554@example.com,43,37556
4555,User4555,user4555@example.com,50,97524
4556,User4556,user4556@example.com,43,91614
4557,User4557,user4557@example.com,65,81630
4558,User4558,user4558@example.com,53,92796
4559,User4559,user4559@example.com,42,59859
4560,User4560,user4560@example.com,49,63532
4561,User4561,user4561@example.com,65,79372
4562,User4562,user4562@example.com,46,31576
4563,User4563,user4563@example.com,53,68450
4564,User4564,user4564@example.com,43,56590
4565,User4565,user4565@example.com,37,66351
4566,User4566,user4566@example.com,32,65229
4567,User4567,user4567@example.com,66,31818
4568,User4568,user4568@example.com,28,85940
4569,User4569,user4569@example.com,64,63417
4570,User4570,user4570@example.com,28,65667
4571,User4571,user4571@example.com,49,65020
4572,User4572,user4572@example.com,55,32180
4573,User4573,user4573@example.com,51,62827
4574,User4574,user4574@example.com,59,99688
4575,User4575,user4575@example.com,33,85414
4576,User4576,user4576@example.com,43,97045
4577,User4577,user4577@example.com,41,92347
4578,User4578,user4578@example.com,56,94214
4579,User4579,user4579@example.com,59,82463
4580,User4580,user4580@example.com,28,35860
4581,User4581,user4581@example.com,34,97596
4582,User4582,user4582@example.com,59,40713
4583,User4583,user4583@example.com,60,78884
4584,User4584,user4584@example.com,66,74238
4585,User4585,user4585@example.com,44,46142
4586,User4586,user4586@example.com,45,46515
4587,User4587,user4587@example.com,27,89910
4588,User4588,user4588@example.com,60,31308
4589,User4589,user4589@example.com,23,33832
4590,User4590,user4590@example.com,60,96025
4591,User4591,user4591@example.com,62,71851
4592,User4592,user4592@example.com,43,84118
4593,User4593,user4593@example.com,35,67234
4594,User4594,user4594@example.com,49,55458
4595,User4595,user4595@example.com,39,38698
4596,User4596,user4596@example.com,63,99267
4597,User4597,user4597@example.com,29,33060
4598,User4598,user4598@example.com,28,41941
4599,User4599,user4599@example.com,64,38923
4600,User4600,user4600@example.com,66,66765
4601,User4601,user4601@example.com,40,99885
4602,User4602,user4602@example.com,49,56783
4603,User4603,user4603@example.com,53,45848
4604,User4604,user4604@example.com,27,38174
4605,User4605,user4605@example.com,44,33291
4606,User4606,user4606@example.com,50,82466
4607,User4607,user4607@example.com,50,93357
4608,User4608,user4608@example.com,40,49330
4609,User4609,user4609@example.com,61,66003
4610,User4610,user4610@example.com,68,91469
4611,User4611,user4611@example.com,58,45968
4612,User4612,user4612@example.com,24,51071
4613,User4613,user4613@example.com,20,79893
4614,User4614,user4614@example.com,65,71602
4615,User4615,user4615@example.com,27,40961
4616,User4616,user4616@example.com,23,32319
4617,User4617,user4617@example.com,31,77394
4618,User4618,user4618@example.com,33,33728
4619,User4619,user4619@example.com,62,91036
4620,User4620,user4620@example.com,52,30470
4621,User4621,user4621@example.com,62,38617
4622,User4622,user4622@example.com,37,45923
4623,User4623,user4623@example.com,32,41173
4624,User4624,user4624@example.com,41,82337
4625,User4625,user4625@example.com,66,61061
4626,User4626,user4626@example.com,22,86797
4627,User4627,user4627@example.com,64,50326
4628,User4628,user4628@example.com,62,66349
4629,User4629,user4629@example.com,29,69722
4630,User4630,user4630@example.com,45,80046
4631,User4631,user4631@example.com,40,32589
4632,User4632,user4632@example.com,35,63995
4633,User4633,user4633@example.com,26,95274
4634,User4634,user4634@example.com,61,54556
4635,User4635,user4635@example.com,69,89314
4636,User4636,user4636@example.com,47,74095
4637,User4637,user4637@example.com,58,50613
4638,User4638,user4638@example.com,33,32422
4639,User4639,user4639@example.com,33,70090
4640,User4640,user4640@example.com,23,37234
4641,User4641,user4641@example.com,21,39183
4642,User4642,user4642@example.com,51,64757
4643,User4643,user4643@example.com,66,60598
4644,User4644,user4644@example.com,40,46300
4645,User4645,user4645@example.com,36,63196
4646,User4646,user4646@example.com,30,40135
4647,User4647,user4647@example.com,29,84757
4648,User4648,user4648@example.com,43,77554
4649,User4649,user4649@example.com,40,34850
4650,User4650,user4650@example.com,59,60524
4651,User4651,user4651@example.com,25,35686
4652,User4652,user4652@example.com,36,31632
4653,User4653,user4653@example.com,36,38111
4654,User4654,user4654@example.com,49,80630
4655,User4655,user4655@example.com,57,31622
4656,User4656,user4656@example.com,36,54602
4657,User4657,user4657@example.com,20,76569
4658,User4658,user4658@example.com,36,82528
4659,User4659,user4659@example.com,65,78382
4660,User4660,user4660@example.com,69,72228
4661,User4661,user4661@example.com,30,39306
4662,User4662,user4662@example.com,30,58736
4663,User4663,user4663@example.com,36,79759
4664,User4664,user4664@example.com,26,80559
4665,User4665,user4665@example.com,55,59410
4666,User4666,user4666@example.com,49,93694
4667,User4667,user4667@example.com,55,37762
4668,User4668,user4668@example.com,27,57197
4669,User4669,user4669@example.com,34,60943
4670,User4670,user4670@example.com,66,74188
4671,User4671,user4671@example.com,24,50702
4672,User4672,user4672@example.com,64,48859
4673,User4673,user4673@example.com,39,80659
4674,User4674,user4674@example.com,44,86625
4675,User4675,user4675@example.com,49,72757
4676,User4676,user4676@example.com,39,92577
4677,User4677,user4677@example.com,22,41710
4678,User4678,user4678@example.com,53,52650
4679,User4679,user4679@example.com,26,94289
4680,User4680,user4680@example.com,41,70118
4681,User4681,user4681@example.com,63,57438
4682,User4682,user4682@example.com,48,93149
4683,User4683,user4683@example.com,50,68156
4684,User4684,user4684@example.com,60,82385
4685,User4685,user4685@example.com,49,76903
4686,User4686,user4686@example.com,49,41004
4687,User4687,user4687@example.com,49,98959
4688,User4688,user4688@example.com,23,65939
4689,User4689,user4689@example.com,42,69420
4690,User4690,user4690@example.com,32,93985
4691,User4691,user4691@example.com,21,41550
4692,User4692,user4692@example.com,57,68621
4693,User4693,user4693@example.com,34,70796
4694,User4694,user4694@example.com,23,84129
4695,User4695,user4695@example.com,39,44134
4696,User4696,user4696@example.com,42,44854
4697,User4697,user4697@example.com,64,75343
4698,User4698,user4698@example.com,44,90872
4699,User4699,user4699@example.com,47,60877
4700,User4700,user4700@example.com,53,70010
4701,User4701,user4701@example.com,67,61409
4702,User4702,user4702@example.com,42,45332
4703,User4703,user4703@example.com,57,77592
4704,User4704,user4704@example.com,65,90925
4705,User4705,user4705@example.com,40,80787
4706,User4706,user4706@example.com,64,82780
4707,User4707,user4707@example.com,30,75685
4708,User4708,user4708@example.com,32,78820
4709,User4709,user4709@example.com,37,38497
4710,User4710,user4710@example.com,61,70543
4711,User4711,user4711@example.com,58,34202
4712,User4712,user4712@example.com,56,87471
4713,User4713,user4713@example.com,55,49350
4714,User4714,user4714@example.com,53,48947
4715,User4715,user4715@example.com,64,58070
4716,User4716,user4716@example.com,65,54189
4717,User4717,user4717@example.com,69,30416
4718,User4718,user4718@example.com,56,64232
4719,User4719,user4719@example.com,22,57588
4720,User4720,user4720@example.com,45,89903
4721,User4721,user4721@example.com,67,69970
4722,User4722,user4722@example.com,46,31892
4723,User4723,user4723@example.com,29,81704
4724,User4724,user4724@example.com,44,38841
4725,User4725,user4725@example.com,26,52257
4726,User4726,user4726@example.com,32,83546
4727,User4727,user4727@example.com,37,79525
4728,User4728,user4728@example.com,65,53653
4729,User4729,user4729@example.com,23,42849
4730,User4730,user4730@example.com,68,50380
4731,User4731,user4731@example.com,25,86266
4732,User4732,user4732@example.com,43,48016
4733,User4733,user4733@example.com,51,76198
4734,User4734,user4734@example.com,28,30782
4735,User4735,user4735@example.com,68,98768
4736,User4736,user4736@example.com,23,73507
4737,User4737,user4737@example.com,23,32220
4738,User4738,user4738@example.com,69,48058
4739,User4739,user4739@example.com,48,38426
4740,User4740,user4740@example.com,39,75856
4741,User4741,user4741@example.com,31,37593
4742,User4742,user4742@example.com,44,58390
4743,User4743,user4743@example.com,21,76571
4744,User4744,user4744@example.com,53,50861
4745,User4745,user4745@example.com,25,86753
4746,User4746,user4746@example.com,62,65585
4747,User4747,user4747@example.com,49,87207
4748,User4748,user4748@example.com,49,51344
4749,User4749,user4749@example.com,58,97687
4750,User4750,user4750@example.com,45,74869
4751,User4751,user4751@example.com,60,43488
4752,User4752,user4752@example.com,58,44922
4753,User4753,user4753@example.com,48,38028
4754,User4754,user4754@example.com,39,68176
4755,User4755,user4755@example.com,58,97841
4756,User4756,user4756@example.com,22,57413
4757,User4757,user4757@example.com,50,57069
4758,User4758,user4758@example.com,69,84353
4759,User4759,user4759@example.com,39,30467
4760,User4760,user4760@example.com,32,54838
4761,User4761,user4761@example.com,45,71329
4762,User4762,user4762@example.com,21,85750
4763,User4763,user4763@example.com,47,88453
4764,User4764,user4764@example.com,65,72537
4765,User4765,user4765@example.com,20,89331
4766,User4766,user4766@example.com,45,56464
4767,User4767,user4767@example.com,27,33473
4768,User4768,user4768@example.com,46,88428
4769,User4769,user4769@example.com,48,31193
4770,User4770,user4770@example.com,25,82264
4771,User4771,user4771@example.com,22,99710
4772,User4772,user4772@example.com,67,90329
4773,User4773,user4773@example.com,48,38471
4774,User4774,user4774@example.com,24,50821
4775,User4775,user4775@example.com,55,81763
4776,User4776,user4776@example.com,43,33802
4777,User4777,user4777@example.com,21,31655
4778,User4778,user4778@example.com,22,68421
4779,User4779,user4779@example.com,40,40336
4780,User4780,user4780@example.com,53,58415
4781,User4781,user4781@example.com,30,36630
4782,User4782,user4782@example.com,46,42469
4783,User4783,user4783@example.com,32,88936
4784,User4784,user4784@example.com,64,48795
4785,User4785,user4785@example.com,50,44797
4786,User4786,user4786@example.com,61,96668
4787,User4787,user4787@example.com,67,94442
4788,User4788,user4788@example.com,57,96541
4789,User4789,user4789@example.com,46,31602
4790,User4790,user4790@example.com,20,34889
4791,User4791,user4791@example.com,25,62880
4792,User4792,user4792@example.com,26,80509
4793,User4793,user4793@example.com,21,78513
4794,User4794,user4794@example.com,68,49689
4795,User4795,user4795@example.com,62,70869
4796,User4796,user4796@example.com,57,63286
4797,User4797,user4797@example.com,36,54718
4798,User4798,user4798@example.com,37,93639
4799,User4799,user4799@example.com,29,97410
4800,User4800,user4800@example.com,21,46774
4801,User4801,user4801@example.com,62,71192
4802,User4802,user4802@example.com,37,75041
4803,User4803,user4803@example.com,24,60401
4804,User4804,user4804@example.com,30,55184
4805,User4805,user4805@example.com,67,43588
4806,User4806,user4806@example.com,24,73461
4807,User4807,user4807@example.com,24,83968
4808,User4808,user4808@example.com,58,35600
4809,User4809,user4809@example.com,58,92244
4810,User4810,user4810@example.com,30,79935
4811,User4811,user4811@example.com,21,50874
4812,User4812,user4812@example.com,34,40453
4813,User4813,user4813@example.com,39,39897
4814,User4814,user4814@example.com,55,49451
4815,User4815,user4815@example.com,58,30483
4816,User4816,user4816@example.com,39,73535
4817,User4817,user4817@example.com,20,56928
4818,User4818,user4818@example.com,28,48426
4819,User4819,user4819@example.com,60,47318
4820,User4820,user4820@example.com,47,73204
4821,User4821,user4821@example.com,66,91051
4822,User4822,user4822@example.com,20,77393
4823,User4823,user4823@example.com,55,48460
4824,User4824,user4824@example.com,65,91373
4825,User4825,user4825@example.com,29,65775
4826,User4826,user4826@example.com,62,81551
4827,User4827,user4827@example.com,30,34465
4828,User4828,user4828@example.com,29,98641
4829,User4829,user4829@example.com,66,83808
4830,User4830,user4830@example.com,22,35179
4831,User4831,user4831@example.com,69,83957
4832,User4832,user4832@example.com,61,38008
4833,User4833,user4833@example.com,67,80384
4834,User4834,user4834@example.com,47,81390
4835,User4835,user4835@example.com,46,69129
4836,User4836,user4836@example.com,65,81138
4837,User4837,user4837@example.com,33,78021
4838,User4838,user4838@example.com,50,98592
4839,User4839,user4839@example.com,42,35062
4840,User4840,user4840@example.com,65,73436
4841,User4841,user4841@example.com,26,36750
4842,User4842,user4842@example.com,63,58762
4843,User4843,user4843@example.com,47,49280
4844,User4844,user4844@example.com,20,94227
4845,User4845,user4845@example.com,62,80934
4846,User4846,user4846@example.com,43,66346
4847,User4847,user4847@example.com,28,38948
4848,User4848,user4848@example.com,42,76081
4849,User4849,user4849@example.com,44,94905
4850,User4850,user4850@example.com,56,92047
4851,User4851,user4851@example.com,26,96325
4852,User4852,user4852@example.com,60,76799
4853,User4853,user4853@example.com,59,46956
4854,User4854,user4854@example.com,67,35922
4855,User4855,user4855@example.com,64,82130
4856,User4856,user4856@example.com,26,94764
4857,User4857,user4857@example.com,59,88512
4858,User4858,user4858@example.com,62,37896
4859,User4859,user4859@example.com,66,82966
4860,User4860,user4860@example.com,20,99241
4861,User4861,user4861@example.com,43,78446
4862,User4862,user4862@example.com,41,33274
4863,User4863,user4863@example.com,36,55128
4864,User4864,user4864@example.com,38,36620
4865,User4865,user4865@example.com,23,47123
4866,User4866,user4866@example.com,41,43749
4867,User4867,user4867@example.com,52,36505
4868,User4868,user4868@example.com,20,58873
4869,User4869,user4869@example.com,31,38589
4870,User4870,user4870@example.com,61,98628
4871,User4871,user4871@example.com,53,57163
4872,User4872,user4872@example.com,28,85408
4873,User4873,user4873@example.com,23,63794
4874,User4874,user4874@example.com,58,50814
4875,User4875,user4875@example.com,65,59698
4876,User4876,user4876@example.com,27,38187
4877,User4877,user4877@example.com,27,58911
4878,User4878,user4878@example.com,52,77231
4879,User4879,user4879@example.com,28,85293
4880,User4880,user4880@example.com,40,85547
4881,User4881,user4881@example.com,60,75935
4882,User4882,user4882@example.com,39,93626
4883,User4883,user4883@example.com,37,98393
4884,User4884,user4884@example.com,59,71950
4885,User4885,user4885@example.com,37,58577
4886,User4886,user4886@example.com,54,92764
4887,User4887,user4887@example.com,64,42360
4888,User4888,user4888@example.com,50,60603
4889,User4889,user4889@example.com,65,77135
4890,User4890,user4890@example.com,50,51465
4891,User4891,user4891@example.com,38,58378
4892,User4892,user4892@example.com,49,44312
4893,User4893,user4893@example.com,30,70623
4894,User4894,user4894@example.com,42,57988
4895,User4895,user4895@example.com,23,45064
4896,User4896,user4896@example.com,68,63191
4897,User4897,user4897@example.com,21,53405
4898,User4898,user4898@example.com,57,56720
4899,User4899,user4899@example.com,48,40231
4900,User4900,user4900@example.com,66,40280
4901,User4901,user4901@example.com,61,47999
4902,User4902,user4902@example.com,52,41931
4903,User4903,user4903@example.com,25,74391
4904,User4904,user4904@example.com,44,62115
4905,User4905,user4905@example.com,56,65984
4906,User4906,user4906@example.com,40,60097
4907,User4907,user4907@example.com,43,89261
4908,User4908,user4908@example.com,23,54553
4909,User4909,user4909@example.com,56,34612
4910,User4910,user4910@example.com,50,53377
4911,User4911,user4911@example.com,42,40988
4912,User4912,user4912@example.com,55,33641
4913,User4913,user4913@example.com,68,37728
4914,User4914,user4914@example.com,33,31977
4915,User4915,user4915@example.com,49,83971
4916,User4916,user4916@example.com,36,67404
4917,User4917,user4917@example.com,23,91392
4918,User4918,user4918@example.com,66,97165
4919,User4919,user4919@example.com,46,49004
4920,User4920,user4920@example.com,26,60387
4921,User4921,user4921@example.com,43,68794
4922,User4922,user4922@example.com,55,84935
4923,User4923,user4923@example.com,33,57102
4924,User4924,user4924@example.com,34,76955
4925,User4925,user4925@example.com,22,77884
4926,User4926,user4926@example.com,24,43162
4927,User4927,user4927@example.com,24,70539
4928,User4928,user4928@example.com,50,59638
4929,User4929,user4929@example.com,36,81545
4930,User4930,user4930@example.com,55,50249
4931,User4931,user4931@example.com,28,99369
4932,User4932,user4932@example.com,65,42397
4933,User4933,user4933@example.com,25,53552
4934,User4934,user4934@example.com,61,52111
4935,User4935,user4935@example.com,20,61074
4936,User4936,user4936@example.com,43,72416
4937,User4937,user4937@example.com,57,65794
4938,User4938,user4938@example.com,20,91659
4939,User4939,user4939@example.com,32,32187
4940,User4940,user4940@example.com,32,33943
4941,User4941,user4941@example.com,32,58706
4942,User4942,user4942@example.com,24,55296
4943,User4943,user4943@example.com,38,48873
4944,User4944,user4944@example.com,46,62375
4945,User4945,user4945@example.com,47,70131
4946,User4946,user4946@example.com,22,94917
4947,User4947,user4947@example.com,36,60077
4948,User4948,user4948@example.com,61,69619
4949,User4949,user4949@example.com,59,86455
4950,User4950,user4950@example.com,30,99349
4951,User4951,user4951@example.com,51,54480
4952,User4952,user4952@example.com,66,69128
4953,User4953,user4953@example.com,69,45269
4954,User4954,user4954@example.com,45,75791
4955,User4955,user4955@example.com,55,86327
4956,User4956,user4956@example.com,22,30774
4957,User4957,user4957@example.com,37,52277
4958,User4958,user4958@example.com,47,48147
4959,User4959,user4959@example.com,29,96358
4960,User4960,user4960@example.com,44,89277
4961,User4961,user4961@example.com,66,77817
4962,User4962,user4962@example.com,51,44333
4963,User4963,user4963@example.com,54,95600
4964,User4964,user4964@example.com,65,65704
4965,User4965,user4965@example.com,44,37267
4966,User4966,user4966@example.com,68,65890
4967,User4967,user4967@example.com,51,50195
4968,User4968,user4968@example.com,58,72185
4969,User4969,user4969@example.com,64,97393
4970,User4970,user4970@example.com,59,35179
4971,User4971,user4971@example.com,65,77184
4972,User4972,user4972@example.com,37,57081
4973,User4973,user4973@example.com,59,82640
4974,User4974,user4974@example.com,58,48765
4975,User4975,user4975@example.com,33,85597
4976,User4976,user4976@example.com,23,60123
4977,User4977,user4977@example.com,65,62644
4978,User4978,user4978@example.com,51,68623
4979,User4979,user4979@example.com,59,91783
4980,User4980,user4980@example.com,33,37961
4981,User4981,user4981@example.com,26,51638
4982,User4982,user4982@example.com,68,52604
4983,User4983,user4983@example.com,34,78000
4984,User4984,user4984@example.com,59,86895
4985,User4985,user4985@example.com,37,68577
4986,User4986,user4986@example.com,31,64131
4987,User4987,user4987@example.com,52,58653
4988,User4988,user4988@example.com,32,79990
4989,User4989,user4989@example.com,25,85239
4990,User4990,user4990@example.com,65,84095
4991,User4991,user4991@example.com,39,96637
4992,User4992,user4992@example.com,55,67842
4993,User4993,user4993@example.com,47,51323
4994,User4994,user4994@example.com,46,43933
4995,User4995,user4995@example.com,67,89164
4996,User4996,user4996@example.com,29,31299
4997,User4997,user4997@example.com,27,32257
4998,User4998,user4998@example.com,21,91427
4999,User4999,user4999@example.com,58,41909
5000,User5000,user5000@example.com,69,65940
5001,User5001,user5001@example.com,68,50775
5002,User5002,user5002@example.com,32,62655
5003,User5003,user5003@example.com,23,54258
5004,User5004,user5004@example.com,37,60739
5005,User5005,user5005@example.com,24,59860
5006,User5006,user5006@example.com,26,42676
5007,User5007,user5007@example.com,57,78134
5008,User5008,user5008@example.com,40,38804
5009,User5009,user5009@example.com,44,37998
5010,User5010,user5010@example.com,57,57890
5011,User5011,user5011@example.com,41,88100
5012,User5012,user5012@example.com,42,87316
5013,User5013,user5013@example.com,26,98664
5014,User5014,user5014@example.com,26,65314
5015,User5015,user5015@example.com,36,35333
5016,User5016,user5016@example.com,22,64505
5017,User5017,user5017@example.com,22,84583
5018,User5018,user5018@example.com,44,82824
5019,User5019,user5019@example.com,22,77125
5020,User5020,user5020@example.com,45,73225
5021,User5021,user5021@example.com,45,89228
5022,User5022,user5022@example.com,32,70550
5023,User5023,user5023@example.com,45,65446
5024,User5024,user5024@example.com,25,33785
5025,User5025,user5025@example.com,51,92773
5026,User5026,user5026@example.com,69,77094
5027,User5027,user5027@example.com,59,59841
5028,User5028,user5028@example.com,42,43657
5029,User5029,user5029@example.com,33,53120
5030,User5030,user5030@example.com,20,87330
5031,User5031,user5031@example.com,47,55230
5032,User5032,user5032@example.com,58,81040
5033,User5033,user5033@example.com,65,55894
5034,User5034,user5034@example.com,57,47705
5035,User5035,user5035@example.com,66,52705
5036,User5036,user5036@example.com,41,52996
5037,User5037,user5037@example.com,33,36520
5038,User5038,user5038@example.com,61,77937
5039,User5039,user5039@example.com,60,87074
5040,User5040,user5040@example.com,31,73035
5041,User5041,user5041@example.com,26,49881
5042,User5042,user5042@example.com,45,59125
5043,User5043,user5043@example.com,57,74988
5044,User5044,user5044@example.com,44,79626
5045,User5045,user5045@example.com,48,64344
5046,User5046,user5046@example.com,26,79579
5047,User5047,user5047@example.com,50,82513
5048,User5048,user5048@example.com,43,68857
5049,User5049,user5049@example.com,42,46107
5050,User5050,user5050@example.com,48,58835
5051,User5051,user5051@example.com,57,32580
5052,User5052,user5052@example.com,35,33791
5053,User5053,user5053@example.com,47,86403
5054,User5054,user5054@example.com,22,49945
5055,User5055,user5055@example.com,31,68908
5056,User5056,user5056@example.com,29,56623
5057,User5057,user5057@example.com,65,76545
5058,User5058,user5058@example.com,60,50549
5059,User5059,user5059@example.com,66,55515
5060,User5060,user5060@example.com,67,82653
5061,User5061,user5061@example.com,68,54083
5062,User5062,user5062@example.com,31,45510
5063,User5063,user5063@example.com,54,53800
5064,User5064,user5064@example.com,28,96713
5065,User5065,user5065@example.com,59,77637
5066,User5066,user5066@example.com,55,64732
5067,User5067,user5067@example.com,25,67397
5068,User5068,user5068@example.com,33,94329
5069,User5069,user5069@example.com,62,69981
5070,User5070,user5070@example.com,53,34469
5071,User5071,user5071@example.com,28,34546
5072,User5072,user5072@example.com,43,99781
5073,User5073,user5073@example.com,27,95778
5074,User5074,user5074@example.com,29,34951
5075,User5075,user5075@example.com,33,70292
5076,User5076,user5076@example.com,49,75173
5077,User5077,user5077@example.com,64,81736
5078,User5078,user5078@example.com,63,51078
5079,User5079,user5079@example.com,41,36688
5080,User5080,user5080@example.com,54,50401
5081,User5081,user5081@example.com,61,93611
5082,User5082,user5082@example.com,26,87523
5083,User5083,user5083@example.com,57,53611
5084,User5084,user5084@example.com,33,44777
5085,User5085,user5085@example.com,38,74281
5086,User5086,user5086@example.com,27,91832
5087,User5087,user5087@example.com,65,62041
5088,User5088,user5088@example.com,41,32697
5089,User5089,user5089@example.com,31,82616
5090,User5090,user5090@example.com,58,67622
5091,User5091,user5091@example.com,29,45608
5092,User5092,user5092@example.com,25,81447
5093,User5093,user5093@example.com,51,60614
5094,User5094,user5094@example.com,34,36302
5095,User5095,user5095@example.com,67,91398
5096,User5096,user5096@example.com,41,36096
5097,User5097,user5097@example.com,42,85697
5098,User5098,user5098@example.com,29,43646
5099,User5099,user5099@example.com,58,45220
5100,User5100,user5100@example.com,23,60915
5101,User5101,user5101@example.com,26,83282
5102,User5102,user5102@example.com,67,64316
5103,User5103,user5103@example.com,45,42721
5104,User5104,user5104@example.com,43,31901
5105,User5105,user5105@example.com,65,67927
5106,User5106,user5106@example.com,26,91213
5107,User5107,user5107@example.com,65,53524
5108,User5108,user5108@example.com,65,94630
5109,User5109,user5109@example.com,69,61520
5110,User5110,user5110@example.com,60,84001
5111,User5111,user5111@example.com,43,59721
5112,User5112,user5112@example.com,37,68592
5113,User5113,user5113@example.com,58,39324
5114,User5114,user5114@example.com,59,47592
5115,User5115,user5115@example.com,41,71785
5116,User5116,user5116@example.com,42,32129
5117,User5117,user5117@example.com,28,39629
5118,User5118,user5118@example.com,42,40953
5119,User5119,user5119@example.com,28,52010
5120,User5120,user5120@example.com,53,90223
5121,User5121,user5121@example.com,48,43643
5122,User5122,user5122@example.com,33,86161
5123,User5123,user5123@example.com,44,78104
5124,User5124,user5124@example.com,51,98801
5125,User5125,user5125@example.com,62,31615
5126,User5126,user5126@example.com,26,48505
5127,User5127,user5127@example.com,61,61525
5128,User5128,user5128@example.com,54,94738
5129,User5129,user5129@example.com,40,33298
5130,User5130,user5130@example.com,59,58919
5131,User5131,user5131@example.com,30,93289
5132,User5132,user5132@example.com,59,40974
5133,User5133,user5133@example.com,65,63329
5134,User5134,user5134@example.com,64,79739
5135,User5135,user5135@example.com,49,64705
5136,User5136,user5136@example.com,64,80132
5137,User5137,user5137@example.com,43,91723
5138,User5138,user5138@example.com,53,56734
5139,User5139,user5139@example.com,28,34294
5140,User5140,user5140@example.com,33,70585
5141,User5141,user5141@example.com,67,82491
5142,User5142,user5142@example.com,69,78022
5143,User5143,user5143@example.com,39,37149
5144,User5144,user5144@example.com,39,58136
5145,User5145,user5145@example.com,29,64654
5146,User5146,user5146@example.com,60,59852
5147,User5147,user5147@example.com,38,82314
5148,User5148,user5148@example.com,51,88307
5149,User5149,user5149@example.com,44,60328
5150,User5150,user5150@example.com,26,93613
5151,User5151,user5151@example.com,31,72190
5152,User5152,user5152@example.com,67,68919
5153,User5153,user5153@example.com,64,93446
5154,User5154,user5154@example.com,35,49099
5155,User5155,user5155@example.com,65,79698
5156,User5156,user5156@example.com,30,47822
5157,User5157,user5157@example.com,57,68195
5158,User5158,user5158@example.com,62,32085
5159,User5159,user5159@example.com,34,87235
5160,User5160,user5160@example.com,50,76619
5161,User5161,user5161@example.com,45,66108
5162,User5162,user5162@example.com,68,47062
5163,User5163,user5163@example.com,58,64180
5164,User5164,user5164@example.com,45,59772
5165,User5165,user5165@example.com,24,67648
5166,User5166,user5166@example.com,48,74406
5167,User5167,user5167@example.com,63,87660
5168,User5168,user5168@example.com,42,59706
5169,User5169,user5169@example.com,51,82301
5170,User5170,user5170@example.com,32,74494
5171,User5171,user5171@example.com,37,47735
5172,User5172,user5172@example.com,29,44030
5173,User5173,user5173@example.com,22,70185
5174,User5174,user5174@example.com,38,67835
5175,User5175,user5175@example.com,25,58345
5176,User5176,user5176@example.com,26,31375
5177,User5177,user5177@example.com,67,68848
5178,User5178,user5178@example.com,53,67240
5179,User5179,user5179@example.com,35,76276
5180,User5180,user5180@example.com,57,49283
5181,User5181,user5181@example.com,63,94939
5182,User5182,user5182@example.com,55,72850
5183,User5183,user5183@example.com,56,55041
5184,User5184,user5184@example.com,69,64353
5185,User5185,user5185@example.com,42,67350
5186,User5186,user5186@example.com,45,48876
5187,User5187,user5187@example.com,49,88137
5188,User5188,user5188@example.com,33,57850
5189,User5189,user5189@example.com,69,43157
5190,User5190,user5190@example.com,45,86276
5191,User5191,user5191@example.com,32,46342
5192,User5192,user5192@example.com,59,54088
5193,User5193,user5193@example.com,25,30244
5194,User5194,user5194@example.com,37,57762
5195,User5195,user5195@example.com,27,36298
5196,User5196,user5196@example.com,50,93726
5197,User5197,user5197@example.com,61,58926
5198,User5198,user5198@example.com,44,33564
5199,User5199,user5199@example.com,58,36581
5200,User5200,user5200@example.com,22,54281
5201,User5201,user5201@example.com,65,47525
5202,User5202,user5202@example.com,45,60254
5203,User5203,user5203@example.com,55,51247
5204,User5204,user5204@example.com,43,60819
5205,User5205,user5205@example.com,44,69798
5206,User5206,user5206@example.com,43,39585
5207,User5207,user5207@example.com,53,68516
5208,User5208,user5208@example.com,28,74344
5209,User5209,user5209@example.com,54,37860
5210,User5210,user5210@example.com,45,49258
5211,User5211,user5211@example.com,42,64717
5212,User5212,user5212@example.com,62,93816
5213,User5213,user5213@example.com,42,32833
5214,User5214,user5214@example.com,24,96941
5215,User5215,user5215@example.com,63,55068
5216,User5216,user5216@example.com,46,70142
5217,User5217,user5217@example.com,22,79729
5218,User5218,user5218@example.com,26,53851
5219,User5219,user5219@example.com,61,69375
5220,User5220,user5220@example.com,67,83091
5221,User5221,user5221@example.com,68,33089
5222,User5222,user5222@example.com,21,53904
5223,User5223,user5223@example.com,34,33375
5224,User5224,user5224@example.com,47,80032
5225,User5225,user5225@example.com,37,93514
5226,User5226,user5226@example.com,60,70087
5227,User5227,user5227@example.com,58,34141
5228,User5228,user5228@example.com,59,80613
5229,User5229,user5229@example.com,24,46185
5230,User5230,user5230@example.com,42,66733
5231,User5231,user5231@example.com,45,34678
5232,User5232,user5232@example.com,27,36819
5233,User5233,user5233@example.com,36,88698
5234,User5234,user5234@example.com,56,90723
5235,User5235,user5235@example.com,66,75590
5236,User5236,user5236@example.com,27,84848
5237,User5237,user5237@example.com,57,52519
5238,User5238,user5238@example.com,44,62717
5239,User5239,user5239@example.com,46,33022
5240,User5240,user5240@example.com,44,86126
5241,User5241,user5241@example.com,55,62175
5242,User5242,user5242@example.com,48,56010
5243,User5243,user5243@example.com,43,69798
5244,User5244,user5244@example.com,49,36160
5245,User5245,user5245@example.com,35,45049
5246,User5246,user5246@example.com,45,79848
5247,User5247,user5247@example.com,26,99548
5248,User5248,user5248@example.com,66,70074
5249,User5249,user5249@example.com,69,55903
5250,User5250,user5250@example.com,31,92685
5251,User5251,user5251@example.com,59,90637
5252,User5252,user5252@example.com,55,69522
5253,User5253,user5253@example.com,31,42560
5254,User5254,user5254@example.com,61,40065
5255,User5255,user5255@example.com,22,92833
5256,User5256,user5256@example.com,58,72587
5257,User5257,user5257@example.com,62,89387
5258,User5258,user5258@example.com,24,45220
5259,User5259,user5259@example.com,55,82515
5260,User5260,user5260@example.com,60,70139
5261,User5261,user5261@example.com,44,43337
5262,User5262,user5262@example.com,56,89141
5263,User5263,user5263@example.com,28,78851
5264,User5264,user5264@example.com,24,52134
5265,User5265,user5265@example.com,23,55247
5266,User5266,user5266@example.com,20,85028
5267,User5267,user5267@example.com,44,35632
5268,User5268,user5268@example.com,45,34164
5269,User5269,user5269@example.com,36,97410
5270,User5270,user5270@example.com,27,52476
5271,User5271,user5271@example.com,53,75933
5272,User5272,user5272@example.com,67,73795
5273,User5273,user5273@example.com,25,58067
5274,User5274,user5274@example.com,31,33666
5275,User5275,user5275@example.com,40,73515
5276,User5276,user5276@example.com,24,68408
5277,User5277,user5277@example.com,67,47204
5278,User5278,user5278@example.com,31,34042
5279,User5279,user5279@example.com,37,92417
5280,User5280,user5280@example.com,36,44998
5281,User5281,user5281@example.com,55,62975
5282,User5282,user5282@example.com,57,64728
5283,User5283,user5283@example.com,50,37206
5284,User5284,user5284@example.com,60,30137
5285,User5285,user5285@example.com,43,67353
5286,User5286,user5286@example.com,25,63850
5287,User5287,user5287@example.com,53,44687
5288,User5288,user5288@example.com,60,74436
5289,User5289,user5289@example.com,45,96608
5290,User5290,user5290@example.com,59,44016
5291,User5291,user5291@example.com,28,55949
5292,User5292,user5292@example.com,38,39869
5293,User5293,user5293@example.com,24,47904
5294,User5294,user5294@example.com,40,54192
5295,User5295,user5295@example.com,60,48761
5296,User5296,user5296@example.com,62,84189
5297,User5297,user5297@example.com,36,80515
5298,User5298,user5298@example.com,24,42631
5299,User5299,user5299@example.com,35,76298
5300,User5300,user5300@example.com,26,36178
5301,User5301,user5301@example.com,35,63553
5302,User5302,user5302@example.com,22,95340
5303,User5303,user5303@example.com,43,47863
5304,User5304,user5304@example.com,38,36669
5305,User5305,user5305@example.com,28,34170
5306,User5306,user5306@example.com,62,91011
5307,User5307,user5307@example.com,59,83355
5308,User5308,user5308@example.com,51,87790
5309,User5309,user5309@example.com,53,97192
5310,User5310,user5310@example.com,38,74870
5311,User5311,user5311@example.com,33,74138
5312,User5312,user5312@example.com,38,90315
5313,User5313,user5313@example.com,64,89711
5314,User5314,user5314@example.com,53,98621
5315,User5315,user5315@example.com,24,97603
5316,User5316,user5316@example.com,51,85973
5317,User5317,user5317@example.com,35,64744
5318,User5318,user5318@example.com,25,77860
5319,User5319,user5319@example.com,45,71860
5320,User5320,user5320@example.com,43,81934
5321,User5321,user5321@example.com,53,57000
5322,User5322,user5322@example.com,54,40898
5323,User5323,user5323@example.com,67,98272
5324,User5324,user5324@example.com,46,88700
5325,User5325,user5325@example.com,36,84889
5326,User5326,user5326@example.com,66,44114
5327,User5327,user5327@example.com,32,50583
5328,User5328,user5328@example.com,60,63528
5329,User5329,user5329@example.com,48,75004
5330,User5330,user5330@example.com,43,82460
5331,User5331,user5331@example.com,20,94723
5332,User5332,user5332@example.com,63,49467
5333,User5333,user5333@example.com,62,82833
5334,User5334,user5334@example.com,30,47047
5335,User5335,user5335@example.com,56,36447
5336,User5336,user5336@example.com,38,72741
5337,User5337,user5337@example.com,34,75060
5338,User5338,user5338@example.com,58,68992
5339,User5339,user5339@example.com,24,57208
5340,User5340,user5340@example.com,32,42812
5341,User5341,user5341@example.com,63,62178
5342,User5342,user5342@example.com,30,59815
5343,User5343,user5343@example.com,50,61477
5344,User5344,user5344@example.com,62,71881
5345,User5345,user5345@example.com,49,84522
5346,User5346,user5346@example.com,51,57224
5347,User5347,user5347@example.com,66,36346
5348,User5348,user5348@example.com,26,32513
5349,User5349,user5349@example.com,44,40973
5350,User5350,user5350@example.com,61,75474
5351,User5351,user5351@example.com,26,78404
5352,User5352,user5352@example.com,42,38385
5353,User5353,user5353@example.com,58,55061
5354,User5354,user5354@example.com,24,34486
5355,User5355,user5355@example.com,54,54518
5356,User5356,user5356@example.com,43,50615
5357,User5357,user5357@example.com,32,99011
5358,User5358,user5358@example.com,43,81992
5359,User5359,user5359@example.com,32,86061
5360,User5360,user5360@example.com,63,39907
5361,User5361,user5361@example.com,53,38460
5362,User5362,user5362@example.com,62,58803
5363,User5363,user5363@example.com,68,40103
5364,User5364,user5364@example.com,67,37972
5365,User5365,user5365@example.com,23,59929
5366,User5366,user5366@example.com,44,62114
5367,User5367,user5367@example.com,47,64321
5368,User5368,user5368@example.com,22,60397
5369,User5369,user5369@example.com,23,38842
5370,User5370,user5370@example.com,34,46502
5371,User5371,user5371@example.com,52,85392
5372,User5372,user5372@example.com,28,94911
5373,User5373,user5373@example.com,41,90792
5374,User5374,user5374@example.com,68,50299
5375,User5375,user5375@example.com,21,46795
5376,User5376,user5376@example.com,28,39906
5377,User5377,user5377@example.com,51,63674
5378,User5378,user5378@example.com,62,59692
5379,User5379,user5379@example.com,23,66595
5380,User5380,user5380@example.com,56,75524
5381,User5381,user5381@example.com,22,45820
5382,User5382,user5382@example.com,22,97705
5383,User5383,user5383@example.com,60,60058
5384,User5384,user5384@example.com,58,34959
5385,User5385,user5385@example.com,21,85174
5386,User5386,user5386@example.com,29,69301
5387,User5387,user5387@example.com,53,97967
5388,User5388,user5388@example.com,27,51215
5389,User5389,user5389@example.com,38,64267
5390,User5390,user5390@example.com,55,66666
5391,User5391,user5391@example.com,52,94656
5392,User5392,user5392@example.com,34,35777
5393,User5393,user5393@example.com,27,47111
5394,User5394,user5394@example.com,69,78302
5395,User5395,user5395@example.com,41,30273
5396,User5396,user5396@example.com,20,67619
5397,User5397,user5397@example.com,35,31899
5398,User5398,user5398@example.com,59,44538
5399,User5399,user5399@example.com,64,61448
5400,User5400,user5400@example.com,50,57848
5401,User5401,user5401@example.com,23,37911
5402,User5402,user5402@example.com,22,50610
5403,User5403,user5403@example.com,44,80753
5404,User5404,user5404@example.com,66,71837
5405,User5405,user5405@example.com,41,76221
5406,User5406,user5406@example.com,65,38598
5407,User5407,user5407@example.com,55,70143
5408,User5408,user5408@example.com,60,88299
5409,User5409,user5409@example.com,39,96097
5410,User5410,user5410@example.com,56,41853
5411,User5411,user5411@example.com,31,47310
5412,User5412,user5412@example.com,38,31167
5413,User5413,user5413@example.com,31,73564
5414,User5414,user5414@example.com,31,35062
5415,User5415,user5415@example.com,31,99758
5416,User5416,user5416@example.com,49,77288
5417,User5417,user5417@example.com,46,78566
5418,User5418,user5418@example.com,30,88510
5419,User5419,user5419@example.com,23,33785
5420,User5420,user5420@example.com,48,59323
5421,User5421,user5421@example.com,59,30953
5422,User5422,user5422@example.com,43,78683
5423,User5423,user5423@example.com,33,55030
5424,User5424,user5424@example.com,43,47905
5425,User5425,user5425@example.com,45,76702
5426,User5426,user5426@example.com,55,40779
5427,User5427,user5427@example.com,61,78752
5428,User5428,user5428@example.com,41,35830
5429,User5429,user5429@example.com,33,41400
5430,User5430,user5430@example.com,66,92402
5431,User5431,user5431@example.com,43,41674
5432,User5432,user5432@example.com,48,67270
5433,User5433,user5433@example.com,30,67473
5434,User5434,user5434@example.com,47,39089
5435,User5435,user5435@example.com,27,71116
5436,User5436,user5436@example.com,55,70514
5437,User5437,user5437@example.com,67,68513
5438,User5438,user5438@example.com,57,78574
5439,User5439,user5439@example.com,59,32133
5440,User5440,user5440@example.com,27,83364
5441,User5441,user5441@example.com,45,47695
5442,User5442,user5442@example.com,28,91138
5443,User5443,user5443@example.com,27,55477
5444,User5444,user5444@example.com,33,82626
5445,User5445,user5445@example.com,42,43004
5446,User5446,user5446@example.com,43,30812
5447,User5447,user5447@example.com,35,99632
5448,User5448,user5448@example.com,60,76204
5449,User5449,user5449@example.com,59,49201
5450,User5450,user5450@example.com,61,63145
5451,User5451,user5451@example.com,68,55495
5452,User5452,user5452@example.com,26,57123
5453,User5453,user5453@example.com,27,44850
5454,User5454,user5454@example.com,30,83279
5455,User5455,user5455@example.com,43,67976
5456,User5456,user5456@example.com,62,89948
5457,User5457,user5457@example.com,30,42628
5458,User5458,user5458@example.com,29,86741
5459,User5459,user5459@example.com,55,72855
5460,User5460,user5460@example.com,64,51538
5461,User5461,user5461@example.com,58,74643
5462,User5462,user5462@example.com,46,60308
5463,User5463,user5463@example.com,43,70623
5464,User5464,user5464@example.com,37,48818
5465,User5465,user5465@example.com,56,89927
5466,User5466,user5466@example.com,33,48264
5467,User5467,user5467@example.com,63,55884
5468,User5468,user5468@example.com,51,36333
5469,User5469,user5469@example.com,49,91132
5470,User5470,user5470@example.com,48,62245
5471,User5471,user5471@example.com,60,97155
5472,User5472,user5472@example.com,67,67792
5473,User5473,user5473@example.com,68,48640
5474,User5474,user5474@example.com,68,79713
5475,User5475,user5475@example.com,36,41180
5476,User5476,user5476@example.com,63,83825
5477,User5477,user5477@example.com,23,50571
5478,User5478,user5478@example.com,54,41850
5479,User5479,user5479@example.com,27,75541
5480,User5480,user5480@example.com,46,37290
5481,User5481,user5481@example.com,48,59858
5482,User5482,user5482@example.com,20,79979
5483,User5483,user5483@example.com,33,45643
5484,User5484,user5484@example.com,61,89364
5485,User5485,user5485@example.com,35,31622
5486,User5486,user5486@example.com,22,85324
5487,User5487,user5487@example.com,60,70600
5488,User5488,user5488@example.com,50,94204
5489,User5489,user5489@example.com,21,85964
5490,User5490,user5490@example.com,63,37033
5491,User5491,user5491@example.com,42,77176
5492,User5492,user5492@example.com,39,74933
5493,User5493,user5493@example.com,39,46031
5494,User5494,user5494@example.com,60,58562
5495,User5495,user5495@example.com,54,45671
5496,User5496,user5496@example.com,26,94457
5497,User5497,user5497@example.com,26,84525
5498,User5498,user5498@example.com,20,77300
5499,User5499,user5499@example.com,65,86745
5500,User5500,user5500@example.com,33,90979
5501,User5501,user5501@example.com,45,91250
5502,User5502,user5502@example.com,53,72606
5503,User5503,user5503@example.com,52,72044
5504,User5504,user5504@example.com,54,91100
5505,User5505,user5505@example.com,39,44661
5506,User5506,user5506@example.com,32,90430
5507,User5507,user5507@example.com,49,82899
5508,User5508,user5508@example.com,48,79665
5509,User5509,user5509@example.com,59,67439
5510,User5510,user5510@example.com,20,53787
5511,User5511,user5511@example.com,46,66662
5512,User5512,user5512@example.com,54,94956
5513,User5513,user5513@example.com,58,38181
5514,User5514,user5514@example.com,62,32006
5515,User5515,user5515@example.com,42,31341
5516,User5516,user5516@example.com,49,61349
5517,User5517,user5517@example.com,43,47103
5518,User5518,user5518@example.com,45,97347
5519,User5519,user5519@example.com,38,33182
5520,User5520,user5520@example.com,63,99760
5521,User5521,user5521@example.com,44,73751
5522,User5522,user5522@example.com,26,38944
5523,User5523,user5523@example.com,67,81184
5524,User5524,user5524@example.com,69,96097
5525,User5525,user5525@example.com,24,31828
5526,User5526,user5526@example.com,32,53793
5527,User5527,user5527@example.com,55,84757
5528,User5528,user5528@example.com,28,40692
5529,User5529,user5529@example.com,39,59490
5530,User5530,user5530@example.com,64,69263
5531,User5531,user5531@example.com,29,62750
5532,User5532,user5532@example.com,63,81226
5533,User5533,user5533@example.com,45,54907
5534,User5534,user5534@example.com,31,68966
5535,User5535,user5535@example.com,36,32143
5536,User5536,user5536@example.com,21,86917
5537,User5537,user5537@example.com,46,53889
5538,User5538,user5538@example.com,23,95825
5539,User5539,user5539@example.com,33,95804
5540,User5540,user5540@example.com,66,35055
5541,User5541,user5541@example.com,40,56356
5542,User5542,user5542@example.com,34,57275
5543,User5543,user5543@example.com,46,50966
5544,User5544,user5544@example.com,32,98883
5545,User5545,user5545@example.com,23,82188
5546,User5546,user5546@example.com,62,97613
5547,User5547,user5547@example.com,31,52604
5548,User5548,user5548@example.com,26,99929
5549,User5549,user5549@example.com,51,90502
5550,User5550,user5550@example.com,65,97374
5551,User5551,user5551@example.com,64,45178
5552,User5552,user5552@example.com,69,58580
5553,User5553,user5553@example.com,34,69867
5554,User5554,user5554@example.com,55,81700
5555,User5555,user5555@example.com,22,57919
5556,User5556,user5556@example.com,43,86799
5557,User5557,user5557@example.com,48,69858
5558,User5558,user5558@example.com,26,84799
5559,User5559,user5559@example.com,20,80101
5560,User5560,user5560@example.com,44,66265
5561,User5561,user5561@example.com,50,30518
5562,User5562,user5562@example.com,51,66685
5563,User5563,user5563@example.com,32,52007
5564,User5564,user5564@example.com,25,65212
5565,User5565,user5565@example.com,69,85498
5566,User5566,user5566@example.com,50,45941
5567,User5567,user5567@example.com,61,50922
5568,User5568,user5568@example.com,66,39872
5569,User5569,user5569@example.com,64,39686
5570,User5570,user5570@example.com,60,84021
5571,User5571,user5571@example.com,69,36977
5572,User5572,user5572@example.com,32,41795
5573,User5573,user5573@example.com,22,32110
5574,User5574,user5574@example.com,37,59818
5575,User5575,user5575@example.com,50,48222
5576,User5576,user5576@example.com,42,98034
5577,User5577,user5577@example.com,58,77947
5578,User5578,user5578@example.com,54,53840
5579,User5579,user5579@example.com,56,73162
5580,User5580,user5580@example.com,33,41411
5581,User5581,user5581@example.com,54,56174
5582,User5582,user5582@example.com,26,80049
5583,User5583,user5583@example.com,47,62589
5584,User5584,user5584@example.com,61,90236
5585,User5585,user5585@example.com,53,59721
5586,User5586,user5586@example.com,38,51128
5587,User5587,user5587@example.com,51,51633
5588,User5588,user5588@example.com,49,49557
5589,User5589,user5589@example.com,64,59486
5590,User5590,user5590@example.com,69,66641
5591,User5591,user5591@example.com,53,66659
5592,User5592,user5592@example.com,27,61828
5593,User5593,user5593@example.com,62,80926
5594,User5594,user5594@example.com,61,58783
5595,User5595,user5595@example.com,58,75586
5596,User5596,user5596@example.com,69,65428
5597,User5597,user5597@example.com,57,77081
5598,User5598,user5598@example.com,34,73684
5599,User5599,user5599@example.com,22,36761
5600,User5600,user5600@example.com,45,48942
5601,User5601,user5601@example.com,31,38329
5602,User5602,user5602@example.com,69,65972
5603,User5603,user5603@example.com,69,98238
5604,User5604,user5604@example.com,34,89567
5605,User5605,user5605@example.com,30,47343
5606,User5606,user5606@example.com,54,34146
5607,User5607,user5607@example.com,49,42382
5608,User5608,user5608@example.com,62,57132
5609,User5609,user5609@example.com,57,70735
5610,User5610,user5610@example.com,46,94298
5611,User5611,user5611@example.com,36,69681
5612,User5612,user5612@example.com,65,45530
5613,User5613,user5613@example.com,61,41449
5614,User5614,user5614@example.com,35,77773
5615,User5615,user5615@example.com,50,86085
5616,User5616,user5616@example.com,21,85304
5617,User5617,user5617@example.com,42,46855
5618,User5618,user5618@example.com,25,46448
5619,User5619,user5619@example.com,38,88726
5620,User5620,user5620@example.com,27,40197
5621,User5621,user5621@example.com,42,64759
5622,User5622,user5622@example.com,24,36501
5623,User5623,user5623@example.com,46,95812
5624,User5624,user5624@example.com,25,50807
5625,User5625,user5625@example.com,67,83543
5626,User5626,user5626@example.com,47,32461
5627,User5627,user5627@example.com,60,34625
5628,User5628,user5628@example.com,34,33196
5629,User5629,user5629@example.com,65,53528
5630,User5630,user5630@example.com,52,97965
5631,User5631,user5631@example.com,55,90809
5632,User5632,user5632@example.com,32,34245
5633,User5633,user5633@example.com,21,84243
5634,User5634,user5634@example.com,25,73356
5635,User5635,user5635@example.com,61,37412
5636,User5636,user5636@example.com,51,73094
5637,User5637,user5637@example.com,46,63528
5638,User5638,user5638@example.com,63,72924
5639,User5639,user5639@example.com,25,69637
5640,User5640,user5640@example.com,41,30143
5641,User5641,user5641@example.com,25,58030
5642,User5642,user5642@example.com,69,66420
5643,User5643,user5643@example.com,52,44840
5644,User5644,user5644@example.com,28,91496
5645,User5645,user5645@example.com,22,35914
5646,User5646,user5646@example.com,53,88956
5647,User5647,user5647@example.com,43,49772
5648,User5648,user5648@example.com,20,62832
5649,User5649,user5649@example.com,68,59035
5650,User5650,user5650@example.com,47,37559
5651,User5651,user5651@example.com,48,61004
5652,User5652,user5652@example.com,60,64313
5653,User5653,user5653@example.com,60,54041
5654,User5654,user5654@example.com,33,92888
5655,User5655,user5655@example.com,58,39609
5656,User5656,user5656@example.com,49,79009
5657,User5657,user5657@example.com,36,56568
5658,User5658,user5658@example.com,50,76762
5659,User5659,user5659@example.com,30,80086
5660,User5660,user5660@example.com,33,91113
5661,User5661,user5661@example.com,41,86456
5662,User5662,user5662@example.com,59,30124
5663,User5663,user5663@example.com,42,61109
5664,User5664,user5664@example.com,26,84585
5665,User5665,user5665@example.com,45,73236
5666,User5666,user5666@example.com,33,66905
5667,User5667,user5667@example.com,67,45937
5668,User5668,user5668@example.com,22,65217
5669,User5669,user5669@example.com,45,80101
5670,User5670,user5670@example.com,46,53123
5671,User5671,user5671@example.com,62,77559
5672,User5672,user5672@example.com,25,46003
5673,User5673,user5673@example.com,66,35440
5674,User5674,user5674@example.com,62,60218
5675,User5675,user5675@example.com,20,65204
5676,User5676,user5676@example.com,59,57148
5677,User5677,user5677@example.com,45,91144
5678,User5678,user5678@example.com,48,95746
5679,User5679,user5679@example.com,47,41782
5680,User5680,user5680@example.com,38,38519
5681,User5681,user5681@example.com,33,57647
5682,User5682,user5682@example.com,45,97580
5683,User5683,user5683@example.com,21,67036
5684,User5684,user5684@example.com,24,78951
5685,User5685,user5685@example.com,44,52825
5686,User5686,user5686@example.com,62,57559
5687,User5687,user5687@example.com,59,67187
5688,User5688,user5688@example.com,67,78615
5689,User5689,user5689@example.com,39,83514
5690,User5690,user5690@example.com,54,66242
5691,User5691,user5691@example.com,29,94558
5692,User5692,user5692@example.com,31,56862
5693,User5693,user5693@example.com,20,68401
5694,User5694,user5694@example.com,30,52384
5695,User5695,user5695@example.com,66,85657
5696,User5696,user5696@example.com,54,83539
5697,User5697,user5697@example.com,64,90788
5698,User5698,user5698@example.com,56,74124
5699,User5699,user5699@example.com,43,68954
5700,User5700,user5700@example.com,67,81201
5701,User5701,user5701@example.com,44,71080
5702,User5702,user5702@example.com,39,95473
5703,User5703,user5703@example.com,30,44918
5704,User5704,user5704@example.com,66,57190
5705,User5705,user5705@example.com,24,31627
5706,User5706,user5706@example.com,60,97568
5707,User5707,user5707@example.com,59,89328
5708,User5708,user5708@example.com,58,42511
5709,User5709,user5709@example.com,62,47537
5710,User5710,user5710@example.com,48,69246
5711,User5711,user5711@example.com,38,88511
5712,User5712,user5712@example.com,31,59075
5713,User5713,user5713@example.com,37,60804
5714,User5714,user5714@example.com,29,82751
5715,User5715,user5715@example.com,33,87404
5716,User5716,user5716@example.com,48,96283
5717,User5717,user5717@example.com,27,73394
5718,User5718,user5718@example.com,49,75341
5719,User5719,user5719@example.com,61,54931
5720,User5720,user5720@example.com,36,61766
5721,User5721,user5721@example.com,46,61455
5722,User5722,user5722@example.com,67,97074
5723,User5723,user5723@example.com,24,86676
5724,User5724,user5724@example.com,29,61394
5725,User5725,user5725@example.com,25,80439
5726,User5726,user5726@example.com,52,92012
5727,User5727,user5727@example.com,21,83412
5728,User5728,user5728@example.com,44,51059
5729,User5729,user5729@example.com,57,79923
5730,User5730,user5730@example.com,51,50723
5731,User5731,user5731@example.com,50,86257
5732,User5732,user5732@example.com,49,97615
5733,User5733,user5733@example.com,64,55521
5734,User5734,user5734@example.com,31,87569
5735,User5735,user5735@example.com,50,54707
5736,User5736,user5736@example.com,23,85387
5737,User5737,user5737@example.com,58,42270
5738,User5738,user5738@example.com,48,66268
5739,User5739,user5739@example.com,37,62553
5740,User5740,user5740@example.com,56,81008
5741,User5741,user5741@example.com,65,87835
5742,User5742,user5742@example.com,46,47682
5743,User5743,user5743@example.com,66,50558
5744,User5744,user5744@example.com,45,70112
5745,User5745,user5745@example.com,64,48529
5746,User5746,user5746@example.com,25,80783
5747,User5747,user5747@example.com,65,76445
5748,User5748,user5748@example.com,22,51808
5749,User5749,user5749@example.com,34,73753
5750,User5750,user5750@example.com,52,46041
5751,User5751,user5751@example.com,20,99570
5752,User5752,user5752@example.com,39,72401
5753,User5753,user5753@example.com,62,38872
5754,User5754,user5754@example.com,40,73322
5755,User5755,user5755@example.com,34,98273
5756,User5756,user5756@example.com,31,33411
5757,User5757,user5757@example.com,33,34924
5758,User5758,user5758@example.com,36,53565
5759,User5759,user5759@example.com,34,53115
5760,User5760,user5760@example.com,22,90916
5761,User5761,user5761@example.com,28,38217
5762,User5762,user5762@example.com,41,99487
5763,User5763,user5763@example.com,23,84714
5764,User5764,user5764@example.com,58,82516
5765,User5765,user5765@example.com,42,74329
5766,User5766,user5766@example.com,32,66736
5767,User5767,user5767@example.com,22,82051
5768,User5768,user5768@example.com,57,38993
5769,User5769,user5769@example.com,66,36685
5770,User5770,user5770@example.com,38,41724
5771,User5771,user5771@example.com,44,45057
5772,User5772,user5772@example.com,59,69016
5773,User5773,user5773@example.com,62,71909
5774,User5774,user5774@example.com,69,57865
5775,User5775,user5775@example.com,26,95806
5776,User5776,user5776@example.com,44,84579
5777,User5777,user5777@example.com,57,74737
5778,User5778,user5778@example.com,62,43216
5779,User5779,user5779@example.com,39,49606
5780,User5780,user5780@example.com,47,69018
5781,User5781,user5781@example.com,49,64130
5782,User5782,user5782@example.com,36,66001
5783,User5783,user5783@example.com,43,76329
5784,User5784,user5784@example.com,59,62389
5785,User5785,user5785@example.com,36,38969
5786,User5786,user5786@example.com,27,58761
5787,User5787,user5787@example.com,64,78291
5788,User5788,user5788@example.com,65,39071
5789,User5789,user5789@example.com,26,69192
5790,User5790,user5790@example.com,61,94956
5791,User5791,user5791@example.com,21,73878
5792,User5792,user5792@example.com,21,48880
5793,User5793,user5793@example.com,51,37875
5794,User5794,user5794@example.com,46,76455
5795,User5795,user5795@example.com,69,95969
5796,User5796,user5796@example.com,21,61380
5797,User5797,user5797@example.com,59,64276
5798,User5798,user5798@example.com,24,71724
5799,User5799,user5799@example.com,28,67433
5800,User5800,user5800@example.com,47,49376
5801,User5801,user5801@example.com,61,87970
5802,User5802,user5802@example.com,31,63921
5803,User5803,user5803@example.com,57,50444
5804,User5804,user5804@example.com,46,83161
5805,User5805,user5805@example.com,46,53308
5806,User5806,user5806@example.com,29,47112
5807,User5807,user5807@example.com,69,88545
5808,User5808,user5808@example.com,61,37298
5809,User5809,user5809@example.com,65,86051
5810,User5810,user5810@example.com,26,78354
5811,User5811,user5811@example.com,22,53830
5812,User5812,user5812@example.com,69,93426
5813,User5813,user5813@example.com,40,73318
5814,User5814,user5814@example.com,36,31041
5815,User5815,user5815@example.com,50,39141
5816,User5816,user5816@example.com,24,71531
5817,User5817,user5817@example.com,43,70270
5818,User5818,user5818@example.com,29,56302
5819,User5819,user5819@example.com,33,38815
5820,User5820,user5820@example.com,55,78204
5821,User5821,user5821@example.com,47,67492
5822,User5822,user5822@example.com,43,79321
5823,User5823,user5823@example.com,67,72841
5824,User5824,user5824@example.com,41,79815
5825,User5825,user5825@example.com,46,91326
5826,User5826,user5826@example.com,30,45265
5827,User5827,user5827@example.com,28,59341
5828,User5828,user5828@example.com,42,37710
5829,User5829,user5829@example.com,39,40805
5830,User5830,user5830@example.com,50,50146
5831,User5831,user5831@example.com,48,90642
5832,User5832,user5832@example.com,57,42424
5833,User5833,user5833@example.com,55,46359
5834,User5834,user5834@example.com,38,94853
5835,User5835,user5835@example.com,26,46619
5836,User5836,user5836@example.com,67,38976
5837,User5837,user5837@example.com,29,53243
5838,User5838,user5838@example.com,36,38979
5839,User5839,user5839@example.com,33,55242
5840,User5840,user5840@example.com,26,90753
5841,User5841,user5841@example.com,25,60641
5842,User5842,user5842@example.com,28,68883
5843,User5843,user5843@example.com,69,40147
5844,User5844,user5844@example.com,27,65499
5845,User5845,user5845@example.com,29,75940
5846,User5846,user5846@example.com,46,77933
5847,User5847,user5847@example.com,47,49946
5848,User5848,user5848@example.com,68,84636
5849,User5849,user5849@example.com,67,77165
5850,User5850,user5850@example.com,53,36161
5851,User5851,user5851@example.com,24,45438
5852,User5852,user5852@example.com,58,81330
5853,User5853,user5853@example.com,29,72583
5854,User5854,user5854@example.com,54,75858
5855,User5855,user5855@example.com,60,66362
5856,User5856,user5856@example.com,64,90463
5857,User5857,user5857@example.com,37,50866
5858,User5858,user5858@example.com,46,59530
5859,User5859,user5859@example.com,49,85263
5860,User5860,user5860@example.com,59,38026
5861,User5861,user5861@example.com,57,78802
5862,User5862,user5862@example.com,27,69217
5863,User5863,user5863@example.com,49,92652
5864,User5864,user5864@example.com,60,88763
5865,User5865,user5865@example.com,42,62032
5866,User5866,user5866@example.com,32,88420
5867,User5867,user5867@example.com,24,71120
5868,User5868,user5868@example.com,34,97647
5869,User5869,user5869@example.com,46,75910
5870,User5870,user5870@example.com,23,56239
5871,User5871,user5871@example.com,39,56375
5872,User5872,user5872@example.com,62,30105
5873,User5873,user5873@example.com,51,64612
5874,User5874,user5874@example.com,66,69040
5875,User5875,user5875@example.com,57,81780
5876,User5876,user5876@example.com,63,52126
5877,User5877,user5877@example.com,28,83739
5878,User5878,user5878@example.com,28,70426
5879,User5879,user5879@example.com,54,45680
5880,User5880,user5880@example.com,40,91505
5881,User5881,user5881@example.com,35,49876
5882,User5882,user5882@example.com,67,71305
5883,User5883,user5883@example.com,63,61644
5884,User5884,user5884@example.com,32,82432
5885,User5885,user5885@example.com,25,44911
5886,User5886,user5886@example.com,54,74672
5887,User5887,user5887@example.com,37,82833
5888,User5888,user5888@example.com,60,60917
5889,User5889,user5889@example.com,53,45249
5890,User5890,user5890@example.com,21,91369
5891,User5891,user5891@example.com,67,46369
5892,User5892,user5892@example.com,68,92584
5893,User5893,user5893@example.com,29,48075
5894,User5894,user5894@example.com,31,71920
5895,User5895,user5895@example.com,64,91341
5896,User5896,user5896@example.com,32,33257
5897,User5897,user5897@example.com,63,90093
5898,User5898,user5898@example.com,21,56421
5899,User5899,user5899@example.com,59,41257
5900,User5900,user5900@example.com,34,95051
5901,User5901,user5901@example.com,54,63053
5902,User5902,user5902@example.com,65,48402
5903,User5903,user5903@example.com,46,90607
5904,User5904,user5904@example.com,66,93847
5905,User5905,user5905@example.com,67,82968
5906,User5906,user5906@example.com,64,73476
5907,User5907,user5907@example.com,26,51001
5908,User5908,user5908@example.com,40,99830
5909,User5909,user5909@example.com,50,35464
5910,User5910,user5910@example.com,58,55731
5911,User5911,user5911@example.com,37,37592
5912,User5912,user5912@example.com,20,57505
5913,User5913,user5913@example.com,20,55993
5914,User5914,user5914@example.com,35,78850
5915,User5915,user5915@example.com,65,68930
5916,User5916,user5916@example.com,28,31577
5917,User5917,user5917@example.com,41,37194
5918,User5918,user5918@example.com,43,34278
5919,User5919,user5919@example.com,55,47007
5920,User5920,user5920@example.com,58,85426
5921,User5921,user5921@example.com,40,88785
5922,User5922,user5922@example.com,22,49816
5923,User5923,user5923@example.com,65,42971
5924,User5924,user5924@example.com,66,85378
5925,User5925,user5925@example.com,60,89736
5926,User5926,user5926@example.com,55,44083
5927,User5927,user5927@example.com,60,63824
5928,User5928,user5928@example.com,58,79659
5929,User5929,user5929@example.com,22,69580
5930,User5930,user5930@example.com,55,81899
5931,User5931,user5931@example.com,68,46808
5932,User5932,user5932@example.com,67,76644
5933,User5933,user5933@example.com,24,95439
5934,User5934,user5934@example.com,33,55319
5935,User5935,user5935@example.com,24,31973
5936,User5936,user5936@example.com,25,90138
5937,User5937,user5937@example.com,52,46409
5938,User5938,user5938@example.com,35,85148
5939,User5939,user5939@example.com,22,82351
5940,User5940,user5940@example.com,41,98190
5941,User5941,user5941@example.com,55,59278
5942,User5942,user5942@example.com,43,92024
5943,User5943,user5943@example.com,44,63855
5944,User5944,user5944@example.com,45,86336
5945,User5945,user5945@example.com,25,48095
5946,User5946,user5946@example.com,33,81138
5947,User5947,user5947@example.com,39,41671
5948,User5948,user5948@example.com,64,70513
5949,User5949,user5949@example.com,57,68622
5950,User5950,user5950@example.com,32,79591
5951,User5951,user5951@example.com,69,69852
5952,User5952,user5952@example.com,50,85033
5953,User5953,user5953@example.com,29,32175
5954,User5954,user5954@example.com,52,67503
5955,User5955,user5955@example.com,44,50612
5956,User5956,user5956@example.com,66,99925
5957,User5957,user5957@example.com,33,38609
5958,User5958,user5958@example.com,42,88885
5959,User5959,user5959@example.com,56,52532
5960,User5960,user5960@example.com,22,75600
5961,User5961,user5961@example.com,32,60810
5962,User5962,user5962@example.com,59,39002
5963,User5963,user5963@example.com,39,79254
5964,User5964,user5964@example.com,29,40491
5965,User5965,user5965@example.com,47,74011
5966,User5966,user5966@example.com,50,33808
5967,User5967,user5967@example.com,32,91642
5968,User5968,user5968@example.com,47,59929
5969,User5969,user5969@example.com,63,36866
5970,User5970,user5970@example.com,51,68982
5971,User5971,user5971@example.com,63,81265
5972,User5972,user5972@example.com,59,98525
5973,User5973,user5973@example.com,31,35302
5974,User5974,user5974@example.com,37,81380
5975,User5975,user5975@example.com,28,32788
5976,User5976,user5976@example.com,68,79684
5977,User5977,user5977@example.com,52,60042
5978,User5978,user5978@example.com,64,95777
5979,User5979,user5979@example.com,69,86798
5980,User5980,user5980@example.com,44,74054
5981,User5981,user5981@example.com,45,78061
5982,User5982,user5982@example.com,48,32050
5983,User5983,user5983@example.com,69,32811
5984,User5984,user5984@example.com,34,79914
5985,User5985,user5985@example.com,42,60200
5986,User5986,user5986@example.com,43,53543
5987,User5987,user5987@example.com,60,91354
5988,User5988,user5988@example.com,48,95105
5989,User5989,user5989@example.com,56,75508
5990,User5990,user5990@example.com,52,31145
5991,User5991,user5991@example.com,28,52643
5992,User5992,user5992@example.com,34,84484
5993,User5993,user5993@example.com,34,75043
5994,User5994,user5994@example.com,26,78540
5995,User5995,user5995@example.com,23,48467
5996,User5996,user5996@example.com,25,51032
5997,User5997,user5997@example.com,21,43736
5998,User5998,user5998@example.com,31,77641
5999,User5999,user5999@example.com,67,56488
6000,User6000,user6000@example.com,60,64130
6001,User6001,user6001@example.com,20,59936
6002,User6002,user6002@example.com,48,37220
6003,User6003,user6003@example.com,44,39730
6004,User6004,user6004@example.com,57,48527
6005,User6005,user6005@example.com,30,39480
6006,User6006,user6006@example.com,52,35922
6007,User6007,user6007@example.com,69,68781
6008,User6008,user6008@example.com,22,59041
6009,User6009,user6009@example.com,57,35590
6010,User6010,user6010@example.com,56,35736
6011,User6011,user6011@example.com,22,99045
6012,User6012,user6012@example.com,62,60939
6013,User6013,user6013@example.com,38,94275
6014,User6014,user6014@example.com,66,48500
6015,User6015,user6015@example.com,39,83255
6016,User6016,user6016@example.com,47,68976
6017,User6017,user6017@example.com,47,71927
6018,User6018,user6018@example.com,61,94707
6019,User6019,user6019@example.com,49,74143
6020,User6020,user6020@example.com,65,41283
6021,User6021,user6021@example.com,49,67196
6022,User6022,user6022@example.com,36,65145
6023,User6023,user6023@example.com,52,47816
6024,User6024,user6024@example.com,29,65343
6025,User6025,user6025@example.com,51,55709
6026,User6026,user6026@example.com,23,88911
6027,User6027,user6027@example.com,50,50283
6028,User6028,user6028@example.com,62,81735
6029,User6029,user6029@example.com,57,87046
6030,User6030,user6030@example.com,59,95681
6031,User6031,user6031@example.com,54,50939
6032,User6032,user6032@example.com,22,98639
